Copyright 1986-2020 Xilinx, Inc. All Rights Reserved.
----------------------------------------------------------------------------------------------------------------------------------------------------------------------------------------------------------------------------
| Tool Version      : Vivado v.2020.1 (win64) Build 2902540 Wed May 27 19:54:49 MDT 2020
| Date              : Fri Sep 10 11:54:40 2021
| Host              : DESKTOP-DULBBU3 running 64-bit major release  (build 9200)
| Command           : report_timing_summary -max_paths 10 -file design_1_wrapper_timing_summary_routed.rpt -pb design_1_wrapper_timing_summary_routed.pb -rpx design_1_wrapper_timing_summary_routed.rpx -warn_on_violation
| Design            : design_1_wrapper
| Device            : xczu5ev-sfvc784
| Speed File        : -2  PRODUCTION 1.27 02-28-2020
| Temperature Grade : I
----------------------------------------------------------------------------------------------------------------------------------------------------------------------------------------------------------------------------

Timing Summary Report

------------------------------------------------------------------------------------------------
| Timer Settings
| --------------
------------------------------------------------------------------------------------------------

  Enable Multi Corner Analysis               :  Yes
  Enable Pessimism Removal                   :  Yes
  Pessimism Removal Resolution               :  Nearest Common Node
  Enable Input Delay Default Clock           :  No
  Enable Preset / Clear Arcs                 :  No
  Disable Flight Delays                      :  No
  Ignore I/O Paths                           :  No
  Timing Early Launch at Borrowing Latches   :  No
  Borrow Time for Max Delay Exceptions       :  Yes
  Merge Timing Exceptions                    :  Yes

  Corner  Analyze    Analyze    
  Name    Max Paths  Min Paths  
  ------  ---------  ---------  
  Slow    Yes        Yes        
  Fast    Yes        Yes        



check_timing report

Table of Contents
-----------------
1. checking no_clock (0)
2. checking constant_clock (0)
3. checking pulse_width_clock (0)
4. checking unconstrained_internal_endpoints (0)
5. checking no_input_delay (1)
6. checking no_output_delay (1)
7. checking multiple_clock (0)
8. checking generated_clocks (0)
9. checking loops (0)
10. checking partial_input_delay (0)
11. checking partial_output_delay (0)
12. checking latch_loops (0)

1. checking no_clock (0)
------------------------
 There are 0 register/latch pins with no clock.


2. checking constant_clock (0)
------------------------------
 There are 0 register/latch pins with constant_clock.


3. checking pulse_width_clock (0)
---------------------------------
 There are 0 register/latch pins which need pulse_width check


4. checking unconstrained_internal_endpoints (0)
------------------------------------------------
 There are 0 pins that are not constrained for maximum delay.

 There are 0 pins that are not constrained for maximum delay due to constant clock.


5. checking no_input_delay (1)
------------------------------
 There is 1 input port with no input delay specified. (HIGH)

 There are 0 input ports with no input delay but user has a false path constraint.


6. checking no_output_delay (1)
-------------------------------
 There is 1 port with no output delay specified. (HIGH)

 There are 0 ports with no output delay but user has a false path constraint

 There are 0 ports with no output delay but with a timing clock defined on it or propagating through it


7. checking multiple_clock (0)
------------------------------
 There are 0 register/latch pins with multiple clocks.


8. checking generated_clocks (0)
--------------------------------
 There are 0 generated clocks that are not connected to a clock source.


9. checking loops (0)
---------------------
 There are 0 combinational loops in the design.


10. checking partial_input_delay (0)
------------------------------------
 There are 0 input ports with partial input delay specified.


11. checking partial_output_delay (0)
-------------------------------------
 There are 0 ports with partial output delay specified.


12. checking latch_loops (0)
----------------------------
 There are 0 combinational latch loops in the design through latch input



------------------------------------------------------------------------------------------------
| Design Timing Summary
| ---------------------
------------------------------------------------------------------------------------------------

    WNS(ns)      TNS(ns)  TNS Failing Endpoints  TNS Total Endpoints      WHS(ns)      THS(ns)  THS Failing Endpoints  THS Total Endpoints     WPWS(ns)     TPWS(ns)  TPWS Failing Endpoints  TPWS Total Endpoints  
    -------      -------  ---------------------  -------------------      -------      -------  ---------------------  -------------------     --------     --------  ----------------------  --------------------  
      7.607        0.000                      0                 1247        0.027        0.000                      0                 1247        3.500        0.000                       0                   629  


All user specified timing constraints are met.


------------------------------------------------------------------------------------------------
| Clock Summary
| -------------
------------------------------------------------------------------------------------------------

Clock     Waveform(ns)         Period(ns)      Frequency(MHz)
-----     ------------         ----------      --------------
clk_pl_0  {0.000 5.000}        10.000          100.000         
clk_pl_1  {0.000 3.333}        6.666           150.015         


------------------------------------------------------------------------------------------------
| Intra Clock Table
| -----------------
------------------------------------------------------------------------------------------------

Clock             WNS(ns)      TNS(ns)  TNS Failing Endpoints  TNS Total Endpoints      WHS(ns)      THS(ns)  THS Failing Endpoints  THS Total Endpoints     WPWS(ns)     TPWS(ns)  TPWS Failing Endpoints  TPWS Total Endpoints  
-----             -------      -------  ---------------------  -------------------      -------      -------  ---------------------  -------------------     --------     --------  ----------------------  --------------------  
clk_pl_0            7.607        0.000                      0                 1247        0.027        0.000                      0                 1247        3.500        0.000                       0                   629  


------------------------------------------------------------------------------------------------
| Inter Clock Table
| -----------------
------------------------------------------------------------------------------------------------

From Clock    To Clock          WNS(ns)      TNS(ns)  TNS Failing Endpoints  TNS Total Endpoints      WHS(ns)      THS(ns)  THS Failing Endpoints  THS Total Endpoints  
----------    --------          -------      -------  ---------------------  -------------------      -------      -------  ---------------------  -------------------  


------------------------------------------------------------------------------------------------
| Other Path Groups Table
| -----------------------
------------------------------------------------------------------------------------------------

Path Group    From Clock    To Clock          WNS(ns)      TNS(ns)  TNS Failing Endpoints  TNS Total Endpoints      WHS(ns)      THS(ns)  THS Failing Endpoints  THS Total Endpoints  
----------    ----------    --------          -------      -------  ---------------------  -------------------      -------      -------  ---------------------  -------------------  


------------------------------------------------------------------------------------------------
| Timing Details
| --------------
------------------------------------------------------------------------------------------------


---------------------------------------------------------------------------------------------------
From Clock:  clk_pl_0
  To Clock:  clk_pl_0

Setup :            0  Failing Endpoints,  Worst Slack        7.607ns,  Total Violation        0.000ns
Hold  :            0  Failing Endpoints,  Worst Slack        0.027ns,  Total Violation        0.000ns
PW    :            0  Failing Endpoints,  Worst Slack        3.500ns,  Total Violation        0.000ns
---------------------------------------------------------------------------------------------------


Max Delay Paths
--------------------------------------------------------------------------------------
Slack (MET) :             7.607ns  (required time - arrival time)
  Source:                 design_1_i/ps8_0_axi_periph/s00_couplers/auto_pc/inst/gen_axilite.gen_b2s_conv.axilite_b2s/SI_REG/aw.aw_pipe/m_valid_i_reg/C
                            (rising edge-triggered cell FDRE clocked by clk_pl_0  {rise@0.000ns fall@5.000ns period=10.000ns})
  Destination:            design_1_i/ps8_0_axi_periph/s00_couplers/auto_pc/inst/gen_axilite.gen_b2s_conv.axilite_b2s/WR.aw_channel_0/cmd_translator_0/wrap_cmd_0/wrap_cnt_r_reg[2]/D
                            (rising edge-triggered cell FDRE clocked by clk_pl_0  {rise@0.000ns fall@5.000ns period=10.000ns})
  Path Group:             clk_pl_0
  Path Type:              Setup (Max at Slow Process Corner)
  Requirement:            10.000ns  (clk_pl_0 rise@10.000ns - clk_pl_0 rise@0.000ns)
  Data Path Delay:        2.163ns  (logic 0.365ns (16.875%)  route 1.798ns (83.125%))
  Logic Levels:           3  (LUT3=1 LUT6=2)
  Clock Path Skew:        -0.105ns (DCD - SCD + CPR)
    Destination Clock Delay (DCD):    1.716ns = ( 11.716 - 10.000 ) 
    Source Clock Delay      (SCD):    1.985ns
    Clock Pessimism Removal (CPR):    0.164ns
  Clock Uncertainty:      0.151ns  ((TSJ^2 + DJ^2)^1/2) / 2 + PE
    Total System Jitter     (TSJ):    0.071ns
    Discrete Jitter          (DJ):    0.293ns
    Phase Error              (PE):    0.000ns
  Clock Net Delay (Source):      1.786ns (routing 0.918ns, distribution 0.868ns)
  Clock Net Delay (Destination): 1.556ns (routing 0.828ns, distribution 0.728ns)

    Location             Delay type                Incr(ns)  Path(ns)    Netlist Resource(s)
  -------------------------------------------------------------------    -------------------
                         (clock clk_pl_0 rise edge)
                                                      0.000     0.000 r  
    PS8_X0Y0             PS8                          0.000     0.000 r  design_1_i/zynq_ultra_ps_e_0/inst/PS8_i/PLCLK[0]
                         net (fo=1, routed)           0.171     0.171    design_1_i/zynq_ultra_ps_e_0/inst/pl_clk_unbuffered[0]
    BUFG_PS_X0Y95        BUFG_PS (Prop_BUFG_PS_I_O)
                                                      0.028     0.199 r  design_1_i/zynq_ultra_ps_e_0/inst/buffer_pl_clk_0.PL_CLK_0_BUFG/O
    X0Y1 (CLOCK_ROOT)    net (fo=629, routed)         1.786     1.985    design_1_i/ps8_0_axi_periph/s00_couplers/auto_pc/inst/gen_axilite.gen_b2s_conv.axilite_b2s/SI_REG/aw.aw_pipe/aclk
    SLICE_X2Y97          FDRE                                         r  design_1_i/ps8_0_axi_periph/s00_couplers/auto_pc/inst/gen_axilite.gen_b2s_conv.axilite_b2s/SI_REG/aw.aw_pipe/m_valid_i_reg/C
  -------------------------------------------------------------------    -------------------
    SLICE_X2Y97          FDRE (Prop_HFF2_SLICEM_C_Q)
                                                      0.078     2.063 r  design_1_i/ps8_0_axi_periph/s00_couplers/auto_pc/inst/gen_axilite.gen_b2s_conv.axilite_b2s/SI_REG/aw.aw_pipe/m_valid_i_reg/Q
                         net (fo=16, routed)          0.359     2.422    design_1_i/ps8_0_axi_periph/s00_couplers/auto_pc/inst/gen_axilite.gen_b2s_conv.axilite_b2s/WR.aw_channel_0/aw_cmd_fsm_0/si_rs_awvalid
    SLICE_X5Y90          LUT3 (Prop_D5LUT_SLICEM_I1_O)
                                                      0.066     2.488 r  design_1_i/ps8_0_axi_periph/s00_couplers/auto_pc/inst/gen_axilite.gen_b2s_conv.axilite_b2s/WR.aw_channel_0/aw_cmd_fsm_0/wrap_boundary_axaddr_r[11]_i_1/O
                         net (fo=26, routed)          1.209     3.697    design_1_i/ps8_0_axi_periph/s00_couplers/auto_pc/inst/gen_axilite.gen_b2s_conv.axilite_b2s/SI_REG/aw.aw_pipe/wrap_second_len_r_reg[3]_0
    SLICE_X3Y90          LUT6 (Prop_F6LUT_SLICEL_I4_O)
                                                      0.123     3.820 r  design_1_i/ps8_0_axi_periph/s00_couplers/auto_pc/inst/gen_axilite.gen_b2s_conv.axilite_b2s/SI_REG/aw.aw_pipe/wrap_second_len_r[2]_i_1/O
                         net (fo=3, routed)           0.164     3.984    design_1_i/ps8_0_axi_periph/s00_couplers/auto_pc/inst/gen_axilite.gen_b2s_conv.axilite_b2s/SI_REG/aw.aw_pipe/D[0]
    SLICE_X4Y90          LUT6 (Prop_C6LUT_SLICEM_I0_O)
                                                      0.098     4.082 r  design_1_i/ps8_0_axi_periph/s00_couplers/auto_pc/inst/gen_axilite.gen_b2s_conv.axilite_b2s/SI_REG/aw.aw_pipe/wrap_cnt_r[2]_i_1/O
                         net (fo=1, routed)           0.066     4.148    design_1_i/ps8_0_axi_periph/s00_couplers/auto_pc/inst/gen_axilite.gen_b2s_conv.axilite_b2s/WR.aw_channel_0/cmd_translator_0/wrap_cmd_0/wrap_cnt_r_reg[3]_0[1]
    SLICE_X4Y90          FDRE                                         r  design_1_i/ps8_0_axi_periph/s00_couplers/auto_pc/inst/gen_axilite.gen_b2s_conv.axilite_b2s/WR.aw_channel_0/cmd_translator_0/wrap_cmd_0/wrap_cnt_r_reg[2]/D
  -------------------------------------------------------------------    -------------------

                         (clock clk_pl_0 rise edge)
                                                     10.000    10.000 r  
    PS8_X0Y0             PS8                          0.000    10.000 r  design_1_i/zynq_ultra_ps_e_0/inst/PS8_i/PLCLK[0]
                         net (fo=1, routed)           0.135    10.135    design_1_i/zynq_ultra_ps_e_0/inst/pl_clk_unbuffered[0]
    BUFG_PS_X0Y95        BUFG_PS (Prop_BUFG_PS_I_O)
                                                      0.025    10.160 r  design_1_i/zynq_ultra_ps_e_0/inst/buffer_pl_clk_0.PL_CLK_0_BUFG/O
    X0Y1 (CLOCK_ROOT)    net (fo=629, routed)         1.556    11.716    design_1_i/ps8_0_axi_periph/s00_couplers/auto_pc/inst/gen_axilite.gen_b2s_conv.axilite_b2s/WR.aw_channel_0/cmd_translator_0/wrap_cmd_0/aclk
    SLICE_X4Y90          FDRE                                         r  design_1_i/ps8_0_axi_periph/s00_couplers/auto_pc/inst/gen_axilite.gen_b2s_conv.axilite_b2s/WR.aw_channel_0/cmd_translator_0/wrap_cmd_0/wrap_cnt_r_reg[2]/C
                         clock pessimism              0.164    11.880    
                         clock uncertainty           -0.151    11.730    
    SLICE_X4Y90          FDRE (Setup_CFF_SLICEM_C_D)
                                                      0.025    11.755    design_1_i/ps8_0_axi_periph/s00_couplers/auto_pc/inst/gen_axilite.gen_b2s_conv.axilite_b2s/WR.aw_channel_0/cmd_translator_0/wrap_cmd_0/wrap_cnt_r_reg[2]
  -------------------------------------------------------------------
                         required time                         11.755    
                         arrival time                          -4.148    
  -------------------------------------------------------------------
                         slack                                  7.607    

Slack (MET) :             7.625ns  (required time - arrival time)
  Source:                 design_1_i/ps8_0_axi_periph/s00_couplers/auto_pc/inst/gen_axilite.gen_b2s_conv.axilite_b2s/SI_REG/aw.aw_pipe/m_valid_i_reg/C
                            (rising edge-triggered cell FDRE clocked by clk_pl_0  {rise@0.000ns fall@5.000ns period=10.000ns})
  Destination:            design_1_i/ps8_0_axi_periph/s00_couplers/auto_pc/inst/gen_axilite.gen_b2s_conv.axilite_b2s/WR.aw_channel_0/cmd_translator_0/wrap_cmd_0/wrap_cnt_r_reg[3]/D
                            (rising edge-triggered cell FDRE clocked by clk_pl_0  {rise@0.000ns fall@5.000ns period=10.000ns})
  Path Group:             clk_pl_0
  Path Type:              Setup (Max at Slow Process Corner)
  Requirement:            10.000ns  (clk_pl_0 rise@10.000ns - clk_pl_0 rise@0.000ns)
  Data Path Delay:        2.145ns  (logic 0.356ns (16.597%)  route 1.789ns (83.403%))
  Logic Levels:           3  (LUT3=1 LUT4=1 LUT6=1)
  Clock Path Skew:        -0.105ns (DCD - SCD + CPR)
    Destination Clock Delay (DCD):    1.716ns = ( 11.716 - 10.000 ) 
    Source Clock Delay      (SCD):    1.985ns
    Clock Pessimism Removal (CPR):    0.164ns
  Clock Uncertainty:      0.151ns  ((TSJ^2 + DJ^2)^1/2) / 2 + PE
    Total System Jitter     (TSJ):    0.071ns
    Discrete Jitter          (DJ):    0.293ns
    Phase Error              (PE):    0.000ns
  Clock Net Delay (Source):      1.786ns (routing 0.918ns, distribution 0.868ns)
  Clock Net Delay (Destination): 1.556ns (routing 0.828ns, distribution 0.728ns)

    Location             Delay type                Incr(ns)  Path(ns)    Netlist Resource(s)
  -------------------------------------------------------------------    -------------------
                         (clock clk_pl_0 rise edge)
                                                      0.000     0.000 r  
    PS8_X0Y0             PS8                          0.000     0.000 r  design_1_i/zynq_ultra_ps_e_0/inst/PS8_i/PLCLK[0]
                         net (fo=1, routed)           0.171     0.171    design_1_i/zynq_ultra_ps_e_0/inst/pl_clk_unbuffered[0]
    BUFG_PS_X0Y95        BUFG_PS (Prop_BUFG_PS_I_O)
                                                      0.028     0.199 r  design_1_i/zynq_ultra_ps_e_0/inst/buffer_pl_clk_0.PL_CLK_0_BUFG/O
    X0Y1 (CLOCK_ROOT)    net (fo=629, routed)         1.786     1.985    design_1_i/ps8_0_axi_periph/s00_couplers/auto_pc/inst/gen_axilite.gen_b2s_conv.axilite_b2s/SI_REG/aw.aw_pipe/aclk
    SLICE_X2Y97          FDRE                                         r  design_1_i/ps8_0_axi_periph/s00_couplers/auto_pc/inst/gen_axilite.gen_b2s_conv.axilite_b2s/SI_REG/aw.aw_pipe/m_valid_i_reg/C
  -------------------------------------------------------------------    -------------------
    SLICE_X2Y97          FDRE (Prop_HFF2_SLICEM_C_Q)
                                                      0.078     2.063 r  design_1_i/ps8_0_axi_periph/s00_couplers/auto_pc/inst/gen_axilite.gen_b2s_conv.axilite_b2s/SI_REG/aw.aw_pipe/m_valid_i_reg/Q
                         net (fo=16, routed)          0.359     2.422    design_1_i/ps8_0_axi_periph/s00_couplers/auto_pc/inst/gen_axilite.gen_b2s_conv.axilite_b2s/WR.aw_channel_0/aw_cmd_fsm_0/si_rs_awvalid
    SLICE_X5Y90          LUT3 (Prop_D5LUT_SLICEM_I1_O)
                                                      0.066     2.488 r  design_1_i/ps8_0_axi_periph/s00_couplers/auto_pc/inst/gen_axilite.gen_b2s_conv.axilite_b2s/WR.aw_channel_0/aw_cmd_fsm_0/wrap_boundary_axaddr_r[11]_i_1/O
                         net (fo=26, routed)          1.209     3.697    design_1_i/ps8_0_axi_periph/s00_couplers/auto_pc/inst/gen_axilite.gen_b2s_conv.axilite_b2s/SI_REG/aw.aw_pipe/wrap_second_len_r_reg[3]_0
    SLICE_X3Y90          LUT6 (Prop_F6LUT_SLICEL_I4_O)
                                                      0.123     3.820 r  design_1_i/ps8_0_axi_periph/s00_couplers/auto_pc/inst/gen_axilite.gen_b2s_conv.axilite_b2s/SI_REG/aw.aw_pipe/wrap_second_len_r[2]_i_1/O
                         net (fo=3, routed)           0.162     3.982    design_1_i/ps8_0_axi_periph/s00_couplers/auto_pc/inst/gen_axilite.gen_b2s_conv.axilite_b2s/SI_REG/aw.aw_pipe/D[0]
    SLICE_X4Y90          LUT4 (Prop_B6LUT_SLICEM_I3_O)
                                                      0.089     4.071 r  design_1_i/ps8_0_axi_periph/s00_couplers/auto_pc/inst/gen_axilite.gen_b2s_conv.axilite_b2s/SI_REG/aw.aw_pipe/wrap_cnt_r[3]_i_1/O
                         net (fo=1, routed)           0.059     4.130    design_1_i/ps8_0_axi_periph/s00_couplers/auto_pc/inst/gen_axilite.gen_b2s_conv.axilite_b2s/WR.aw_channel_0/cmd_translator_0/wrap_cmd_0/wrap_cnt_r_reg[3]_0[2]
    SLICE_X4Y90          FDRE                                         r  design_1_i/ps8_0_axi_periph/s00_couplers/auto_pc/inst/gen_axilite.gen_b2s_conv.axilite_b2s/WR.aw_channel_0/cmd_translator_0/wrap_cmd_0/wrap_cnt_r_reg[3]/D
  -------------------------------------------------------------------    -------------------

                         (clock clk_pl_0 rise edge)
                                                     10.000    10.000 r  
    PS8_X0Y0             PS8                          0.000    10.000 r  design_1_i/zynq_ultra_ps_e_0/inst/PS8_i/PLCLK[0]
                         net (fo=1, routed)           0.135    10.135    design_1_i/zynq_ultra_ps_e_0/inst/pl_clk_unbuffered[0]
    BUFG_PS_X0Y95        BUFG_PS (Prop_BUFG_PS_I_O)
                                                      0.025    10.160 r  design_1_i/zynq_ultra_ps_e_0/inst/buffer_pl_clk_0.PL_CLK_0_BUFG/O
    X0Y1 (CLOCK_ROOT)    net (fo=629, routed)         1.556    11.716    design_1_i/ps8_0_axi_periph/s00_couplers/auto_pc/inst/gen_axilite.gen_b2s_conv.axilite_b2s/WR.aw_channel_0/cmd_translator_0/wrap_cmd_0/aclk
    SLICE_X4Y90          FDRE                                         r  design_1_i/ps8_0_axi_periph/s00_couplers/auto_pc/inst/gen_axilite.gen_b2s_conv.axilite_b2s/WR.aw_channel_0/cmd_translator_0/wrap_cmd_0/wrap_cnt_r_reg[3]/C
                         clock pessimism              0.164    11.880    
                         clock uncertainty           -0.151    11.730    
    SLICE_X4Y90          FDRE (Setup_BFF_SLICEM_C_D)
                                                      0.025    11.755    design_1_i/ps8_0_axi_periph/s00_couplers/auto_pc/inst/gen_axilite.gen_b2s_conv.axilite_b2s/WR.aw_channel_0/cmd_translator_0/wrap_cmd_0/wrap_cnt_r_reg[3]
  -------------------------------------------------------------------
                         required time                         11.755    
                         arrival time                          -4.130    
  -------------------------------------------------------------------
                         slack                                  7.625    

Slack (MET) :             7.820ns  (required time - arrival time)
  Source:                 design_1_i/ps8_0_axi_periph/s00_couplers/auto_pc/inst/gen_axilite.gen_b2s_conv.axilite_b2s/SI_REG/aw.aw_pipe/m_valid_i_reg/C
                            (rising edge-triggered cell FDRE clocked by clk_pl_0  {rise@0.000ns fall@5.000ns period=10.000ns})
  Destination:            design_1_i/ps8_0_axi_periph/s00_couplers/auto_pc/inst/gen_axilite.gen_b2s_conv.axilite_b2s/WR.aw_channel_0/cmd_translator_0/wrap_cmd_0/wrap_second_len_r_reg[3]/D
                            (rising edge-triggered cell FDRE clocked by clk_pl_0  {rise@0.000ns fall@5.000ns period=10.000ns})
  Path Group:             clk_pl_0
  Path Type:              Setup (Max at Slow Process Corner)
  Requirement:            10.000ns  (clk_pl_0 rise@10.000ns - clk_pl_0 rise@0.000ns)
  Data Path Delay:        2.009ns  (logic 0.195ns (9.706%)  route 1.814ns (90.294%))
  Logic Levels:           2  (LUT3=1 LUT6=1)
  Clock Path Skew:        -0.045ns (DCD - SCD + CPR)
    Destination Clock Delay (DCD):    1.724ns = ( 11.724 - 10.000 ) 
    Source Clock Delay      (SCD):    1.985ns
    Clock Pessimism Removal (CPR):    0.216ns
  Clock Uncertainty:      0.151ns  ((TSJ^2 + DJ^2)^1/2) / 2 + PE
    Total System Jitter     (TSJ):    0.071ns
    Discrete Jitter          (DJ):    0.293ns
    Phase Error              (PE):    0.000ns
  Clock Net Delay (Source):      1.786ns (routing 0.918ns, distribution 0.868ns)
  Clock Net Delay (Destination): 1.564ns (routing 0.828ns, distribution 0.736ns)

    Location             Delay type                Incr(ns)  Path(ns)    Netlist Resource(s)
  -------------------------------------------------------------------    -------------------
                         (clock clk_pl_0 rise edge)
                                                      0.000     0.000 r  
    PS8_X0Y0             PS8                          0.000     0.000 r  design_1_i/zynq_ultra_ps_e_0/inst/PS8_i/PLCLK[0]
                         net (fo=1, routed)           0.171     0.171    design_1_i/zynq_ultra_ps_e_0/inst/pl_clk_unbuffered[0]
    BUFG_PS_X0Y95        BUFG_PS (Prop_BUFG_PS_I_O)
                                                      0.028     0.199 r  design_1_i/zynq_ultra_ps_e_0/inst/buffer_pl_clk_0.PL_CLK_0_BUFG/O
    X0Y1 (CLOCK_ROOT)    net (fo=629, routed)         1.786     1.985    design_1_i/ps8_0_axi_periph/s00_couplers/auto_pc/inst/gen_axilite.gen_b2s_conv.axilite_b2s/SI_REG/aw.aw_pipe/aclk
    SLICE_X2Y97          FDRE                                         r  design_1_i/ps8_0_axi_periph/s00_couplers/auto_pc/inst/gen_axilite.gen_b2s_conv.axilite_b2s/SI_REG/aw.aw_pipe/m_valid_i_reg/C
  -------------------------------------------------------------------    -------------------
    SLICE_X2Y97          FDRE (Prop_HFF2_SLICEM_C_Q)
                                                      0.078     2.063 f  design_1_i/ps8_0_axi_periph/s00_couplers/auto_pc/inst/gen_axilite.gen_b2s_conv.axilite_b2s/SI_REG/aw.aw_pipe/m_valid_i_reg/Q
                         net (fo=16, routed)          0.359     2.422    design_1_i/ps8_0_axi_periph/s00_couplers/auto_pc/inst/gen_axilite.gen_b2s_conv.axilite_b2s/WR.aw_channel_0/aw_cmd_fsm_0/si_rs_awvalid
    SLICE_X5Y90          LUT3 (Prop_D5LUT_SLICEM_I1_O)
                                                      0.066     2.488 f  design_1_i/ps8_0_axi_periph/s00_couplers/auto_pc/inst/gen_axilite.gen_b2s_conv.axilite_b2s/WR.aw_channel_0/aw_cmd_fsm_0/wrap_boundary_axaddr_r[11]_i_1/O
                         net (fo=26, routed)          1.148     3.636    design_1_i/ps8_0_axi_periph/s00_couplers/auto_pc/inst/gen_axilite.gen_b2s_conv.axilite_b2s/SI_REG/aw.aw_pipe/wrap_second_len_r_reg[3]_0
    SLICE_X3Y90          LUT6 (Prop_E6LUT_SLICEL_I4_O)
                                                      0.051     3.687 r  design_1_i/ps8_0_axi_periph/s00_couplers/auto_pc/inst/gen_axilite.gen_b2s_conv.axilite_b2s/SI_REG/aw.aw_pipe/wrap_second_len_r[3]_i_1/O
                         net (fo=2, routed)           0.307     3.994    design_1_i/ps8_0_axi_periph/s00_couplers/auto_pc/inst/gen_axilite.gen_b2s_conv.axilite_b2s/WR.aw_channel_0/cmd_translator_0/wrap_cmd_0/wrap_second_len_r_reg[3]_1[3]
    SLICE_X3Y90          FDRE                                         r  design_1_i/ps8_0_axi_periph/s00_couplers/auto_pc/inst/gen_axilite.gen_b2s_conv.axilite_b2s/WR.aw_channel_0/cmd_translator_0/wrap_cmd_0/wrap_second_len_r_reg[3]/D
  -------------------------------------------------------------------    -------------------

                         (clock clk_pl_0 rise edge)
                                                     10.000    10.000 r  
    PS8_X0Y0             PS8                          0.000    10.000 r  design_1_i/zynq_ultra_ps_e_0/inst/PS8_i/PLCLK[0]
                         net (fo=1, routed)           0.135    10.135    design_1_i/zynq_ultra_ps_e_0/inst/pl_clk_unbuffered[0]
    BUFG_PS_X0Y95        BUFG_PS (Prop_BUFG_PS_I_O)
                                                      0.025    10.160 r  design_1_i/zynq_ultra_ps_e_0/inst/buffer_pl_clk_0.PL_CLK_0_BUFG/O
    X0Y1 (CLOCK_ROOT)    net (fo=629, routed)         1.564    11.724    design_1_i/ps8_0_axi_periph/s00_couplers/auto_pc/inst/gen_axilite.gen_b2s_conv.axilite_b2s/WR.aw_channel_0/cmd_translator_0/wrap_cmd_0/aclk
    SLICE_X3Y90          FDRE                                         r  design_1_i/ps8_0_axi_periph/s00_couplers/auto_pc/inst/gen_axilite.gen_b2s_conv.axilite_b2s/WR.aw_channel_0/cmd_translator_0/wrap_cmd_0/wrap_second_len_r_reg[3]/C
                         clock pessimism              0.216    11.940    
                         clock uncertainty           -0.151    11.789    
    SLICE_X3Y90          FDRE (Setup_FFF2_SLICEL_C_D)
                                                      0.025    11.814    design_1_i/ps8_0_axi_periph/s00_couplers/auto_pc/inst/gen_axilite.gen_b2s_conv.axilite_b2s/WR.aw_channel_0/cmd_translator_0/wrap_cmd_0/wrap_second_len_r_reg[3]
  -------------------------------------------------------------------
                         required time                         11.814    
                         arrival time                          -3.994    
  -------------------------------------------------------------------
                         slack                                  7.820    

Slack (MET) :             7.827ns  (required time - arrival time)
  Source:                 design_1_i/ps8_0_axi_periph/s00_couplers/auto_pc/inst/gen_axilite.gen_b2s_conv.axilite_b2s/SI_REG/aw.aw_pipe/m_valid_i_reg/C
                            (rising edge-triggered cell FDRE clocked by clk_pl_0  {rise@0.000ns fall@5.000ns period=10.000ns})
  Destination:            design_1_i/ps8_0_axi_periph/s00_couplers/auto_pc/inst/gen_axilite.gen_b2s_conv.axilite_b2s/WR.aw_channel_0/cmd_translator_0/wrap_cmd_0/wrap_cnt_r_reg[0]/D
                            (rising edge-triggered cell FDRE clocked by clk_pl_0  {rise@0.000ns fall@5.000ns period=10.000ns})
  Path Group:             clk_pl_0
  Path Type:              Setup (Max at Slow Process Corner)
  Requirement:            10.000ns  (clk_pl_0 rise@10.000ns - clk_pl_0 rise@0.000ns)
  Data Path Delay:        1.943ns  (logic 0.267ns (13.742%)  route 1.676ns (86.258%))
  Logic Levels:           3  (LUT3=1 LUT6=2)
  Clock Path Skew:        -0.105ns (DCD - SCD + CPR)
    Destination Clock Delay (DCD):    1.716ns = ( 11.716 - 10.000 ) 
    Source Clock Delay      (SCD):    1.985ns
    Clock Pessimism Removal (CPR):    0.164ns
  Clock Uncertainty:      0.151ns  ((TSJ^2 + DJ^2)^1/2) / 2 + PE
    Total System Jitter     (TSJ):    0.071ns
    Discrete Jitter          (DJ):    0.293ns
    Phase Error              (PE):    0.000ns
  Clock Net Delay (Source):      1.786ns (routing 0.918ns, distribution 0.868ns)
  Clock Net Delay (Destination): 1.556ns (routing 0.828ns, distribution 0.728ns)

    Location             Delay type                Incr(ns)  Path(ns)    Netlist Resource(s)
  -------------------------------------------------------------------    -------------------
                         (clock clk_pl_0 rise edge)
                                                      0.000     0.000 r  
    PS8_X0Y0             PS8                          0.000     0.000 r  design_1_i/zynq_ultra_ps_e_0/inst/PS8_i/PLCLK[0]
                         net (fo=1, routed)           0.171     0.171    design_1_i/zynq_ultra_ps_e_0/inst/pl_clk_unbuffered[0]
    BUFG_PS_X0Y95        BUFG_PS (Prop_BUFG_PS_I_O)
                                                      0.028     0.199 r  design_1_i/zynq_ultra_ps_e_0/inst/buffer_pl_clk_0.PL_CLK_0_BUFG/O
    X0Y1 (CLOCK_ROOT)    net (fo=629, routed)         1.786     1.985    design_1_i/ps8_0_axi_periph/s00_couplers/auto_pc/inst/gen_axilite.gen_b2s_conv.axilite_b2s/SI_REG/aw.aw_pipe/aclk
    SLICE_X2Y97          FDRE                                         r  design_1_i/ps8_0_axi_periph/s00_couplers/auto_pc/inst/gen_axilite.gen_b2s_conv.axilite_b2s/SI_REG/aw.aw_pipe/m_valid_i_reg/C
  -------------------------------------------------------------------    -------------------
    SLICE_X2Y97          FDRE (Prop_HFF2_SLICEM_C_Q)
                                                      0.078     2.063 r  design_1_i/ps8_0_axi_periph/s00_couplers/auto_pc/inst/gen_axilite.gen_b2s_conv.axilite_b2s/SI_REG/aw.aw_pipe/m_valid_i_reg/Q
                         net (fo=16, routed)          0.359     2.422    design_1_i/ps8_0_axi_periph/s00_couplers/auto_pc/inst/gen_axilite.gen_b2s_conv.axilite_b2s/WR.aw_channel_0/aw_cmd_fsm_0/si_rs_awvalid
    SLICE_X5Y90          LUT3 (Prop_D5LUT_SLICEM_I1_O)
                                                      0.066     2.488 r  design_1_i/ps8_0_axi_periph/s00_couplers/auto_pc/inst/gen_axilite.gen_b2s_conv.axilite_b2s/WR.aw_channel_0/aw_cmd_fsm_0/wrap_boundary_axaddr_r[11]_i_1/O
                         net (fo=26, routed)          1.148     3.636    design_1_i/ps8_0_axi_periph/s00_couplers/auto_pc/inst/gen_axilite.gen_b2s_conv.axilite_b2s/SI_REG/aw.aw_pipe/wrap_second_len_r_reg[3]_0
    SLICE_X3Y90          LUT6 (Prop_G6LUT_SLICEL_I4_O)
                                                      0.035     3.671 r  design_1_i/ps8_0_axi_periph/s00_couplers/auto_pc/inst/gen_axilite.gen_b2s_conv.axilite_b2s/SI_REG/aw.aw_pipe/wrap_cnt_r[2]_i_2/O
                         net (fo=3, routed)           0.097     3.768    design_1_i/ps8_0_axi_periph/s00_couplers/auto_pc/inst/gen_axilite.gen_b2s_conv.axilite_b2s/SI_REG/aw.aw_pipe/axaddr_offset_r_reg[3]
    SLICE_X4Y90          LUT6 (Prop_D6LUT_SLICEM_I0_O)
                                                      0.088     3.856 r  design_1_i/ps8_0_axi_periph/s00_couplers/auto_pc/inst/gen_axilite.gen_b2s_conv.axilite_b2s/SI_REG/aw.aw_pipe/wrap_cnt_r[0]_i_1/O
                         net (fo=1, routed)           0.072     3.928    design_1_i/ps8_0_axi_periph/s00_couplers/auto_pc/inst/gen_axilite.gen_b2s_conv.axilite_b2s/WR.aw_channel_0/cmd_translator_0/wrap_cmd_0/wrap_cnt_r_reg[3]_0[0]
    SLICE_X4Y90          FDRE                                         r  design_1_i/ps8_0_axi_periph/s00_couplers/auto_pc/inst/gen_axilite.gen_b2s_conv.axilite_b2s/WR.aw_channel_0/cmd_translator_0/wrap_cmd_0/wrap_cnt_r_reg[0]/D
  -------------------------------------------------------------------    -------------------

                         (clock clk_pl_0 rise edge)
                                                     10.000    10.000 r  
    PS8_X0Y0             PS8                          0.000    10.000 r  design_1_i/zynq_ultra_ps_e_0/inst/PS8_i/PLCLK[0]
                         net (fo=1, routed)           0.135    10.135    design_1_i/zynq_ultra_ps_e_0/inst/pl_clk_unbuffered[0]
    BUFG_PS_X0Y95        BUFG_PS (Prop_BUFG_PS_I_O)
                                                      0.025    10.160 r  design_1_i/zynq_ultra_ps_e_0/inst/buffer_pl_clk_0.PL_CLK_0_BUFG/O
    X0Y1 (CLOCK_ROOT)    net (fo=629, routed)         1.556    11.716    design_1_i/ps8_0_axi_periph/s00_couplers/auto_pc/inst/gen_axilite.gen_b2s_conv.axilite_b2s/WR.aw_channel_0/cmd_translator_0/wrap_cmd_0/aclk
    SLICE_X4Y90          FDRE                                         r  design_1_i/ps8_0_axi_periph/s00_couplers/auto_pc/inst/gen_axilite.gen_b2s_conv.axilite_b2s/WR.aw_channel_0/cmd_translator_0/wrap_cmd_0/wrap_cnt_r_reg[0]/C
                         clock pessimism              0.164    11.880    
                         clock uncertainty           -0.151    11.730    
    SLICE_X4Y90          FDRE (Setup_DFF_SLICEM_C_D)
                                                      0.025    11.755    design_1_i/ps8_0_axi_periph/s00_couplers/auto_pc/inst/gen_axilite.gen_b2s_conv.axilite_b2s/WR.aw_channel_0/cmd_translator_0/wrap_cmd_0/wrap_cnt_r_reg[0]
  -------------------------------------------------------------------
                         required time                         11.755    
                         arrival time                          -3.928    
  -------------------------------------------------------------------
                         slack                                  7.827    

Slack (MET) :             7.830ns  (required time - arrival time)
  Source:                 design_1_i/ps8_0_axi_periph/s00_couplers/auto_pc/inst/gen_axilite.gen_b2s_conv.axilite_b2s/SI_REG/aw.aw_pipe/m_valid_i_reg/C
                            (rising edge-triggered cell FDRE clocked by clk_pl_0  {rise@0.000ns fall@5.000ns period=10.000ns})
  Destination:            design_1_i/ps8_0_axi_periph/s00_couplers/auto_pc/inst/gen_axilite.gen_b2s_conv.axilite_b2s/WR.aw_channel_0/cmd_translator_0/wrap_cmd_0/wrap_cnt_r_reg[1]/D
                            (rising edge-triggered cell FDRE clocked by clk_pl_0  {rise@0.000ns fall@5.000ns period=10.000ns})
  Path Group:             clk_pl_0
  Path Type:              Setup (Max at Slow Process Corner)
  Requirement:            10.000ns  (clk_pl_0 rise@10.000ns - clk_pl_0 rise@0.000ns)
  Data Path Delay:        1.940ns  (logic 0.232ns (11.959%)  route 1.708ns (88.041%))
  Logic Levels:           3  (LUT3=1 LUT5=1 LUT6=1)
  Clock Path Skew:        -0.105ns (DCD - SCD + CPR)
    Destination Clock Delay (DCD):    1.716ns = ( 11.716 - 10.000 ) 
    Source Clock Delay      (SCD):    1.985ns
    Clock Pessimism Removal (CPR):    0.164ns
  Clock Uncertainty:      0.151ns  ((TSJ^2 + DJ^2)^1/2) / 2 + PE
    Total System Jitter     (TSJ):    0.071ns
    Discrete Jitter          (DJ):    0.293ns
    Phase Error              (PE):    0.000ns
  Clock Net Delay (Source):      1.786ns (routing 0.918ns, distribution 0.868ns)
  Clock Net Delay (Destination): 1.556ns (routing 0.828ns, distribution 0.728ns)

    Location             Delay type                Incr(ns)  Path(ns)    Netlist Resource(s)
  -------------------------------------------------------------------    -------------------
                         (clock clk_pl_0 rise edge)
                                                      0.000     0.000 r  
    PS8_X0Y0             PS8                          0.000     0.000 r  design_1_i/zynq_ultra_ps_e_0/inst/PS8_i/PLCLK[0]
                         net (fo=1, routed)           0.171     0.171    design_1_i/zynq_ultra_ps_e_0/inst/pl_clk_unbuffered[0]
    BUFG_PS_X0Y95        BUFG_PS (Prop_BUFG_PS_I_O)
                                                      0.028     0.199 r  design_1_i/zynq_ultra_ps_e_0/inst/buffer_pl_clk_0.PL_CLK_0_BUFG/O
    X0Y1 (CLOCK_ROOT)    net (fo=629, routed)         1.786     1.985    design_1_i/ps8_0_axi_periph/s00_couplers/auto_pc/inst/gen_axilite.gen_b2s_conv.axilite_b2s/SI_REG/aw.aw_pipe/aclk
    SLICE_X2Y97          FDRE                                         r  design_1_i/ps8_0_axi_periph/s00_couplers/auto_pc/inst/gen_axilite.gen_b2s_conv.axilite_b2s/SI_REG/aw.aw_pipe/m_valid_i_reg/C
  -------------------------------------------------------------------    -------------------
    SLICE_X2Y97          FDRE (Prop_HFF2_SLICEM_C_Q)
                                                      0.078     2.063 r  design_1_i/ps8_0_axi_periph/s00_couplers/auto_pc/inst/gen_axilite.gen_b2s_conv.axilite_b2s/SI_REG/aw.aw_pipe/m_valid_i_reg/Q
                         net (fo=16, routed)          0.359     2.422    design_1_i/ps8_0_axi_periph/s00_couplers/auto_pc/inst/gen_axilite.gen_b2s_conv.axilite_b2s/WR.aw_channel_0/aw_cmd_fsm_0/si_rs_awvalid
    SLICE_X5Y90          LUT3 (Prop_D5LUT_SLICEM_I1_O)
                                                      0.066     2.488 r  design_1_i/ps8_0_axi_periph/s00_couplers/auto_pc/inst/gen_axilite.gen_b2s_conv.axilite_b2s/WR.aw_channel_0/aw_cmd_fsm_0/wrap_boundary_axaddr_r[11]_i_1/O
                         net (fo=26, routed)          1.148     3.636    design_1_i/ps8_0_axi_periph/s00_couplers/auto_pc/inst/gen_axilite.gen_b2s_conv.axilite_b2s/SI_REG/aw.aw_pipe/wrap_second_len_r_reg[3]_0
    SLICE_X3Y90          LUT6 (Prop_G6LUT_SLICEL_I4_O)
                                                      0.035     3.671 r  design_1_i/ps8_0_axi_periph/s00_couplers/auto_pc/inst/gen_axilite.gen_b2s_conv.axilite_b2s/SI_REG/aw.aw_pipe/wrap_cnt_r[2]_i_2/O
                         net (fo=3, routed)           0.148     3.819    design_1_i/ps8_0_axi_periph/s00_couplers/auto_pc/inst/gen_axilite.gen_b2s_conv.axilite_b2s/WR.aw_channel_0/cmd_translator_0/wrap_cmd_0/wrap_cnt_r_reg[1]_0
    SLICE_X4Y90          LUT5 (Prop_A6LUT_SLICEM_I2_O)
                                                      0.053     3.872 r  design_1_i/ps8_0_axi_periph/s00_couplers/auto_pc/inst/gen_axilite.gen_b2s_conv.axilite_b2s/WR.aw_channel_0/cmd_translator_0/wrap_cmd_0/wrap_cnt_r[1]_i_1/O
                         net (fo=1, routed)           0.053     3.925    design_1_i/ps8_0_axi_periph/s00_couplers/auto_pc/inst/gen_axilite.gen_b2s_conv.axilite_b2s/WR.aw_channel_0/cmd_translator_0/wrap_cmd_0/wrap_cnt[1]
    SLICE_X4Y90          FDRE                                         r  design_1_i/ps8_0_axi_periph/s00_couplers/auto_pc/inst/gen_axilite.gen_b2s_conv.axilite_b2s/WR.aw_channel_0/cmd_translator_0/wrap_cmd_0/wrap_cnt_r_reg[1]/D
  -------------------------------------------------------------------    -------------------

                         (clock clk_pl_0 rise edge)
                                                     10.000    10.000 r  
    PS8_X0Y0             PS8                          0.000    10.000 r  design_1_i/zynq_ultra_ps_e_0/inst/PS8_i/PLCLK[0]
                         net (fo=1, routed)           0.135    10.135    design_1_i/zynq_ultra_ps_e_0/inst/pl_clk_unbuffered[0]
    BUFG_PS_X0Y95        BUFG_PS (Prop_BUFG_PS_I_O)
                                                      0.025    10.160 r  design_1_i/zynq_ultra_ps_e_0/inst/buffer_pl_clk_0.PL_CLK_0_BUFG/O
    X0Y1 (CLOCK_ROOT)    net (fo=629, routed)         1.556    11.716    design_1_i/ps8_0_axi_periph/s00_couplers/auto_pc/inst/gen_axilite.gen_b2s_conv.axilite_b2s/WR.aw_channel_0/cmd_translator_0/wrap_cmd_0/aclk
    SLICE_X4Y90          FDRE                                         r  design_1_i/ps8_0_axi_periph/s00_couplers/auto_pc/inst/gen_axilite.gen_b2s_conv.axilite_b2s/WR.aw_channel_0/cmd_translator_0/wrap_cmd_0/wrap_cnt_r_reg[1]/C
                         clock pessimism              0.164    11.880    
                         clock uncertainty           -0.151    11.730    
    SLICE_X4Y90          FDRE (Setup_AFF_SLICEM_C_D)
                                                      0.025    11.755    design_1_i/ps8_0_axi_periph/s00_couplers/auto_pc/inst/gen_axilite.gen_b2s_conv.axilite_b2s/WR.aw_channel_0/cmd_translator_0/wrap_cmd_0/wrap_cnt_r_reg[1]
  -------------------------------------------------------------------
                         required time                         11.755    
                         arrival time                          -3.925    
  -------------------------------------------------------------------
                         slack                                  7.830    

Slack (MET) :             7.855ns  (required time - arrival time)
  Source:                 design_1_i/ps8_0_axi_periph/s00_couplers/auto_pc/inst/gen_axilite.gen_b2s_conv.axilite_b2s/WR.b_channel_0/bid_fifo_0/cnt_read_reg[0]/C
                            (rising edge-triggered cell FDSE clocked by clk_pl_0  {rise@0.000ns fall@5.000ns period=10.000ns})
  Destination:            design_1_i/ps8_0_axi_periph/s00_couplers/auto_pc/inst/gen_axilite.gen_b2s_conv.axilite_b2s/WR.b_channel_0/bresp_cnt_reg[6]/R
                            (rising edge-triggered cell FDRE clocked by clk_pl_0  {rise@0.000ns fall@5.000ns period=10.000ns})
  Path Group:             clk_pl_0
  Path Type:              Setup (Max at Slow Process Corner)
  Requirement:            10.000ns  (clk_pl_0 rise@10.000ns - clk_pl_0 rise@0.000ns)
  Data Path Delay:        1.824ns  (logic 0.605ns (33.169%)  route 1.219ns (66.831%))
  Logic Levels:           4  (LUT4=2 LUT6=1 SRL16E=1)
  Clock Path Skew:        -0.097ns (DCD - SCD + CPR)
    Destination Clock Delay (DCD):    1.710ns = ( 11.710 - 10.000 ) 
    Source Clock Delay      (SCD):    1.971ns
    Clock Pessimism Removal (CPR):    0.164ns
  Clock Uncertainty:      0.151ns  ((TSJ^2 + DJ^2)^1/2) / 2 + PE
    Total System Jitter     (TSJ):    0.071ns
    Discrete Jitter          (DJ):    0.293ns
    Phase Error              (PE):    0.000ns
  Clock Net Delay (Source):      1.772ns (routing 0.918ns, distribution 0.854ns)
  Clock Net Delay (Destination): 1.550ns (routing 0.828ns, distribution 0.722ns)

    Location             Delay type                Incr(ns)  Path(ns)    Netlist Resource(s)
  -------------------------------------------------------------------    -------------------
                         (clock clk_pl_0 rise edge)
                                                      0.000     0.000 r  
    PS8_X0Y0             PS8                          0.000     0.000 r  design_1_i/zynq_ultra_ps_e_0/inst/PS8_i/PLCLK[0]
                         net (fo=1, routed)           0.171     0.171    design_1_i/zynq_ultra_ps_e_0/inst/pl_clk_unbuffered[0]
    BUFG_PS_X0Y95        BUFG_PS (Prop_BUFG_PS_I_O)
                                                      0.028     0.199 r  design_1_i/zynq_ultra_ps_e_0/inst/buffer_pl_clk_0.PL_CLK_0_BUFG/O
    X0Y1 (CLOCK_ROOT)    net (fo=629, routed)         1.772     1.971    design_1_i/ps8_0_axi_periph/s00_couplers/auto_pc/inst/gen_axilite.gen_b2s_conv.axilite_b2s/WR.b_channel_0/bid_fifo_0/aclk
    SLICE_X4Y94          FDSE                                         r  design_1_i/ps8_0_axi_periph/s00_couplers/auto_pc/inst/gen_axilite.gen_b2s_conv.axilite_b2s/WR.b_channel_0/bid_fifo_0/cnt_read_reg[0]/C
  -------------------------------------------------------------------    -------------------
    SLICE_X4Y94          FDSE (Prop_DFF_SLICEM_C_Q)
                                                      0.078     2.049 r  design_1_i/ps8_0_axi_periph/s00_couplers/auto_pc/inst/gen_axilite.gen_b2s_conv.axilite_b2s/WR.b_channel_0/bid_fifo_0/cnt_read_reg[0]/Q
                         net (fo=32, routed)          0.401     2.450    design_1_i/ps8_0_axi_periph/s00_couplers/auto_pc/inst/gen_axilite.gen_b2s_conv.axilite_b2s/WR.b_channel_0/bid_fifo_0/cnt_read_reg[1]_0[0]
    SLICE_X5Y91          SRL16E (Prop_E6LUT_SLICEM_A0_Q)
                                                      0.124     2.574 r  design_1_i/ps8_0_axi_periph/s00_couplers/auto_pc/inst/gen_axilite.gen_b2s_conv.axilite_b2s/WR.b_channel_0/bid_fifo_0/memory_reg[3][4]_srl4/Q
                         net (fo=2, routed)           0.095     2.669    design_1_i/ps8_0_axi_periph/s00_couplers/auto_pc/inst/gen_axilite.gen_b2s_conv.axilite_b2s/WR.b_channel_0/bid_fifo_0/memory_reg[3][4]_srl4_n_0
    SLICE_X6Y91          LUT4 (Prop_F6LUT_SLICEL_I0_O)
                                                      0.123     2.792 f  design_1_i/ps8_0_axi_periph/s00_couplers/auto_pc/inst/gen_axilite.gen_b2s_conv.axilite_b2s/WR.b_channel_0/bid_fifo_0/memory_reg[3][0]_srl4_i_5/O
                         net (fo=1, routed)           0.097     2.889    design_1_i/ps8_0_axi_periph/s00_couplers/auto_pc/inst/gen_axilite.gen_b2s_conv.axilite_b2s/WR.b_channel_0/bid_fifo_0/memory_reg[3][0]_srl4_i_5_n_0
    SLICE_X6Y91          LUT6 (Prop_D6LUT_SLICEL_I2_O)
                                                      0.122     3.011 r  design_1_i/ps8_0_axi_periph/s00_couplers/auto_pc/inst/gen_axilite.gen_b2s_conv.axilite_b2s/WR.b_channel_0/bid_fifo_0/memory_reg[3][0]_srl4_i_2/O
                         net (fo=4, routed)           0.198     3.209    design_1_i/ps8_0_axi_periph/s00_couplers/auto_pc/inst/gen_axilite.gen_b2s_conv.axilite_b2s/WR.b_channel_0/bid_fifo_0/memory_reg[3][0]_srl4_i_2_n_0
    SLICE_X5Y94          LUT4 (Prop_D5LUT_SLICEM_I0_O)
                                                      0.158     3.367 r  design_1_i/ps8_0_axi_periph/s00_couplers/auto_pc/inst/gen_axilite.gen_b2s_conv.axilite_b2s/WR.b_channel_0/bid_fifo_0/s_bresp_acc[1]_i_1/O
                         net (fo=9, routed)           0.428     3.795    design_1_i/ps8_0_axi_periph/s00_couplers/auto_pc/inst/gen_axilite.gen_b2s_conv.axilite_b2s/WR.b_channel_0/s_bresp_acc0
    SLICE_X7Y91          FDRE                                         r  design_1_i/ps8_0_axi_periph/s00_couplers/auto_pc/inst/gen_axilite.gen_b2s_conv.axilite_b2s/WR.b_channel_0/bresp_cnt_reg[6]/R
  -------------------------------------------------------------------    -------------------

                         (clock clk_pl_0 rise edge)
                                                     10.000    10.000 r  
    PS8_X0Y0             PS8                          0.000    10.000 r  design_1_i/zynq_ultra_ps_e_0/inst/PS8_i/PLCLK[0]
                         net (fo=1, routed)           0.135    10.135    design_1_i/zynq_ultra_ps_e_0/inst/pl_clk_unbuffered[0]
    BUFG_PS_X0Y95        BUFG_PS (Prop_BUFG_PS_I_O)
                                                      0.025    10.160 r  design_1_i/zynq_ultra_ps_e_0/inst/buffer_pl_clk_0.PL_CLK_0_BUFG/O
    X0Y1 (CLOCK_ROOT)    net (fo=629, routed)         1.550    11.710    design_1_i/ps8_0_axi_periph/s00_couplers/auto_pc/inst/gen_axilite.gen_b2s_conv.axilite_b2s/WR.b_channel_0/aclk
    SLICE_X7Y91          FDRE                                         r  design_1_i/ps8_0_axi_periph/s00_couplers/auto_pc/inst/gen_axilite.gen_b2s_conv.axilite_b2s/WR.b_channel_0/bresp_cnt_reg[6]/C
                         clock pessimism              0.164    11.874    
                         clock uncertainty           -0.151    11.724    
    SLICE_X7Y91          FDRE (Setup_DFF_SLICEM_C_R)
                                                     -0.074    11.650    design_1_i/ps8_0_axi_periph/s00_couplers/auto_pc/inst/gen_axilite.gen_b2s_conv.axilite_b2s/WR.b_channel_0/bresp_cnt_reg[6]
  -------------------------------------------------------------------
                         required time                         11.650    
                         arrival time                          -3.795    
  -------------------------------------------------------------------
                         slack                                  7.855    

Slack (MET) :             7.855ns  (required time - arrival time)
  Source:                 design_1_i/ps8_0_axi_periph/s00_couplers/auto_pc/inst/gen_axilite.gen_b2s_conv.axilite_b2s/WR.b_channel_0/bid_fifo_0/cnt_read_reg[0]/C
                            (rising edge-triggered cell FDSE clocked by clk_pl_0  {rise@0.000ns fall@5.000ns period=10.000ns})
  Destination:            design_1_i/ps8_0_axi_periph/s00_couplers/auto_pc/inst/gen_axilite.gen_b2s_conv.axilite_b2s/WR.b_channel_0/bresp_cnt_reg[7]/R
                            (rising edge-triggered cell FDRE clocked by clk_pl_0  {rise@0.000ns fall@5.000ns period=10.000ns})
  Path Group:             clk_pl_0
  Path Type:              Setup (Max at Slow Process Corner)
  Requirement:            10.000ns  (clk_pl_0 rise@10.000ns - clk_pl_0 rise@0.000ns)
  Data Path Delay:        1.824ns  (logic 0.605ns (33.169%)  route 1.219ns (66.831%))
  Logic Levels:           4  (LUT4=2 LUT6=1 SRL16E=1)
  Clock Path Skew:        -0.097ns (DCD - SCD + CPR)
    Destination Clock Delay (DCD):    1.710ns = ( 11.710 - 10.000 ) 
    Source Clock Delay      (SCD):    1.971ns
    Clock Pessimism Removal (CPR):    0.164ns
  Clock Uncertainty:      0.151ns  ((TSJ^2 + DJ^2)^1/2) / 2 + PE
    Total System Jitter     (TSJ):    0.071ns
    Discrete Jitter          (DJ):    0.293ns
    Phase Error              (PE):    0.000ns
  Clock Net Delay (Source):      1.772ns (routing 0.918ns, distribution 0.854ns)
  Clock Net Delay (Destination): 1.550ns (routing 0.828ns, distribution 0.722ns)

    Location             Delay type                Incr(ns)  Path(ns)    Netlist Resource(s)
  -------------------------------------------------------------------    -------------------
                         (clock clk_pl_0 rise edge)
                                                      0.000     0.000 r  
    PS8_X0Y0             PS8                          0.000     0.000 r  design_1_i/zynq_ultra_ps_e_0/inst/PS8_i/PLCLK[0]
                         net (fo=1, routed)           0.171     0.171    design_1_i/zynq_ultra_ps_e_0/inst/pl_clk_unbuffered[0]
    BUFG_PS_X0Y95        BUFG_PS (Prop_BUFG_PS_I_O)
                                                      0.028     0.199 r  design_1_i/zynq_ultra_ps_e_0/inst/buffer_pl_clk_0.PL_CLK_0_BUFG/O
    X0Y1 (CLOCK_ROOT)    net (fo=629, routed)         1.772     1.971    design_1_i/ps8_0_axi_periph/s00_couplers/auto_pc/inst/gen_axilite.gen_b2s_conv.axilite_b2s/WR.b_channel_0/bid_fifo_0/aclk
    SLICE_X4Y94          FDSE                                         r  design_1_i/ps8_0_axi_periph/s00_couplers/auto_pc/inst/gen_axilite.gen_b2s_conv.axilite_b2s/WR.b_channel_0/bid_fifo_0/cnt_read_reg[0]/C
  -------------------------------------------------------------------    -------------------
    SLICE_X4Y94          FDSE (Prop_DFF_SLICEM_C_Q)
                                                      0.078     2.049 r  design_1_i/ps8_0_axi_periph/s00_couplers/auto_pc/inst/gen_axilite.gen_b2s_conv.axilite_b2s/WR.b_channel_0/bid_fifo_0/cnt_read_reg[0]/Q
                         net (fo=32, routed)          0.401     2.450    design_1_i/ps8_0_axi_periph/s00_couplers/auto_pc/inst/gen_axilite.gen_b2s_conv.axilite_b2s/WR.b_channel_0/bid_fifo_0/cnt_read_reg[1]_0[0]
    SLICE_X5Y91          SRL16E (Prop_E6LUT_SLICEM_A0_Q)
                                                      0.124     2.574 r  design_1_i/ps8_0_axi_periph/s00_couplers/auto_pc/inst/gen_axilite.gen_b2s_conv.axilite_b2s/WR.b_channel_0/bid_fifo_0/memory_reg[3][4]_srl4/Q
                         net (fo=2, routed)           0.095     2.669    design_1_i/ps8_0_axi_periph/s00_couplers/auto_pc/inst/gen_axilite.gen_b2s_conv.axilite_b2s/WR.b_channel_0/bid_fifo_0/memory_reg[3][4]_srl4_n_0
    SLICE_X6Y91          LUT4 (Prop_F6LUT_SLICEL_I0_O)
                                                      0.123     2.792 f  design_1_i/ps8_0_axi_periph/s00_couplers/auto_pc/inst/gen_axilite.gen_b2s_conv.axilite_b2s/WR.b_channel_0/bid_fifo_0/memory_reg[3][0]_srl4_i_5/O
                         net (fo=1, routed)           0.097     2.889    design_1_i/ps8_0_axi_periph/s00_couplers/auto_pc/inst/gen_axilite.gen_b2s_conv.axilite_b2s/WR.b_channel_0/bid_fifo_0/memory_reg[3][0]_srl4_i_5_n_0
    SLICE_X6Y91          LUT6 (Prop_D6LUT_SLICEL_I2_O)
                                                      0.122     3.011 r  design_1_i/ps8_0_axi_periph/s00_couplers/auto_pc/inst/gen_axilite.gen_b2s_conv.axilite_b2s/WR.b_channel_0/bid_fifo_0/memory_reg[3][0]_srl4_i_2/O
                         net (fo=4, routed)           0.198     3.209    design_1_i/ps8_0_axi_periph/s00_couplers/auto_pc/inst/gen_axilite.gen_b2s_conv.axilite_b2s/WR.b_channel_0/bid_fifo_0/memory_reg[3][0]_srl4_i_2_n_0
    SLICE_X5Y94          LUT4 (Prop_D5LUT_SLICEM_I0_O)
                                                      0.158     3.367 r  design_1_i/ps8_0_axi_periph/s00_couplers/auto_pc/inst/gen_axilite.gen_b2s_conv.axilite_b2s/WR.b_channel_0/bid_fifo_0/s_bresp_acc[1]_i_1/O
                         net (fo=9, routed)           0.428     3.795    design_1_i/ps8_0_axi_periph/s00_couplers/auto_pc/inst/gen_axilite.gen_b2s_conv.axilite_b2s/WR.b_channel_0/s_bresp_acc0
    SLICE_X7Y91          FDRE                                         r  design_1_i/ps8_0_axi_periph/s00_couplers/auto_pc/inst/gen_axilite.gen_b2s_conv.axilite_b2s/WR.b_channel_0/bresp_cnt_reg[7]/R
  -------------------------------------------------------------------    -------------------

                         (clock clk_pl_0 rise edge)
                                                     10.000    10.000 r  
    PS8_X0Y0             PS8                          0.000    10.000 r  design_1_i/zynq_ultra_ps_e_0/inst/PS8_i/PLCLK[0]
                         net (fo=1, routed)           0.135    10.135    design_1_i/zynq_ultra_ps_e_0/inst/pl_clk_unbuffered[0]
    BUFG_PS_X0Y95        BUFG_PS (Prop_BUFG_PS_I_O)
                                                      0.025    10.160 r  design_1_i/zynq_ultra_ps_e_0/inst/buffer_pl_clk_0.PL_CLK_0_BUFG/O
    X0Y1 (CLOCK_ROOT)    net (fo=629, routed)         1.550    11.710    design_1_i/ps8_0_axi_periph/s00_couplers/auto_pc/inst/gen_axilite.gen_b2s_conv.axilite_b2s/WR.b_channel_0/aclk
    SLICE_X7Y91          FDRE                                         r  design_1_i/ps8_0_axi_periph/s00_couplers/auto_pc/inst/gen_axilite.gen_b2s_conv.axilite_b2s/WR.b_channel_0/bresp_cnt_reg[7]/C
                         clock pessimism              0.164    11.874    
                         clock uncertainty           -0.151    11.724    
    SLICE_X7Y91          FDRE (Setup_DFF2_SLICEM_C_R)
                                                     -0.074    11.650    design_1_i/ps8_0_axi_periph/s00_couplers/auto_pc/inst/gen_axilite.gen_b2s_conv.axilite_b2s/WR.b_channel_0/bresp_cnt_reg[7]
  -------------------------------------------------------------------
                         required time                         11.650    
                         arrival time                          -3.795    
  -------------------------------------------------------------------
                         slack                                  7.855    

Slack (MET) :             7.884ns  (required time - arrival time)
  Source:                 design_1_i/ps8_0_axi_periph/s00_couplers/auto_pc/inst/gen_axilite.gen_b2s_conv.axilite_b2s/SI_REG/aw.aw_pipe/m_payload_i_reg[47]/C
                            (rising edge-triggered cell FDRE clocked by clk_pl_0  {rise@0.000ns fall@5.000ns period=10.000ns})
  Destination:            design_1_i/ps8_0_axi_periph/s00_couplers/auto_pc/inst/gen_axilite.gen_b2s_conv.axilite_b2s/WR.aw_channel_0/cmd_translator_0/wrap_cmd_0/axaddr_wrap_reg[0]/CE
                            (rising edge-triggered cell FDRE clocked by clk_pl_0  {rise@0.000ns fall@5.000ns period=10.000ns})
  Path Group:             clk_pl_0
  Path Type:              Setup (Max at Slow Process Corner)
  Requirement:            10.000ns  (clk_pl_0 rise@10.000ns - clk_pl_0 rise@0.000ns)
  Data Path Delay:        1.810ns  (logic 0.402ns (22.210%)  route 1.408ns (77.790%))
  Logic Levels:           3  (LUT4=1 LUT5=1 LUT6=1)
  Clock Path Skew:        -0.096ns (DCD - SCD + CPR)
    Destination Clock Delay (DCD):    1.725ns = ( 11.725 - 10.000 ) 
    Source Clock Delay      (SCD):    1.985ns
    Clock Pessimism Removal (CPR):    0.164ns
  Clock Uncertainty:      0.151ns  ((TSJ^2 + DJ^2)^1/2) / 2 + PE
    Total System Jitter     (TSJ):    0.071ns
    Discrete Jitter          (DJ):    0.293ns
    Phase Error              (PE):    0.000ns
  Clock Net Delay (Source):      1.786ns (routing 0.918ns, distribution 0.868ns)
  Clock Net Delay (Destination): 1.565ns (routing 0.828ns, distribution 0.737ns)

    Location             Delay type                Incr(ns)  Path(ns)    Netlist Resource(s)
  -------------------------------------------------------------------    -------------------
                         (clock clk_pl_0 rise edge)
                                                      0.000     0.000 r  
    PS8_X0Y0             PS8                          0.000     0.000 r  design_1_i/zynq_ultra_ps_e_0/inst/PS8_i/PLCLK[0]
                         net (fo=1, routed)           0.171     0.171    design_1_i/zynq_ultra_ps_e_0/inst/pl_clk_unbuffered[0]
    BUFG_PS_X0Y95        BUFG_PS (Prop_BUFG_PS_I_O)
                                                      0.028     0.199 r  design_1_i/zynq_ultra_ps_e_0/inst/buffer_pl_clk_0.PL_CLK_0_BUFG/O
    X0Y1 (CLOCK_ROOT)    net (fo=629, routed)         1.786     1.985    design_1_i/ps8_0_axi_periph/s00_couplers/auto_pc/inst/gen_axilite.gen_b2s_conv.axilite_b2s/SI_REG/aw.aw_pipe/aclk
    SLICE_X6Y94          FDRE                                         r  design_1_i/ps8_0_axi_periph/s00_couplers/auto_pc/inst/gen_axilite.gen_b2s_conv.axilite_b2s/SI_REG/aw.aw_pipe/m_payload_i_reg[47]/C
  -------------------------------------------------------------------    -------------------
    SLICE_X6Y94          FDRE (Prop_CFF2_SLICEL_C_Q)
                                                      0.080     2.065 r  design_1_i/ps8_0_axi_periph/s00_couplers/auto_pc/inst/gen_axilite.gen_b2s_conv.axilite_b2s/SI_REG/aw.aw_pipe/m_payload_i_reg[47]/Q
                         net (fo=6, routed)           0.388     2.453    design_1_i/ps8_0_axi_periph/s00_couplers/auto_pc/inst/gen_axilite.gen_b2s_conv.axilite_b2s/WR.aw_channel_0/cmd_translator_0/incr_cmd_0/axlen_cnt_reg[7]_0[10]
    SLICE_X5Y92          LUT5 (Prop_C6LUT_SLICEM_I1_O)
                                                      0.088     2.541 f  design_1_i/ps8_0_axi_periph/s00_couplers/auto_pc/inst/gen_axilite.gen_b2s_conv.axilite_b2s/WR.aw_channel_0/cmd_translator_0/incr_cmd_0/FSM_sequential_state[0]_i_2/O
                         net (fo=3, routed)           0.111     2.652    design_1_i/ps8_0_axi_periph/s00_couplers/auto_pc/inst/gen_axilite.gen_b2s_conv.axilite_b2s/WR.aw_channel_0/aw_cmd_fsm_0/FSM_sequential_state_reg[0]_2
    SLICE_X4Y92          LUT6 (Prop_F6LUT_SLICEM_I2_O)
                                                      0.123     2.775 r  design_1_i/ps8_0_axi_periph/s00_couplers/auto_pc/inst/gen_axilite.gen_b2s_conv.axilite_b2s/WR.aw_channel_0/aw_cmd_fsm_0/memory_reg[3][0]_srl4_i_1/O
                         net (fo=34, routed)          0.251     3.026    design_1_i/ps8_0_axi_periph/s00_couplers/auto_pc/inst/gen_axilite.gen_b2s_conv.axilite_b2s/WR.aw_channel_0/aw_cmd_fsm_0/cnt_read_reg[0]
    SLICE_X4Y92          LUT4 (Prop_C5LUT_SLICEM_I1_O)
                                                      0.111     3.137 r  design_1_i/ps8_0_axi_periph/s00_couplers/auto_pc/inst/gen_axilite.gen_b2s_conv.axilite_b2s/WR.aw_channel_0/aw_cmd_fsm_0/axlen_cnt[7]_i_1__0/O
                         net (fo=16, routed)          0.658     3.795    design_1_i/ps8_0_axi_periph/s00_couplers/auto_pc/inst/gen_axilite.gen_b2s_conv.axilite_b2s/WR.aw_channel_0/cmd_translator_0/wrap_cmd_0/axlen_cnt_reg[0]_0[0]
    SLICE_X3Y89          FDRE                                         r  design_1_i/ps8_0_axi_periph/s00_couplers/auto_pc/inst/gen_axilite.gen_b2s_conv.axilite_b2s/WR.aw_channel_0/cmd_translator_0/wrap_cmd_0/axaddr_wrap_reg[0]/CE
  -------------------------------------------------------------------    -------------------

                         (clock clk_pl_0 rise edge)
                                                     10.000    10.000 r  
    PS8_X0Y0             PS8                          0.000    10.000 r  design_1_i/zynq_ultra_ps_e_0/inst/PS8_i/PLCLK[0]
                         net (fo=1, routed)           0.135    10.135    design_1_i/zynq_ultra_ps_e_0/inst/pl_clk_unbuffered[0]
    BUFG_PS_X0Y95        BUFG_PS (Prop_BUFG_PS_I_O)
                                                      0.025    10.160 r  design_1_i/zynq_ultra_ps_e_0/inst/buffer_pl_clk_0.PL_CLK_0_BUFG/O
    X0Y1 (CLOCK_ROOT)    net (fo=629, routed)         1.565    11.725    design_1_i/ps8_0_axi_periph/s00_couplers/auto_pc/inst/gen_axilite.gen_b2s_conv.axilite_b2s/WR.aw_channel_0/cmd_translator_0/wrap_cmd_0/aclk
    SLICE_X3Y89          FDRE                                         r  design_1_i/ps8_0_axi_periph/s00_couplers/auto_pc/inst/gen_axilite.gen_b2s_conv.axilite_b2s/WR.aw_channel_0/cmd_translator_0/wrap_cmd_0/axaddr_wrap_reg[0]/C
                         clock pessimism              0.164    11.889    
                         clock uncertainty           -0.151    11.739    
    SLICE_X3Y89          FDRE (Setup_BFF_SLICEL_C_CE)
                                                     -0.060    11.679    design_1_i/ps8_0_axi_periph/s00_couplers/auto_pc/inst/gen_axilite.gen_b2s_conv.axilite_b2s/WR.aw_channel_0/cmd_translator_0/wrap_cmd_0/axaddr_wrap_reg[0]
  -------------------------------------------------------------------
                         required time                         11.679    
                         arrival time                          -3.795    
  -------------------------------------------------------------------
                         slack                                  7.884    

Slack (MET) :             7.912ns  (required time - arrival time)
  Source:                 design_1_i/ps8_0_axi_periph/s00_couplers/auto_pc/inst/gen_axilite.gen_b2s_conv.axilite_b2s/WR.b_channel_0/bid_fifo_0/cnt_read_reg[0]/C
                            (rising edge-triggered cell FDSE clocked by clk_pl_0  {rise@0.000ns fall@5.000ns period=10.000ns})
  Destination:            design_1_i/ps8_0_axi_periph/s00_couplers/auto_pc/inst/gen_axilite.gen_b2s_conv.axilite_b2s/WR.b_channel_0/bresp_fifo_0/memory_reg[3][1]_srl4/CE
                            (rising edge-triggered cell SRL16E clocked by clk_pl_0  {rise@0.000ns fall@5.000ns period=10.000ns})
  Path Group:             clk_pl_0
  Path Type:              Setup (Max at Slow Process Corner)
  Requirement:            10.000ns  (clk_pl_0 rise@10.000ns - clk_pl_0 rise@0.000ns)
  Data Path Delay:        1.694ns  (logic 0.592ns (34.947%)  route 1.102ns (65.053%))
  Logic Levels:           4  (LUT3=1 LUT4=1 LUT6=1 SRL16E=1)
  Clock Path Skew:        -0.064ns (DCD - SCD + CPR)
    Destination Clock Delay (DCD):    1.743ns = ( 11.743 - 10.000 ) 
    Source Clock Delay      (SCD):    1.971ns
    Clock Pessimism Removal (CPR):    0.164ns
  Clock Uncertainty:      0.151ns  ((TSJ^2 + DJ^2)^1/2) / 2 + PE
    Total System Jitter     (TSJ):    0.071ns
    Discrete Jitter          (DJ):    0.293ns
    Phase Error              (PE):    0.000ns
  Clock Net Delay (Source):      1.772ns (routing 0.918ns, distribution 0.854ns)
  Clock Net Delay (Destination): 1.583ns (routing 0.828ns, distribution 0.755ns)

    Location             Delay type                Incr(ns)  Path(ns)    Netlist Resource(s)
  -------------------------------------------------------------------    -------------------
                         (clock clk_pl_0 rise edge)
                                                      0.000     0.000 r  
    PS8_X0Y0             PS8                          0.000     0.000 r  design_1_i/zynq_ultra_ps_e_0/inst/PS8_i/PLCLK[0]
                         net (fo=1, routed)           0.171     0.171    design_1_i/zynq_ultra_ps_e_0/inst/pl_clk_unbuffered[0]
    BUFG_PS_X0Y95        BUFG_PS (Prop_BUFG_PS_I_O)
                                                      0.028     0.199 r  design_1_i/zynq_ultra_ps_e_0/inst/buffer_pl_clk_0.PL_CLK_0_BUFG/O
    X0Y1 (CLOCK_ROOT)    net (fo=629, routed)         1.772     1.971    design_1_i/ps8_0_axi_periph/s00_couplers/auto_pc/inst/gen_axilite.gen_b2s_conv.axilite_b2s/WR.b_channel_0/bid_fifo_0/aclk
    SLICE_X4Y94          FDSE                                         r  design_1_i/ps8_0_axi_periph/s00_couplers/auto_pc/inst/gen_axilite.gen_b2s_conv.axilite_b2s/WR.b_channel_0/bid_fifo_0/cnt_read_reg[0]/C
  -------------------------------------------------------------------    -------------------
    SLICE_X4Y94          FDSE (Prop_DFF_SLICEM_C_Q)
                                                      0.078     2.049 r  design_1_i/ps8_0_axi_periph/s00_couplers/auto_pc/inst/gen_axilite.gen_b2s_conv.axilite_b2s/WR.b_channel_0/bid_fifo_0/cnt_read_reg[0]/Q
                         net (fo=32, routed)          0.401     2.450    design_1_i/ps8_0_axi_periph/s00_couplers/auto_pc/inst/gen_axilite.gen_b2s_conv.axilite_b2s/WR.b_channel_0/bid_fifo_0/cnt_read_reg[1]_0[0]
    SLICE_X5Y91          SRL16E (Prop_E6LUT_SLICEM_A0_Q)
                                                      0.124     2.574 r  design_1_i/ps8_0_axi_periph/s00_couplers/auto_pc/inst/gen_axilite.gen_b2s_conv.axilite_b2s/WR.b_channel_0/bid_fifo_0/memory_reg[3][4]_srl4/Q
                         net (fo=2, routed)           0.095     2.669    design_1_i/ps8_0_axi_periph/s00_couplers/auto_pc/inst/gen_axilite.gen_b2s_conv.axilite_b2s/WR.b_channel_0/bid_fifo_0/memory_reg[3][4]_srl4_n_0
    SLICE_X6Y91          LUT4 (Prop_F6LUT_SLICEL_I0_O)
                                                      0.123     2.792 f  design_1_i/ps8_0_axi_periph/s00_couplers/auto_pc/inst/gen_axilite.gen_b2s_conv.axilite_b2s/WR.b_channel_0/bid_fifo_0/memory_reg[3][0]_srl4_i_5/O
                         net (fo=1, routed)           0.097     2.889    design_1_i/ps8_0_axi_periph/s00_couplers/auto_pc/inst/gen_axilite.gen_b2s_conv.axilite_b2s/WR.b_channel_0/bid_fifo_0/memory_reg[3][0]_srl4_i_5_n_0
    SLICE_X6Y91          LUT6 (Prop_D6LUT_SLICEL_I2_O)
                                                      0.122     3.011 r  design_1_i/ps8_0_axi_periph/s00_couplers/auto_pc/inst/gen_axilite.gen_b2s_conv.axilite_b2s/WR.b_channel_0/bid_fifo_0/memory_reg[3][0]_srl4_i_2/O
                         net (fo=4, routed)           0.198     3.209    design_1_i/ps8_0_axi_periph/s00_couplers/auto_pc/inst/gen_axilite.gen_b2s_conv.axilite_b2s/WR.b_channel_0/bid_fifo_0/memory_reg[3][0]_srl4_i_2_n_0
    SLICE_X5Y94          LUT3 (Prop_D6LUT_SLICEM_I0_O)
                                                      0.145     3.354 r  design_1_i/ps8_0_axi_periph/s00_couplers/auto_pc/inst/gen_axilite.gen_b2s_conv.axilite_b2s/WR.b_channel_0/bid_fifo_0/memory_reg[3][0]_srl4_i_1__0/O
                         net (fo=1, routed)           0.311     3.665    design_1_i/ps8_0_axi_periph/s00_couplers/auto_pc/inst/gen_axilite.gen_b2s_conv.axilite_b2s/WR.b_channel_0/bresp_fifo_0/sel
    SLICE_X5Y94          SRL16E                                       r  design_1_i/ps8_0_axi_periph/s00_couplers/auto_pc/inst/gen_axilite.gen_b2s_conv.axilite_b2s/WR.b_channel_0/bresp_fifo_0/memory_reg[3][1]_srl4/CE
  -------------------------------------------------------------------    -------------------

                         (clock clk_pl_0 rise edge)
                                                     10.000    10.000 r  
    PS8_X0Y0             PS8                          0.000    10.000 r  design_1_i/zynq_ultra_ps_e_0/inst/PS8_i/PLCLK[0]
                         net (fo=1, routed)           0.135    10.135    design_1_i/zynq_ultra_ps_e_0/inst/pl_clk_unbuffered[0]
    BUFG_PS_X0Y95        BUFG_PS (Prop_BUFG_PS_I_O)
                                                      0.025    10.160 r  design_1_i/zynq_ultra_ps_e_0/inst/buffer_pl_clk_0.PL_CLK_0_BUFG/O
    X0Y1 (CLOCK_ROOT)    net (fo=629, routed)         1.583    11.743    design_1_i/ps8_0_axi_periph/s00_couplers/auto_pc/inst/gen_axilite.gen_b2s_conv.axilite_b2s/WR.b_channel_0/bresp_fifo_0/aclk
    SLICE_X5Y94          SRL16E                                       r  design_1_i/ps8_0_axi_periph/s00_couplers/auto_pc/inst/gen_axilite.gen_b2s_conv.axilite_b2s/WR.b_channel_0/bresp_fifo_0/memory_reg[3][1]_srl4/CLK
                         clock pessimism              0.164    11.907    
                         clock uncertainty           -0.151    11.757    
    SLICE_X5Y94          SRL16E (Setup_H6LUT_SLICEM_CLK_CE)
                                                     -0.180    11.577    design_1_i/ps8_0_axi_periph/s00_couplers/auto_pc/inst/gen_axilite.gen_b2s_conv.axilite_b2s/WR.b_channel_0/bresp_fifo_0/memory_reg[3][1]_srl4
  -------------------------------------------------------------------
                         required time                         11.577    
                         arrival time                          -3.665    
  -------------------------------------------------------------------
                         slack                                  7.912    

Slack (MET) :             7.936ns  (required time - arrival time)
  Source:                 design_1_i/ps8_0_axi_periph/s00_couplers/auto_pc/inst/gen_axilite.gen_b2s_conv.axilite_b2s/SI_REG/aw.aw_pipe/m_valid_i_reg/C
                            (rising edge-triggered cell FDRE clocked by clk_pl_0  {rise@0.000ns fall@5.000ns period=10.000ns})
  Destination:            design_1_i/ps8_0_axi_periph/s00_couplers/auto_pc/inst/gen_axilite.gen_b2s_conv.axilite_b2s/WR.aw_channel_0/cmd_translator_0/wrap_cmd_0/wrap_second_len_r_reg[2]/D
                            (rising edge-triggered cell FDRE clocked by clk_pl_0  {rise@0.000ns fall@5.000ns period=10.000ns})
  Path Group:             clk_pl_0
  Path Type:              Setup (Max at Slow Process Corner)
  Requirement:            10.000ns  (clk_pl_0 rise@10.000ns - clk_pl_0 rise@0.000ns)
  Data Path Delay:        1.893ns  (logic 0.267ns (14.105%)  route 1.626ns (85.895%))
  Logic Levels:           2  (LUT3=1 LUT6=1)
  Clock Path Skew:        -0.045ns (DCD - SCD + CPR)
    Destination Clock Delay (DCD):    1.724ns = ( 11.724 - 10.000 ) 
    Source Clock Delay      (SCD):    1.985ns
    Clock Pessimism Removal (CPR):    0.216ns
  Clock Uncertainty:      0.151ns  ((TSJ^2 + DJ^2)^1/2) / 2 + PE
    Total System Jitter     (TSJ):    0.071ns
    Discrete Jitter          (DJ):    0.293ns
    Phase Error              (PE):    0.000ns
  Clock Net Delay (Source):      1.786ns (routing 0.918ns, distribution 0.868ns)
  Clock Net Delay (Destination): 1.564ns (routing 0.828ns, distribution 0.736ns)

    Location             Delay type                Incr(ns)  Path(ns)    Netlist Resource(s)
  -------------------------------------------------------------------    -------------------
                         (clock clk_pl_0 rise edge)
                                                      0.000     0.000 r  
    PS8_X0Y0             PS8                          0.000     0.000 r  design_1_i/zynq_ultra_ps_e_0/inst/PS8_i/PLCLK[0]
                         net (fo=1, routed)           0.171     0.171    design_1_i/zynq_ultra_ps_e_0/inst/pl_clk_unbuffered[0]
    BUFG_PS_X0Y95        BUFG_PS (Prop_BUFG_PS_I_O)
                                                      0.028     0.199 r  design_1_i/zynq_ultra_ps_e_0/inst/buffer_pl_clk_0.PL_CLK_0_BUFG/O
    X0Y1 (CLOCK_ROOT)    net (fo=629, routed)         1.786     1.985    design_1_i/ps8_0_axi_periph/s00_couplers/auto_pc/inst/gen_axilite.gen_b2s_conv.axilite_b2s/SI_REG/aw.aw_pipe/aclk
    SLICE_X2Y97          FDRE                                         r  design_1_i/ps8_0_axi_periph/s00_couplers/auto_pc/inst/gen_axilite.gen_b2s_conv.axilite_b2s/SI_REG/aw.aw_pipe/m_valid_i_reg/C
  -------------------------------------------------------------------    -------------------
    SLICE_X2Y97          FDRE (Prop_HFF2_SLICEM_C_Q)
                                                      0.078     2.063 r  design_1_i/ps8_0_axi_periph/s00_couplers/auto_pc/inst/gen_axilite.gen_b2s_conv.axilite_b2s/SI_REG/aw.aw_pipe/m_valid_i_reg/Q
                         net (fo=16, routed)          0.359     2.422    design_1_i/ps8_0_axi_periph/s00_couplers/auto_pc/inst/gen_axilite.gen_b2s_conv.axilite_b2s/WR.aw_channel_0/aw_cmd_fsm_0/si_rs_awvalid
    SLICE_X5Y90          LUT3 (Prop_D5LUT_SLICEM_I1_O)
                                                      0.066     2.488 r  design_1_i/ps8_0_axi_periph/s00_couplers/auto_pc/inst/gen_axilite.gen_b2s_conv.axilite_b2s/WR.aw_channel_0/aw_cmd_fsm_0/wrap_boundary_axaddr_r[11]_i_1/O
                         net (fo=26, routed)          1.209     3.697    design_1_i/ps8_0_axi_periph/s00_couplers/auto_pc/inst/gen_axilite.gen_b2s_conv.axilite_b2s/SI_REG/aw.aw_pipe/wrap_second_len_r_reg[3]_0
    SLICE_X3Y90          LUT6 (Prop_F6LUT_SLICEL_I4_O)
                                                      0.123     3.820 r  design_1_i/ps8_0_axi_periph/s00_couplers/auto_pc/inst/gen_axilite.gen_b2s_conv.axilite_b2s/SI_REG/aw.aw_pipe/wrap_second_len_r[2]_i_1/O
                         net (fo=3, routed)           0.058     3.878    design_1_i/ps8_0_axi_periph/s00_couplers/auto_pc/inst/gen_axilite.gen_b2s_conv.axilite_b2s/WR.aw_channel_0/cmd_translator_0/wrap_cmd_0/wrap_second_len_r_reg[3]_1[2]
    SLICE_X3Y90          FDRE                                         r  design_1_i/ps8_0_axi_periph/s00_couplers/auto_pc/inst/gen_axilite.gen_b2s_conv.axilite_b2s/WR.aw_channel_0/cmd_translator_0/wrap_cmd_0/wrap_second_len_r_reg[2]/D
  -------------------------------------------------------------------    -------------------

                         (clock clk_pl_0 rise edge)
                                                     10.000    10.000 r  
    PS8_X0Y0             PS8                          0.000    10.000 r  design_1_i/zynq_ultra_ps_e_0/inst/PS8_i/PLCLK[0]
                         net (fo=1, routed)           0.135    10.135    design_1_i/zynq_ultra_ps_e_0/inst/pl_clk_unbuffered[0]
    BUFG_PS_X0Y95        BUFG_PS (Prop_BUFG_PS_I_O)
                                                      0.025    10.160 r  design_1_i/zynq_ultra_ps_e_0/inst/buffer_pl_clk_0.PL_CLK_0_BUFG/O
    X0Y1 (CLOCK_ROOT)    net (fo=629, routed)         1.564    11.724    design_1_i/ps8_0_axi_periph/s00_couplers/auto_pc/inst/gen_axilite.gen_b2s_conv.axilite_b2s/WR.aw_channel_0/cmd_translator_0/wrap_cmd_0/aclk
    SLICE_X3Y90          FDRE                                         r  design_1_i/ps8_0_axi_periph/s00_couplers/auto_pc/inst/gen_axilite.gen_b2s_conv.axilite_b2s/WR.aw_channel_0/cmd_translator_0/wrap_cmd_0/wrap_second_len_r_reg[2]/C
                         clock pessimism              0.216    11.940    
                         clock uncertainty           -0.151    11.789    
    SLICE_X3Y90          FDRE (Setup_FFF_SLICEL_C_D)
                                                      0.025    11.814    design_1_i/ps8_0_axi_periph/s00_couplers/auto_pc/inst/gen_axilite.gen_b2s_conv.axilite_b2s/WR.aw_channel_0/cmd_translator_0/wrap_cmd_0/wrap_second_len_r_reg[2]
  -------------------------------------------------------------------
                         required time                         11.814    
                         arrival time                          -3.878    
  -------------------------------------------------------------------
                         slack                                  7.936    





Min Delay Paths
--------------------------------------------------------------------------------------
Slack (MET) :             0.027ns  (arrival time - required time)
  Source:                 design_1_i/ps8_0_axi_periph/s00_couplers/auto_pc/inst/gen_axilite.gen_b2s_conv.axilite_b2s/SI_REG/aw.aw_pipe/m_payload_i_reg[73]/C
                            (rising edge-triggered cell FDRE clocked by clk_pl_0  {rise@0.000ns fall@5.000ns period=10.000ns})
  Destination:            design_1_i/ps8_0_axi_periph/s00_couplers/auto_pc/inst/gen_axilite.gen_b2s_conv.axilite_b2s/WR.aw_channel_0/s_awid_r_reg[12]/D
                            (rising edge-triggered cell FDRE clocked by clk_pl_0  {rise@0.000ns fall@5.000ns period=10.000ns})
  Path Group:             clk_pl_0
  Path Type:              Hold (Min at Slow Process Corner)
  Requirement:            0.000ns  (clk_pl_0 rise@0.000ns - clk_pl_0 rise@0.000ns)
  Data Path Delay:        0.129ns  (logic 0.058ns (44.961%)  route 0.071ns (55.039%))
  Logic Levels:           0  
  Clock Path Skew:        0.040ns (DCD - SCD - CPR)
    Destination Clock Delay (DCD):    2.005ns
    Source Clock Delay      (SCD):    1.739ns
    Clock Pessimism Removal (CPR):    0.226ns
  Clock Net Delay (Source):      1.579ns (routing 0.828ns, distribution 0.751ns)
  Clock Net Delay (Destination): 1.806ns (routing 0.918ns, distribution 0.888ns)

    Location             Delay type                Incr(ns)  Path(ns)    Netlist Resource(s)
  -------------------------------------------------------------------    -------------------
                         (clock clk_pl_0 rise edge)
                                                      0.000     0.000 r  
    PS8_X0Y0             PS8                          0.000     0.000 r  design_1_i/zynq_ultra_ps_e_0/inst/PS8_i/PLCLK[0]
                         net (fo=1, routed)           0.135     0.135    design_1_i/zynq_ultra_ps_e_0/inst/pl_clk_unbuffered[0]
    BUFG_PS_X0Y95        BUFG_PS (Prop_BUFG_PS_I_O)
                                                      0.025     0.160 r  design_1_i/zynq_ultra_ps_e_0/inst/buffer_pl_clk_0.PL_CLK_0_BUFG/O
    X0Y1 (CLOCK_ROOT)    net (fo=629, routed)         1.579     1.739    design_1_i/ps8_0_axi_periph/s00_couplers/auto_pc/inst/gen_axilite.gen_b2s_conv.axilite_b2s/SI_REG/aw.aw_pipe/aclk
    SLICE_X3Y106         FDRE                                         r  design_1_i/ps8_0_axi_periph/s00_couplers/auto_pc/inst/gen_axilite.gen_b2s_conv.axilite_b2s/SI_REG/aw.aw_pipe/m_payload_i_reg[73]/C
  -------------------------------------------------------------------    -------------------
    SLICE_X3Y106         FDRE (Prop_CFF_SLICEL_C_Q)
                                                      0.058     1.797 r  design_1_i/ps8_0_axi_periph/s00_couplers/auto_pc/inst/gen_axilite.gen_b2s_conv.axilite_b2s/SI_REG/aw.aw_pipe/m_payload_i_reg[73]/Q
                         net (fo=1, routed)           0.071     1.868    design_1_i/ps8_0_axi_periph/s00_couplers/auto_pc/inst/gen_axilite.gen_b2s_conv.axilite_b2s/WR.aw_channel_0/s_awid_r_reg[15]_0[36]
    SLICE_X3Y106         FDRE                                         r  design_1_i/ps8_0_axi_periph/s00_couplers/auto_pc/inst/gen_axilite.gen_b2s_conv.axilite_b2s/WR.aw_channel_0/s_awid_r_reg[12]/D
  -------------------------------------------------------------------    -------------------

                         (clock clk_pl_0 rise edge)
                                                      0.000     0.000 r  
    PS8_X0Y0             PS8                          0.000     0.000 r  design_1_i/zynq_ultra_ps_e_0/inst/PS8_i/PLCLK[0]
                         net (fo=1, routed)           0.171     0.171    design_1_i/zynq_ultra_ps_e_0/inst/pl_clk_unbuffered[0]
    BUFG_PS_X0Y95        BUFG_PS (Prop_BUFG_PS_I_O)
                                                      0.028     0.199 r  design_1_i/zynq_ultra_ps_e_0/inst/buffer_pl_clk_0.PL_CLK_0_BUFG/O
    X0Y1 (CLOCK_ROOT)    net (fo=629, routed)         1.806     2.005    design_1_i/ps8_0_axi_periph/s00_couplers/auto_pc/inst/gen_axilite.gen_b2s_conv.axilite_b2s/WR.aw_channel_0/aclk
    SLICE_X3Y106         FDRE                                         r  design_1_i/ps8_0_axi_periph/s00_couplers/auto_pc/inst/gen_axilite.gen_b2s_conv.axilite_b2s/WR.aw_channel_0/s_awid_r_reg[12]/C
                         clock pessimism             -0.226     1.779    
    SLICE_X3Y106         FDRE (Hold_FFF2_SLICEL_C_D)
                                                      0.062     1.841    design_1_i/ps8_0_axi_periph/s00_couplers/auto_pc/inst/gen_axilite.gen_b2s_conv.axilite_b2s/WR.aw_channel_0/s_awid_r_reg[12]
  -------------------------------------------------------------------
                         required time                         -1.841    
                         arrival time                           1.868    
  -------------------------------------------------------------------
                         slack                                  0.027    

Slack (MET) :             0.034ns  (arrival time - required time)
  Source:                 design_1_i/ps8_0_axi_periph/s00_couplers/auto_pc/inst/gen_axilite.gen_b2s_conv.axilite_b2s/SI_REG/ar.ar_pipe/m_payload_i_reg[61]/C
                            (rising edge-triggered cell FDRE clocked by clk_pl_0  {rise@0.000ns fall@5.000ns period=10.000ns})
  Destination:            design_1_i/ps8_0_axi_periph/s00_couplers/auto_pc/inst/gen_axilite.gen_b2s_conv.axilite_b2s/RD.ar_channel_0/s_arid_r_reg[0]/D
                            (rising edge-triggered cell FDRE clocked by clk_pl_0  {rise@0.000ns fall@5.000ns period=10.000ns})
  Path Group:             clk_pl_0
  Path Type:              Hold (Min at Slow Process Corner)
  Requirement:            0.000ns  (clk_pl_0 rise@0.000ns - clk_pl_0 rise@0.000ns)
  Data Path Delay:        0.185ns  (logic 0.058ns (31.351%)  route 0.127ns (68.649%))
  Logic Levels:           0  
  Clock Path Skew:        0.091ns (DCD - SCD - CPR)
    Destination Clock Delay (DCD):    1.979ns
    Source Clock Delay      (SCD):    1.724ns
    Clock Pessimism Removal (CPR):    0.164ns
  Clock Net Delay (Source):      1.564ns (routing 0.828ns, distribution 0.736ns)
  Clock Net Delay (Destination): 1.780ns (routing 0.918ns, distribution 0.862ns)

    Location             Delay type                Incr(ns)  Path(ns)    Netlist Resource(s)
  -------------------------------------------------------------------    -------------------
                         (clock clk_pl_0 rise edge)
                                                      0.000     0.000 r  
    PS8_X0Y0             PS8                          0.000     0.000 r  design_1_i/zynq_ultra_ps_e_0/inst/PS8_i/PLCLK[0]
                         net (fo=1, routed)           0.135     0.135    design_1_i/zynq_ultra_ps_e_0/inst/pl_clk_unbuffered[0]
    BUFG_PS_X0Y95        BUFG_PS (Prop_BUFG_PS_I_O)
                                                      0.025     0.160 r  design_1_i/zynq_ultra_ps_e_0/inst/buffer_pl_clk_0.PL_CLK_0_BUFG/O
    X0Y1 (CLOCK_ROOT)    net (fo=629, routed)         1.564     1.724    design_1_i/ps8_0_axi_periph/s00_couplers/auto_pc/inst/gen_axilite.gen_b2s_conv.axilite_b2s/SI_REG/ar.ar_pipe/aclk
    SLICE_X5Y87          FDRE                                         r  design_1_i/ps8_0_axi_periph/s00_couplers/auto_pc/inst/gen_axilite.gen_b2s_conv.axilite_b2s/SI_REG/ar.ar_pipe/m_payload_i_reg[61]/C
  -------------------------------------------------------------------    -------------------
    SLICE_X5Y87          FDRE (Prop_DFF_SLICEM_C_Q)
                                                      0.058     1.782 r  design_1_i/ps8_0_axi_periph/s00_couplers/auto_pc/inst/gen_axilite.gen_b2s_conv.axilite_b2s/SI_REG/ar.ar_pipe/m_payload_i_reg[61]/Q
                         net (fo=1, routed)           0.127     1.909    design_1_i/ps8_0_axi_periph/s00_couplers/auto_pc/inst/gen_axilite.gen_b2s_conv.axilite_b2s/RD.ar_channel_0/s_arid_r_reg[15]_1[24]
    SLICE_X3Y87          FDRE                                         r  design_1_i/ps8_0_axi_periph/s00_couplers/auto_pc/inst/gen_axilite.gen_b2s_conv.axilite_b2s/RD.ar_channel_0/s_arid_r_reg[0]/D
  -------------------------------------------------------------------    -------------------

                         (clock clk_pl_0 rise edge)
                                                      0.000     0.000 r  
    PS8_X0Y0             PS8                          0.000     0.000 r  design_1_i/zynq_ultra_ps_e_0/inst/PS8_i/PLCLK[0]
                         net (fo=1, routed)           0.171     0.171    design_1_i/zynq_ultra_ps_e_0/inst/pl_clk_unbuffered[0]
    BUFG_PS_X0Y95        BUFG_PS (Prop_BUFG_PS_I_O)
                                                      0.028     0.199 r  design_1_i/zynq_ultra_ps_e_0/inst/buffer_pl_clk_0.PL_CLK_0_BUFG/O
    X0Y1 (CLOCK_ROOT)    net (fo=629, routed)         1.780     1.979    design_1_i/ps8_0_axi_periph/s00_couplers/auto_pc/inst/gen_axilite.gen_b2s_conv.axilite_b2s/RD.ar_channel_0/aclk
    SLICE_X3Y87          FDRE                                         r  design_1_i/ps8_0_axi_periph/s00_couplers/auto_pc/inst/gen_axilite.gen_b2s_conv.axilite_b2s/RD.ar_channel_0/s_arid_r_reg[0]/C
                         clock pessimism             -0.164     1.815    
    SLICE_X3Y87          FDRE (Hold_DFF_SLICEL_C_D)
                                                      0.060     1.875    design_1_i/ps8_0_axi_periph/s00_couplers/auto_pc/inst/gen_axilite.gen_b2s_conv.axilite_b2s/RD.ar_channel_0/s_arid_r_reg[0]
  -------------------------------------------------------------------
                         required time                         -1.875    
                         arrival time                           1.909    
  -------------------------------------------------------------------
                         slack                                  0.034    

Slack (MET) :             0.036ns  (arrival time - required time)
  Source:                 design_1_i/axi_uartlite_0/U0/UARTLITE_CORE_I/UARTLITE_TX_I/data_shift_reg[0]/C
                            (rising edge-triggered cell FDSE clocked by clk_pl_0  {rise@0.000ns fall@5.000ns period=10.000ns})
  Destination:            design_1_i/axi_uartlite_0/U0/UARTLITE_CORE_I/UARTLITE_TX_I/data_shift_reg[13]_srl13___UARTLITE_CORE_I_UARTLITE_RX_I_data_shift_reg_r_11/D
                            (rising edge-triggered cell SRL16E clocked by clk_pl_0  {rise@0.000ns fall@5.000ns period=10.000ns})
  Path Group:             clk_pl_0
  Path Type:              Hold (Min at Slow Process Corner)
  Requirement:            0.000ns  (clk_pl_0 rise@0.000ns - clk_pl_0 rise@0.000ns)
  Data Path Delay:        0.170ns  (logic 0.060ns (35.294%)  route 0.110ns (64.706%))
  Logic Levels:           0  
  Clock Path Skew:        0.105ns (DCD - SCD - CPR)
    Destination Clock Delay (DCD):    1.996ns
    Source Clock Delay      (SCD):    1.727ns
    Clock Pessimism Removal (CPR):    0.164ns
  Clock Net Delay (Source):      1.567ns (routing 0.828ns, distribution 0.739ns)
  Clock Net Delay (Destination): 1.797ns (routing 0.918ns, distribution 0.879ns)

    Location             Delay type                Incr(ns)  Path(ns)    Netlist Resource(s)
  -------------------------------------------------------------------    -------------------
                         (clock clk_pl_0 rise edge)
                                                      0.000     0.000 r  
    PS8_X0Y0             PS8                          0.000     0.000 r  design_1_i/zynq_ultra_ps_e_0/inst/PS8_i/PLCLK[0]
                         net (fo=1, routed)           0.135     0.135    design_1_i/zynq_ultra_ps_e_0/inst/pl_clk_unbuffered[0]
    BUFG_PS_X0Y95        BUFG_PS (Prop_BUFG_PS_I_O)
                                                      0.025     0.160 r  design_1_i/zynq_ultra_ps_e_0/inst/buffer_pl_clk_0.PL_CLK_0_BUFG/O
    X0Y1 (CLOCK_ROOT)    net (fo=629, routed)         1.567     1.727    design_1_i/axi_uartlite_0/U0/UARTLITE_CORE_I/UARTLITE_TX_I/s_axi_aclk
    SLICE_X6Y96          FDSE                                         r  design_1_i/axi_uartlite_0/U0/UARTLITE_CORE_I/UARTLITE_TX_I/data_shift_reg[0]/C
  -------------------------------------------------------------------    -------------------
    SLICE_X6Y96          FDSE (Prop_AFF2_SLICEL_C_Q)
                                                      0.060     1.787 r  design_1_i/axi_uartlite_0/U0/UARTLITE_CORE_I/UARTLITE_TX_I/data_shift_reg[0]/Q
                         net (fo=1, routed)           0.110     1.897    design_1_i/axi_uartlite_0/U0/UARTLITE_CORE_I/UARTLITE_TX_I/p_0_in[1]
    SLICE_X7Y96          SRL16E                                       r  design_1_i/axi_uartlite_0/U0/UARTLITE_CORE_I/UARTLITE_TX_I/data_shift_reg[13]_srl13___UARTLITE_CORE_I_UARTLITE_RX_I_data_shift_reg_r_11/D
  -------------------------------------------------------------------    -------------------

                         (clock clk_pl_0 rise edge)
                                                      0.000     0.000 r  
    PS8_X0Y0             PS8                          0.000     0.000 r  design_1_i/zynq_ultra_ps_e_0/inst/PS8_i/PLCLK[0]
                         net (fo=1, routed)           0.171     0.171    design_1_i/zynq_ultra_ps_e_0/inst/pl_clk_unbuffered[0]
    BUFG_PS_X0Y95        BUFG_PS (Prop_BUFG_PS_I_O)
                                                      0.028     0.199 r  design_1_i/zynq_ultra_ps_e_0/inst/buffer_pl_clk_0.PL_CLK_0_BUFG/O
    X0Y1 (CLOCK_ROOT)    net (fo=629, routed)         1.797     1.996    design_1_i/axi_uartlite_0/U0/UARTLITE_CORE_I/UARTLITE_TX_I/s_axi_aclk
    SLICE_X7Y96          SRL16E                                       r  design_1_i/axi_uartlite_0/U0/UARTLITE_CORE_I/UARTLITE_TX_I/data_shift_reg[13]_srl13___UARTLITE_CORE_I_UARTLITE_RX_I_data_shift_reg_r_11/CLK
                         clock pessimism             -0.164     1.832    
    SLICE_X7Y96          SRL16E (Hold_B6LUT_SLICEM_CLK_D)
                                                      0.029     1.861    design_1_i/axi_uartlite_0/U0/UARTLITE_CORE_I/UARTLITE_TX_I/data_shift_reg[13]_srl13___UARTLITE_CORE_I_UARTLITE_RX_I_data_shift_reg_r_11
  -------------------------------------------------------------------
                         required time                         -1.861    
                         arrival time                           1.897    
  -------------------------------------------------------------------
                         slack                                  0.036    

Slack (MET) :             0.038ns  (arrival time - required time)
  Source:                 design_1_i/ps8_0_axi_periph/s00_couplers/auto_pc/inst/gen_axilite.gen_b2s_conv.axilite_b2s/RD.r_channel_0/r_arid_r_reg[12]/C
                            (rising edge-triggered cell FDRE clocked by clk_pl_0  {rise@0.000ns fall@5.000ns period=10.000ns})
  Destination:            design_1_i/ps8_0_axi_periph/s00_couplers/auto_pc/inst/gen_axilite.gen_b2s_conv.axilite_b2s/RD.r_channel_0/transaction_fifo_0/memory_reg[31][13]_srl32/D
                            (rising edge-triggered cell SRLC32E clocked by clk_pl_0  {rise@0.000ns fall@5.000ns period=10.000ns})
  Path Group:             clk_pl_0
  Path Type:              Hold (Min at Fast Process Corner)
  Requirement:            0.000ns  (clk_pl_0 rise@0.000ns - clk_pl_0 rise@0.000ns)
  Data Path Delay:        0.122ns  (logic 0.037ns (30.328%)  route 0.085ns (69.672%))
  Logic Levels:           0  
  Clock Path Skew:        0.038ns (DCD - SCD - CPR)
    Destination Clock Delay (DCD):    1.279ns
    Source Clock Delay      (SCD):    1.096ns
    Clock Pessimism Removal (CPR):    0.145ns
  Clock Net Delay (Source):      0.985ns (routing 0.500ns, distribution 0.485ns)
  Clock Net Delay (Destination): 1.141ns (routing 0.565ns, distribution 0.576ns)

    Location             Delay type                Incr(ns)  Path(ns)    Netlist Resource(s)
  -------------------------------------------------------------------    -------------------
                         (clock clk_pl_0 rise edge)
                                                      0.000     0.000 r  
    PS8_X0Y0             PS8                          0.000     0.000 r  design_1_i/zynq_ultra_ps_e_0/inst/PS8_i/PLCLK[0]
                         net (fo=1, routed)           0.094     0.094    design_1_i/zynq_ultra_ps_e_0/inst/pl_clk_unbuffered[0]
    BUFG_PS_X0Y95        BUFG_PS (Prop_BUFG_PS_I_O)
                                                      0.017     0.111 r  design_1_i/zynq_ultra_ps_e_0/inst/buffer_pl_clk_0.PL_CLK_0_BUFG/O
    X0Y1 (CLOCK_ROOT)    net (fo=629, routed)         0.985     1.096    design_1_i/ps8_0_axi_periph/s00_couplers/auto_pc/inst/gen_axilite.gen_b2s_conv.axilite_b2s/RD.r_channel_0/aclk
    SLICE_X2Y84          FDRE                                         r  design_1_i/ps8_0_axi_periph/s00_couplers/auto_pc/inst/gen_axilite.gen_b2s_conv.axilite_b2s/RD.r_channel_0/r_arid_r_reg[12]/C
  -------------------------------------------------------------------    -------------------
    SLICE_X2Y84          FDRE (Prop_FFF_SLICEM_C_Q)
                                                      0.037     1.133 r  design_1_i/ps8_0_axi_periph/s00_couplers/auto_pc/inst/gen_axilite.gen_b2s_conv.axilite_b2s/RD.r_channel_0/r_arid_r_reg[12]/Q
                         net (fo=1, routed)           0.085     1.218    design_1_i/ps8_0_axi_periph/s00_couplers/auto_pc/inst/gen_axilite.gen_b2s_conv.axilite_b2s/RD.r_channel_0/transaction_fifo_0/in[13]
    SLICE_X2Y87          SRLC32E                                      r  design_1_i/ps8_0_axi_periph/s00_couplers/auto_pc/inst/gen_axilite.gen_b2s_conv.axilite_b2s/RD.r_channel_0/transaction_fifo_0/memory_reg[31][13]_srl32/D
  -------------------------------------------------------------------    -------------------

                         (clock clk_pl_0 rise edge)
                                                      0.000     0.000 r  
    PS8_X0Y0             PS8                          0.000     0.000 r  design_1_i/zynq_ultra_ps_e_0/inst/PS8_i/PLCLK[0]
                         net (fo=1, routed)           0.120     0.120    design_1_i/zynq_ultra_ps_e_0/inst/pl_clk_unbuffered[0]
    BUFG_PS_X0Y95        BUFG_PS (Prop_BUFG_PS_I_O)
                                                      0.018     0.138 r  design_1_i/zynq_ultra_ps_e_0/inst/buffer_pl_clk_0.PL_CLK_0_BUFG/O
    X0Y1 (CLOCK_ROOT)    net (fo=629, routed)         1.141     1.279    design_1_i/ps8_0_axi_periph/s00_couplers/auto_pc/inst/gen_axilite.gen_b2s_conv.axilite_b2s/RD.r_channel_0/transaction_fifo_0/aclk
    SLICE_X2Y87          SRLC32E                                      r  design_1_i/ps8_0_axi_periph/s00_couplers/auto_pc/inst/gen_axilite.gen_b2s_conv.axilite_b2s/RD.r_channel_0/transaction_fifo_0/memory_reg[31][13]_srl32/CLK
                         clock pessimism             -0.145     1.134    
    SLICE_X2Y87          SRLC32E (Hold_F6LUT_SLICEM_CLK_D)
                                                      0.046     1.180    design_1_i/ps8_0_axi_periph/s00_couplers/auto_pc/inst/gen_axilite.gen_b2s_conv.axilite_b2s/RD.r_channel_0/transaction_fifo_0/memory_reg[31][13]_srl32
  -------------------------------------------------------------------
                         required time                         -1.180    
                         arrival time                           1.218    
  -------------------------------------------------------------------
                         slack                                  0.038    

Slack (MET) :             0.040ns  (arrival time - required time)
  Source:                 design_1_i/ps8_0_axi_periph/s00_couplers/auto_pc/inst/gen_axilite.gen_b2s_conv.axilite_b2s/WR.aw_channel_0/s_awid_r_reg[14]/C
                            (rising edge-triggered cell FDRE clocked by clk_pl_0  {rise@0.000ns fall@5.000ns period=10.000ns})
  Destination:            design_1_i/ps8_0_axi_periph/s00_couplers/auto_pc/inst/gen_axilite.gen_b2s_conv.axilite_b2s/WR.b_channel_0/bid_fifo_0/memory_reg[3][22]_srl4/D
                            (rising edge-triggered cell SRL16E clocked by clk_pl_0  {rise@0.000ns fall@5.000ns period=10.000ns})
  Path Group:             clk_pl_0
  Path Type:              Hold (Min at Fast Process Corner)
  Requirement:            0.000ns  (clk_pl_0 rise@0.000ns - clk_pl_0 rise@0.000ns)
  Data Path Delay:        0.112ns  (logic 0.039ns (34.821%)  route 0.073ns (65.179%))
  Logic Levels:           0  
  Clock Path Skew:        0.033ns (DCD - SCD - CPR)
    Destination Clock Delay (DCD):    1.276ns
    Source Clock Delay      (SCD):    1.098ns
    Clock Pessimism Removal (CPR):    0.145ns
  Clock Net Delay (Source):      0.987ns (routing 0.500ns, distribution 0.487ns)
  Clock Net Delay (Destination): 1.138ns (routing 0.565ns, distribution 0.573ns)

    Location             Delay type                Incr(ns)  Path(ns)    Netlist Resource(s)
  -------------------------------------------------------------------    -------------------
                         (clock clk_pl_0 rise edge)
                                                      0.000     0.000 r  
    PS8_X0Y0             PS8                          0.000     0.000 r  design_1_i/zynq_ultra_ps_e_0/inst/PS8_i/PLCLK[0]
                         net (fo=1, routed)           0.094     0.094    design_1_i/zynq_ultra_ps_e_0/inst/pl_clk_unbuffered[0]
    BUFG_PS_X0Y95        BUFG_PS (Prop_BUFG_PS_I_O)
                                                      0.017     0.111 r  design_1_i/zynq_ultra_ps_e_0/inst/buffer_pl_clk_0.PL_CLK_0_BUFG/O
    X0Y1 (CLOCK_ROOT)    net (fo=629, routed)         0.987     1.098    design_1_i/ps8_0_axi_periph/s00_couplers/auto_pc/inst/gen_axilite.gen_b2s_conv.axilite_b2s/WR.aw_channel_0/aclk
    SLICE_X3Y105         FDRE                                         r  design_1_i/ps8_0_axi_periph/s00_couplers/auto_pc/inst/gen_axilite.gen_b2s_conv.axilite_b2s/WR.aw_channel_0/s_awid_r_reg[14]/C
  -------------------------------------------------------------------    -------------------
    SLICE_X3Y105         FDRE (Prop_HFF_SLICEL_C_Q)
                                                      0.039     1.137 r  design_1_i/ps8_0_axi_periph/s00_couplers/auto_pc/inst/gen_axilite.gen_b2s_conv.axilite_b2s/WR.aw_channel_0/s_awid_r_reg[14]/Q
                         net (fo=1, routed)           0.073     1.210    design_1_i/ps8_0_axi_periph/s00_couplers/auto_pc/inst/gen_axilite.gen_b2s_conv.axilite_b2s/WR.b_channel_0/bid_fifo_0/in[22]
    SLICE_X2Y104         SRL16E                                       r  design_1_i/ps8_0_axi_periph/s00_couplers/auto_pc/inst/gen_axilite.gen_b2s_conv.axilite_b2s/WR.b_channel_0/bid_fifo_0/memory_reg[3][22]_srl4/D
  -------------------------------------------------------------------    -------------------

                         (clock clk_pl_0 rise edge)
                                                      0.000     0.000 r  
    PS8_X0Y0             PS8                          0.000     0.000 r  design_1_i/zynq_ultra_ps_e_0/inst/PS8_i/PLCLK[0]
                         net (fo=1, routed)           0.120     0.120    design_1_i/zynq_ultra_ps_e_0/inst/pl_clk_unbuffered[0]
    BUFG_PS_X0Y95        BUFG_PS (Prop_BUFG_PS_I_O)
                                                      0.018     0.138 r  design_1_i/zynq_ultra_ps_e_0/inst/buffer_pl_clk_0.PL_CLK_0_BUFG/O
    X0Y1 (CLOCK_ROOT)    net (fo=629, routed)         1.138     1.276    design_1_i/ps8_0_axi_periph/s00_couplers/auto_pc/inst/gen_axilite.gen_b2s_conv.axilite_b2s/WR.b_channel_0/bid_fifo_0/aclk
    SLICE_X2Y104         SRL16E                                       r  design_1_i/ps8_0_axi_periph/s00_couplers/auto_pc/inst/gen_axilite.gen_b2s_conv.axilite_b2s/WR.b_channel_0/bid_fifo_0/memory_reg[3][22]_srl4/CLK
                         clock pessimism             -0.145     1.131    
    SLICE_X2Y104         SRL16E (Hold_G5LUT_SLICEM_CLK_D)
                                                      0.039     1.170    design_1_i/ps8_0_axi_periph/s00_couplers/auto_pc/inst/gen_axilite.gen_b2s_conv.axilite_b2s/WR.b_channel_0/bid_fifo_0/memory_reg[3][22]_srl4
  -------------------------------------------------------------------
                         required time                         -1.170    
                         arrival time                           1.210    
  -------------------------------------------------------------------
                         slack                                  0.040    

Slack (MET) :             0.042ns  (arrival time - required time)
  Source:                 design_1_i/ps8_0_axi_periph/s00_couplers/auto_pc/inst/gen_axilite.gen_b2s_conv.axilite_b2s/SI_REG/aw.aw_pipe/m_payload_i_reg[64]/C
                            (rising edge-triggered cell FDRE clocked by clk_pl_0  {rise@0.000ns fall@5.000ns period=10.000ns})
  Destination:            design_1_i/ps8_0_axi_periph/s00_couplers/auto_pc/inst/gen_axilite.gen_b2s_conv.axilite_b2s/WR.aw_channel_0/s_awid_r_reg[3]/D
                            (rising edge-triggered cell FDRE clocked by clk_pl_0  {rise@0.000ns fall@5.000ns period=10.000ns})
  Path Group:             clk_pl_0
  Path Type:              Hold (Min at Fast Process Corner)
  Requirement:            0.000ns  (clk_pl_0 rise@0.000ns - clk_pl_0 rise@0.000ns)
  Data Path Delay:        0.099ns  (logic 0.041ns (41.414%)  route 0.058ns (58.586%))
  Logic Levels:           0  
  Clock Path Skew:        0.010ns (DCD - SCD - CPR)
    Destination Clock Delay (DCD):    1.250ns
    Source Clock Delay      (SCD):    1.095ns
    Clock Pessimism Removal (CPR):    0.145ns
  Clock Net Delay (Source):      0.984ns (routing 0.500ns, distribution 0.484ns)
  Clock Net Delay (Destination): 1.112ns (routing 0.565ns, distribution 0.547ns)

    Location             Delay type                Incr(ns)  Path(ns)    Netlist Resource(s)
  -------------------------------------------------------------------    -------------------
                         (clock clk_pl_0 rise edge)
                                                      0.000     0.000 r  
    PS8_X0Y0             PS8                          0.000     0.000 r  design_1_i/zynq_ultra_ps_e_0/inst/PS8_i/PLCLK[0]
                         net (fo=1, routed)           0.094     0.094    design_1_i/zynq_ultra_ps_e_0/inst/pl_clk_unbuffered[0]
    BUFG_PS_X0Y95        BUFG_PS (Prop_BUFG_PS_I_O)
                                                      0.017     0.111 r  design_1_i/zynq_ultra_ps_e_0/inst/buffer_pl_clk_0.PL_CLK_0_BUFG/O
    X0Y1 (CLOCK_ROOT)    net (fo=629, routed)         0.984     1.095    design_1_i/ps8_0_axi_periph/s00_couplers/auto_pc/inst/gen_axilite.gen_b2s_conv.axilite_b2s/SI_REG/aw.aw_pipe/aclk
    SLICE_X3Y105         FDRE                                         r  design_1_i/ps8_0_axi_periph/s00_couplers/auto_pc/inst/gen_axilite.gen_b2s_conv.axilite_b2s/SI_REG/aw.aw_pipe/m_payload_i_reg[64]/C
  -------------------------------------------------------------------    -------------------
    SLICE_X3Y105         FDRE (Prop_DFF2_SLICEL_C_Q)
                                                      0.041     1.136 r  design_1_i/ps8_0_axi_periph/s00_couplers/auto_pc/inst/gen_axilite.gen_b2s_conv.axilite_b2s/SI_REG/aw.aw_pipe/m_payload_i_reg[64]/Q
                         net (fo=1, routed)           0.058     1.194    design_1_i/ps8_0_axi_periph/s00_couplers/auto_pc/inst/gen_axilite.gen_b2s_conv.axilite_b2s/WR.aw_channel_0/s_awid_r_reg[15]_0[27]
    SLICE_X3Y104         FDRE                                         r  design_1_i/ps8_0_axi_periph/s00_couplers/auto_pc/inst/gen_axilite.gen_b2s_conv.axilite_b2s/WR.aw_channel_0/s_awid_r_reg[3]/D
  -------------------------------------------------------------------    -------------------

                         (clock clk_pl_0 rise edge)
                                                      0.000     0.000 r  
    PS8_X0Y0             PS8                          0.000     0.000 r  design_1_i/zynq_ultra_ps_e_0/inst/PS8_i/PLCLK[0]
                         net (fo=1, routed)           0.120     0.120    design_1_i/zynq_ultra_ps_e_0/inst/pl_clk_unbuffered[0]
    BUFG_PS_X0Y95        BUFG_PS (Prop_BUFG_PS_I_O)
                                                      0.018     0.138 r  design_1_i/zynq_ultra_ps_e_0/inst/buffer_pl_clk_0.PL_CLK_0_BUFG/O
    X0Y1 (CLOCK_ROOT)    net (fo=629, routed)         1.112     1.250    design_1_i/ps8_0_axi_periph/s00_couplers/auto_pc/inst/gen_axilite.gen_b2s_conv.axilite_b2s/WR.aw_channel_0/aclk
    SLICE_X3Y104         FDRE                                         r  design_1_i/ps8_0_axi_periph/s00_couplers/auto_pc/inst/gen_axilite.gen_b2s_conv.axilite_b2s/WR.aw_channel_0/s_awid_r_reg[3]/C
                         clock pessimism             -0.145     1.105    
    SLICE_X3Y104         FDRE (Hold_EFF2_SLICEL_C_D)
                                                      0.047     1.152    design_1_i/ps8_0_axi_periph/s00_couplers/auto_pc/inst/gen_axilite.gen_b2s_conv.axilite_b2s/WR.aw_channel_0/s_awid_r_reg[3]
  -------------------------------------------------------------------
                         required time                         -1.152    
                         arrival time                           1.194    
  -------------------------------------------------------------------
                         slack                                  0.042    

Slack (MET) :             0.044ns  (arrival time - required time)
  Source:                 design_1_i/ps8_0_axi_periph/s00_couplers/auto_pc/inst/gen_axilite.gen_b2s_conv.axilite_b2s/WR.aw_channel_0/s_awlen_r_reg[1]/C
                            (rising edge-triggered cell FDRE clocked by clk_pl_0  {rise@0.000ns fall@5.000ns period=10.000ns})
  Destination:            design_1_i/ps8_0_axi_periph/s00_couplers/auto_pc/inst/gen_axilite.gen_b2s_conv.axilite_b2s/WR.b_channel_0/bid_fifo_0/memory_reg[3][1]_srl4/D
                            (rising edge-triggered cell SRL16E clocked by clk_pl_0  {rise@0.000ns fall@5.000ns period=10.000ns})
  Path Group:             clk_pl_0
  Path Type:              Hold (Min at Fast Process Corner)
  Requirement:            0.000ns  (clk_pl_0 rise@0.000ns - clk_pl_0 rise@0.000ns)
  Data Path Delay:        0.103ns  (logic 0.040ns (38.835%)  route 0.063ns (61.165%))
  Logic Levels:           0  
  Clock Path Skew:        0.043ns (DCD - SCD - CPR)
    Destination Clock Delay (DCD):    1.266ns
    Source Clock Delay      (SCD):    1.078ns
    Clock Pessimism Removal (CPR):    0.145ns
  Clock Net Delay (Source):      0.967ns (routing 0.500ns, distribution 0.467ns)
  Clock Net Delay (Destination): 1.128ns (routing 0.565ns, distribution 0.563ns)

    Location             Delay type                Incr(ns)  Path(ns)    Netlist Resource(s)
  -------------------------------------------------------------------    -------------------
                         (clock clk_pl_0 rise edge)
                                                      0.000     0.000 r  
    PS8_X0Y0             PS8                          0.000     0.000 r  design_1_i/zynq_ultra_ps_e_0/inst/PS8_i/PLCLK[0]
                         net (fo=1, routed)           0.094     0.094    design_1_i/zynq_ultra_ps_e_0/inst/pl_clk_unbuffered[0]
    BUFG_PS_X0Y95        BUFG_PS (Prop_BUFG_PS_I_O)
                                                      0.017     0.111 r  design_1_i/zynq_ultra_ps_e_0/inst/buffer_pl_clk_0.PL_CLK_0_BUFG/O
    X0Y1 (CLOCK_ROOT)    net (fo=629, routed)         0.967     1.078    design_1_i/ps8_0_axi_periph/s00_couplers/auto_pc/inst/gen_axilite.gen_b2s_conv.axilite_b2s/WR.aw_channel_0/aclk
    SLICE_X6Y91          FDRE                                         r  design_1_i/ps8_0_axi_periph/s00_couplers/auto_pc/inst/gen_axilite.gen_b2s_conv.axilite_b2s/WR.aw_channel_0/s_awlen_r_reg[1]/C
  -------------------------------------------------------------------    -------------------
    SLICE_X6Y91          FDRE (Prop_EFF2_SLICEL_C_Q)
                                                      0.040     1.118 r  design_1_i/ps8_0_axi_periph/s00_couplers/auto_pc/inst/gen_axilite.gen_b2s_conv.axilite_b2s/WR.aw_channel_0/s_awlen_r_reg[1]/Q
                         net (fo=1, routed)           0.063     1.181    design_1_i/ps8_0_axi_periph/s00_couplers/auto_pc/inst/gen_axilite.gen_b2s_conv.axilite_b2s/WR.b_channel_0/bid_fifo_0/in[1]
    SLICE_X5Y91          SRL16E                                       r  design_1_i/ps8_0_axi_periph/s00_couplers/auto_pc/inst/gen_axilite.gen_b2s_conv.axilite_b2s/WR.b_channel_0/bid_fifo_0/memory_reg[3][1]_srl4/D
  -------------------------------------------------------------------    -------------------

                         (clock clk_pl_0 rise edge)
                                                      0.000     0.000 r  
    PS8_X0Y0             PS8                          0.000     0.000 r  design_1_i/zynq_ultra_ps_e_0/inst/PS8_i/PLCLK[0]
                         net (fo=1, routed)           0.120     0.120    design_1_i/zynq_ultra_ps_e_0/inst/pl_clk_unbuffered[0]
    BUFG_PS_X0Y95        BUFG_PS (Prop_BUFG_PS_I_O)
                                                      0.018     0.138 r  design_1_i/zynq_ultra_ps_e_0/inst/buffer_pl_clk_0.PL_CLK_0_BUFG/O
    X0Y1 (CLOCK_ROOT)    net (fo=629, routed)         1.128     1.266    design_1_i/ps8_0_axi_periph/s00_couplers/auto_pc/inst/gen_axilite.gen_b2s_conv.axilite_b2s/WR.b_channel_0/bid_fifo_0/aclk
    SLICE_X5Y91          SRL16E                                       r  design_1_i/ps8_0_axi_periph/s00_couplers/auto_pc/inst/gen_axilite.gen_b2s_conv.axilite_b2s/WR.b_channel_0/bid_fifo_0/memory_reg[3][1]_srl4/CLK
                         clock pessimism             -0.145     1.121    
    SLICE_X5Y91          SRL16E (Hold_B6LUT_SLICEM_CLK_D)
                                                      0.016     1.137    design_1_i/ps8_0_axi_periph/s00_couplers/auto_pc/inst/gen_axilite.gen_b2s_conv.axilite_b2s/WR.b_channel_0/bid_fifo_0/memory_reg[3][1]_srl4
  -------------------------------------------------------------------
                         required time                         -1.137    
                         arrival time                           1.181    
  -------------------------------------------------------------------
                         slack                                  0.044    

Slack (MET) :             0.045ns  (arrival time - required time)
  Source:                 design_1_i/ps8_0_axi_periph/s00_couplers/auto_pc/inst/gen_axilite.gen_b2s_conv.axilite_b2s/SI_REG/ar.ar_pipe/m_payload_i_reg[65]/C
                            (rising edge-triggered cell FDRE clocked by clk_pl_0  {rise@0.000ns fall@5.000ns period=10.000ns})
  Destination:            design_1_i/ps8_0_axi_periph/s00_couplers/auto_pc/inst/gen_axilite.gen_b2s_conv.axilite_b2s/RD.ar_channel_0/s_arid_r_reg[4]/D
                            (rising edge-triggered cell FDRE clocked by clk_pl_0  {rise@0.000ns fall@5.000ns period=10.000ns})
  Path Group:             clk_pl_0
  Path Type:              Hold (Min at Fast Process Corner)
  Requirement:            0.000ns  (clk_pl_0 rise@0.000ns - clk_pl_0 rise@0.000ns)
  Data Path Delay:        0.103ns  (logic 0.039ns (37.864%)  route 0.064ns (62.136%))
  Logic Levels:           0  
  Clock Path Skew:        0.012ns (DCD - SCD - CPR)
    Destination Clock Delay (DCD):    1.252ns
    Source Clock Delay      (SCD):    1.089ns
    Clock Pessimism Removal (CPR):    0.151ns
  Clock Net Delay (Source):      0.978ns (routing 0.500ns, distribution 0.478ns)
  Clock Net Delay (Destination): 1.114ns (routing 0.565ns, distribution 0.549ns)

    Location             Delay type                Incr(ns)  Path(ns)    Netlist Resource(s)
  -------------------------------------------------------------------    -------------------
                         (clock clk_pl_0 rise edge)
                                                      0.000     0.000 r  
    PS8_X0Y0             PS8                          0.000     0.000 r  design_1_i/zynq_ultra_ps_e_0/inst/PS8_i/PLCLK[0]
                         net (fo=1, routed)           0.094     0.094    design_1_i/zynq_ultra_ps_e_0/inst/pl_clk_unbuffered[0]
    BUFG_PS_X0Y95        BUFG_PS (Prop_BUFG_PS_I_O)
                                                      0.017     0.111 r  design_1_i/zynq_ultra_ps_e_0/inst/buffer_pl_clk_0.PL_CLK_0_BUFG/O
    X0Y1 (CLOCK_ROOT)    net (fo=629, routed)         0.978     1.089    design_1_i/ps8_0_axi_periph/s00_couplers/auto_pc/inst/gen_axilite.gen_b2s_conv.axilite_b2s/SI_REG/ar.ar_pipe/aclk
    SLICE_X2Y86          FDRE                                         r  design_1_i/ps8_0_axi_periph/s00_couplers/auto_pc/inst/gen_axilite.gen_b2s_conv.axilite_b2s/SI_REG/ar.ar_pipe/m_payload_i_reg[65]/C
  -------------------------------------------------------------------    -------------------
    SLICE_X2Y86          FDRE (Prop_DFF_SLICEM_C_Q)
                                                      0.039     1.128 r  design_1_i/ps8_0_axi_periph/s00_couplers/auto_pc/inst/gen_axilite.gen_b2s_conv.axilite_b2s/SI_REG/ar.ar_pipe/m_payload_i_reg[65]/Q
                         net (fo=1, routed)           0.064     1.192    design_1_i/ps8_0_axi_periph/s00_couplers/auto_pc/inst/gen_axilite.gen_b2s_conv.axilite_b2s/RD.ar_channel_0/s_arid_r_reg[15]_1[28]
    SLICE_X2Y86          FDRE                                         r  design_1_i/ps8_0_axi_periph/s00_couplers/auto_pc/inst/gen_axilite.gen_b2s_conv.axilite_b2s/RD.ar_channel_0/s_arid_r_reg[4]/D
  -------------------------------------------------------------------    -------------------

                         (clock clk_pl_0 rise edge)
                                                      0.000     0.000 r  
    PS8_X0Y0             PS8                          0.000     0.000 r  design_1_i/zynq_ultra_ps_e_0/inst/PS8_i/PLCLK[0]
                         net (fo=1, routed)           0.120     0.120    design_1_i/zynq_ultra_ps_e_0/inst/pl_clk_unbuffered[0]
    BUFG_PS_X0Y95        BUFG_PS (Prop_BUFG_PS_I_O)
                                                      0.018     0.138 r  design_1_i/zynq_ultra_ps_e_0/inst/buffer_pl_clk_0.PL_CLK_0_BUFG/O
    X0Y1 (CLOCK_ROOT)    net (fo=629, routed)         1.114     1.252    design_1_i/ps8_0_axi_periph/s00_couplers/auto_pc/inst/gen_axilite.gen_b2s_conv.axilite_b2s/RD.ar_channel_0/aclk
    SLICE_X2Y86          FDRE                                         r  design_1_i/ps8_0_axi_periph/s00_couplers/auto_pc/inst/gen_axilite.gen_b2s_conv.axilite_b2s/RD.ar_channel_0/s_arid_r_reg[4]/C
                         clock pessimism             -0.151     1.101    
    SLICE_X2Y86          FDRE (Hold_HFF_SLICEM_C_D)
                                                      0.046     1.147    design_1_i/ps8_0_axi_periph/s00_couplers/auto_pc/inst/gen_axilite.gen_b2s_conv.axilite_b2s/RD.ar_channel_0/s_arid_r_reg[4]
  -------------------------------------------------------------------
                         required time                         -1.147    
                         arrival time                           1.192    
  -------------------------------------------------------------------
                         slack                                  0.045    

Slack (MET) :             0.045ns  (arrival time - required time)
  Source:                 design_1_i/axi_uartlite_0/U0/UARTLITE_CORE_I/UARTLITE_RX_I/data_shift_reg_r/C
                            (rising edge-triggered cell FDRE clocked by clk_pl_0  {rise@0.000ns fall@5.000ns period=10.000ns})
  Destination:            design_1_i/axi_uartlite_0/U0/UARTLITE_CORE_I/UARTLITE_RX_I/data_shift_reg_r_0/D
                            (rising edge-triggered cell FDRE clocked by clk_pl_0  {rise@0.000ns fall@5.000ns period=10.000ns})
  Path Group:             clk_pl_0
  Path Type:              Hold (Min at Fast Process Corner)
  Requirement:            0.000ns  (clk_pl_0 rise@0.000ns - clk_pl_0 rise@0.000ns)
  Data Path Delay:        0.098ns  (logic 0.038ns (38.775%)  route 0.060ns (61.224%))
  Logic Levels:           0  
  Clock Path Skew:        0.006ns (DCD - SCD - CPR)
    Destination Clock Delay (DCD):    1.246ns
    Source Clock Delay      (SCD):    1.083ns
    Clock Pessimism Removal (CPR):    0.157ns
  Clock Net Delay (Source):      0.972ns (routing 0.500ns, distribution 0.472ns)
  Clock Net Delay (Destination): 1.108ns (routing 0.565ns, distribution 0.543ns)

    Location             Delay type                Incr(ns)  Path(ns)    Netlist Resource(s)
  -------------------------------------------------------------------    -------------------
                         (clock clk_pl_0 rise edge)
                                                      0.000     0.000 r  
    PS8_X0Y0             PS8                          0.000     0.000 r  design_1_i/zynq_ultra_ps_e_0/inst/PS8_i/PLCLK[0]
                         net (fo=1, routed)           0.094     0.094    design_1_i/zynq_ultra_ps_e_0/inst/pl_clk_unbuffered[0]
    BUFG_PS_X0Y95        BUFG_PS (Prop_BUFG_PS_I_O)
                                                      0.017     0.111 r  design_1_i/zynq_ultra_ps_e_0/inst/buffer_pl_clk_0.PL_CLK_0_BUFG/O
    X0Y1 (CLOCK_ROOT)    net (fo=629, routed)         0.972     1.083    design_1_i/axi_uartlite_0/U0/UARTLITE_CORE_I/UARTLITE_RX_I/s_axi_aclk
    SLICE_X8Y95          FDRE                                         r  design_1_i/axi_uartlite_0/U0/UARTLITE_CORE_I/UARTLITE_RX_I/data_shift_reg_r/C
  -------------------------------------------------------------------    -------------------
    SLICE_X8Y95          FDRE (Prop_AFF_SLICEM_C_Q)
                                                      0.038     1.121 r  design_1_i/axi_uartlite_0/U0/UARTLITE_CORE_I/UARTLITE_RX_I/data_shift_reg_r/Q
                         net (fo=1, routed)           0.060     1.181    design_1_i/axi_uartlite_0/U0/UARTLITE_CORE_I/UARTLITE_RX_I/data_shift_reg_r_n_0
    SLICE_X8Y95          FDRE                                         r  design_1_i/axi_uartlite_0/U0/UARTLITE_CORE_I/UARTLITE_RX_I/data_shift_reg_r_0/D
  -------------------------------------------------------------------    -------------------

                         (clock clk_pl_0 rise edge)
                                                      0.000     0.000 r  
    PS8_X0Y0             PS8                          0.000     0.000 r  design_1_i/zynq_ultra_ps_e_0/inst/PS8_i/PLCLK[0]
                         net (fo=1, routed)           0.120     0.120    design_1_i/zynq_ultra_ps_e_0/inst/pl_clk_unbuffered[0]
    BUFG_PS_X0Y95        BUFG_PS (Prop_BUFG_PS_I_O)
                                                      0.018     0.138 r  design_1_i/zynq_ultra_ps_e_0/inst/buffer_pl_clk_0.PL_CLK_0_BUFG/O
    X0Y1 (CLOCK_ROOT)    net (fo=629, routed)         1.108     1.246    design_1_i/axi_uartlite_0/U0/UARTLITE_CORE_I/UARTLITE_RX_I/s_axi_aclk
    SLICE_X8Y95          FDRE                                         r  design_1_i/axi_uartlite_0/U0/UARTLITE_CORE_I/UARTLITE_RX_I/data_shift_reg_r_0/C
                         clock pessimism             -0.157     1.089    
    SLICE_X8Y95          FDRE (Hold_AFF2_SLICEM_C_D)
                                                      0.047     1.136    design_1_i/axi_uartlite_0/U0/UARTLITE_CORE_I/UARTLITE_RX_I/data_shift_reg_r_0
  -------------------------------------------------------------------
                         required time                         -1.136    
                         arrival time                           1.181    
  -------------------------------------------------------------------
                         slack                                  0.045    

Slack (MET) :             0.046ns  (arrival time - required time)
  Source:                 design_1_i/ps8_0_axi_periph/s00_couplers/auto_pc/inst/gen_axilite.gen_b2s_conv.axilite_b2s/RD.ar_channel_0/cmd_translator_0/incr_cmd_0/axlen_cnt_reg[4]/C
                            (rising edge-triggered cell FDRE clocked by clk_pl_0  {rise@0.000ns fall@5.000ns period=10.000ns})
  Destination:            design_1_i/ps8_0_axi_periph/s00_couplers/auto_pc/inst/gen_axilite.gen_b2s_conv.axilite_b2s/RD.ar_channel_0/cmd_translator_0/incr_cmd_0/axlen_cnt_reg[4]/D
                            (rising edge-triggered cell FDRE clocked by clk_pl_0  {rise@0.000ns fall@5.000ns period=10.000ns})
  Path Group:             clk_pl_0
  Path Type:              Hold (Min at Fast Process Corner)
  Requirement:            0.000ns  (clk_pl_0 rise@0.000ns - clk_pl_0 rise@0.000ns)
  Data Path Delay:        0.098ns  (logic 0.054ns (55.102%)  route 0.044ns (44.898%))
  Logic Levels:           1  (LUT6=1)
  Clock Path Skew:        0.006ns (DCD - SCD - CPR)
    Destination Clock Delay (DCD):    1.252ns
    Source Clock Delay      (SCD):    1.089ns
    Clock Pessimism Removal (CPR):    0.157ns
  Clock Net Delay (Source):      0.978ns (routing 0.500ns, distribution 0.478ns)
  Clock Net Delay (Destination): 1.114ns (routing 0.565ns, distribution 0.549ns)

    Location             Delay type                Incr(ns)  Path(ns)    Netlist Resource(s)
  -------------------------------------------------------------------    -------------------
                         (clock clk_pl_0 rise edge)
                                                      0.000     0.000 r  
    PS8_X0Y0             PS8                          0.000     0.000 r  design_1_i/zynq_ultra_ps_e_0/inst/PS8_i/PLCLK[0]
                         net (fo=1, routed)           0.094     0.094    design_1_i/zynq_ultra_ps_e_0/inst/pl_clk_unbuffered[0]
    BUFG_PS_X0Y95        BUFG_PS (Prop_BUFG_PS_I_O)
                                                      0.017     0.111 r  design_1_i/zynq_ultra_ps_e_0/inst/buffer_pl_clk_0.PL_CLK_0_BUFG/O
    X0Y1 (CLOCK_ROOT)    net (fo=629, routed)         0.978     1.089    design_1_i/ps8_0_axi_periph/s00_couplers/auto_pc/inst/gen_axilite.gen_b2s_conv.axilite_b2s/RD.ar_channel_0/cmd_translator_0/incr_cmd_0/aclk
    SLICE_X3Y94          FDRE                                         r  design_1_i/ps8_0_axi_periph/s00_couplers/auto_pc/inst/gen_axilite.gen_b2s_conv.axilite_b2s/RD.ar_channel_0/cmd_translator_0/incr_cmd_0/axlen_cnt_reg[4]/C
  -------------------------------------------------------------------    -------------------
    SLICE_X3Y94          FDRE (Prop_BFF_SLICEL_C_Q)
                                                      0.039     1.128 r  design_1_i/ps8_0_axi_periph/s00_couplers/auto_pc/inst/gen_axilite.gen_b2s_conv.axilite_b2s/RD.ar_channel_0/cmd_translator_0/incr_cmd_0/axlen_cnt_reg[4]/Q
                         net (fo=4, routed)           0.029     1.157    design_1_i/ps8_0_axi_periph/s00_couplers/auto_pc/inst/gen_axilite.gen_b2s_conv.axilite_b2s/RD.ar_channel_0/cmd_translator_0/incr_cmd_0/axlen_cnt_reg_n_0_[4]
    SLICE_X3Y94          LUT6 (Prop_B6LUT_SLICEL_I2_O)
                                                      0.015     1.172 r  design_1_i/ps8_0_axi_periph/s00_couplers/auto_pc/inst/gen_axilite.gen_b2s_conv.axilite_b2s/RD.ar_channel_0/cmd_translator_0/incr_cmd_0/axlen_cnt[4]_i_1__0/O
                         net (fo=1, routed)           0.015     1.187    design_1_i/ps8_0_axi_periph/s00_couplers/auto_pc/inst/gen_axilite.gen_b2s_conv.axilite_b2s/RD.ar_channel_0/cmd_translator_0/incr_cmd_0/axlen_cnt[4]_i_1__0_n_0
    SLICE_X3Y94          FDRE                                         r  design_1_i/ps8_0_axi_periph/s00_couplers/auto_pc/inst/gen_axilite.gen_b2s_conv.axilite_b2s/RD.ar_channel_0/cmd_translator_0/incr_cmd_0/axlen_cnt_reg[4]/D
  -------------------------------------------------------------------    -------------------

                         (clock clk_pl_0 rise edge)
                                                      0.000     0.000 r  
    PS8_X0Y0             PS8                          0.000     0.000 r  design_1_i/zynq_ultra_ps_e_0/inst/PS8_i/PLCLK[0]
                         net (fo=1, routed)           0.120     0.120    design_1_i/zynq_ultra_ps_e_0/inst/pl_clk_unbuffered[0]
    BUFG_PS_X0Y95        BUFG_PS (Prop_BUFG_PS_I_O)
                                                      0.018     0.138 r  design_1_i/zynq_ultra_ps_e_0/inst/buffer_pl_clk_0.PL_CLK_0_BUFG/O
    X0Y1 (CLOCK_ROOT)    net (fo=629, routed)         1.114     1.252    design_1_i/ps8_0_axi_periph/s00_couplers/auto_pc/inst/gen_axilite.gen_b2s_conv.axilite_b2s/RD.ar_channel_0/cmd_translator_0/incr_cmd_0/aclk
    SLICE_X3Y94          FDRE                                         r  design_1_i/ps8_0_axi_periph/s00_couplers/auto_pc/inst/gen_axilite.gen_b2s_conv.axilite_b2s/RD.ar_channel_0/cmd_translator_0/incr_cmd_0/axlen_cnt_reg[4]/C
                         clock pessimism             -0.157     1.095    
    SLICE_X3Y94          FDRE (Hold_BFF_SLICEL_C_D)
                                                      0.046     1.141    design_1_i/ps8_0_axi_periph/s00_couplers/auto_pc/inst/gen_axilite.gen_b2s_conv.axilite_b2s/RD.ar_channel_0/cmd_translator_0/incr_cmd_0/axlen_cnt_reg[4]
  -------------------------------------------------------------------
                         required time                         -1.141    
                         arrival time                           1.187    
  -------------------------------------------------------------------
                         slack                                  0.046    





Pulse Width Checks
--------------------------------------------------------------------------------------
Clock Name:         clk_pl_0
Waveform(ns):       { 0.000 5.000 }
Period(ns):         10.000
Sources:            { design_1_i/zynq_ultra_ps_e_0/inst/PS8_i/PLCLK[0] }

Check Type        Corner  Lib Pin          Reference Pin  Required(ns)  Actual(ns)  Slack(ns)  Location      Pin
Min Period        n/a     PS8/MAXIGP0ACLK  n/a            3.000         10.000      7.000      PS8_X0Y0      design_1_i/zynq_ultra_ps_e_0/inst/PS8_i/MAXIGP0ACLK
Min Period        n/a     SRL16E/CLK       n/a            1.064         10.000      8.936      SLICE_X7Y96   design_1_i/axi_uartlite_0/U0/UARTLITE_CORE_I/UARTLITE_TX_I/data_shift_reg[13]_srl13___UARTLITE_CORE_I_UARTLITE_RX_I_data_shift_reg_r_11/CLK
Min Period        n/a     SRLC32E/CLK      n/a            1.064         10.000      8.936      SLICE_X2Y87   design_1_i/ps8_0_axi_periph/s00_couplers/auto_pc/inst/gen_axilite.gen_b2s_conv.axilite_b2s/RD.r_channel_0/transaction_fifo_0/memory_reg[31][11]_srl32/CLK
Min Period        n/a     SRLC32E/CLK      n/a            1.064         10.000      8.936      SLICE_X4Y87   design_1_i/ps8_0_axi_periph/s00_couplers/auto_pc/inst/gen_axilite.gen_b2s_conv.axilite_b2s/RD.r_channel_0/transaction_fifo_0/memory_reg[31][12]_srl32/CLK
Min Period        n/a     SRLC32E/CLK      n/a            1.064         10.000      8.936      SLICE_X2Y87   design_1_i/ps8_0_axi_periph/s00_couplers/auto_pc/inst/gen_axilite.gen_b2s_conv.axilite_b2s/RD.r_channel_0/transaction_fifo_0/memory_reg[31][13]_srl32/CLK
Min Period        n/a     SRLC32E/CLK      n/a            1.064         10.000      8.936      SLICE_X2Y87   design_1_i/ps8_0_axi_periph/s00_couplers/auto_pc/inst/gen_axilite.gen_b2s_conv.axilite_b2s/RD.r_channel_0/transaction_fifo_0/memory_reg[31][14]_srl32/CLK
Min Period        n/a     SRLC32E/CLK      n/a            1.064         10.000      8.936      SLICE_X2Y91   design_1_i/ps8_0_axi_periph/s00_couplers/auto_pc/inst/gen_axilite.gen_b2s_conv.axilite_b2s/RD.r_channel_0/transaction_fifo_0/memory_reg[31][15]_srl32/CLK
Min Period        n/a     SRLC32E/CLK      n/a            1.064         10.000      8.936      SLICE_X2Y91   design_1_i/ps8_0_axi_periph/s00_couplers/auto_pc/inst/gen_axilite.gen_b2s_conv.axilite_b2s/RD.r_channel_0/transaction_fifo_0/memory_reg[31][16]_srl32/CLK
Min Period        n/a     SRLC32E/CLK      n/a            1.064         10.000      8.936      SLICE_X2Y87   design_1_i/ps8_0_axi_periph/s00_couplers/auto_pc/inst/gen_axilite.gen_b2s_conv.axilite_b2s/RD.r_channel_0/transaction_fifo_0/memory_reg[31][1]_srl32/CLK
Min Period        n/a     SRLC32E/CLK      n/a            1.064         10.000      8.936      SLICE_X2Y87   design_1_i/ps8_0_axi_periph/s00_couplers/auto_pc/inst/gen_axilite.gen_b2s_conv.axilite_b2s/RD.r_channel_0/transaction_fifo_0/memory_reg[31][2]_srl32/CLK
Low Pulse Width   Slow    PS8/MAXIGP0ACLK  n/a            1.500         5.000       3.500      PS8_X0Y0      design_1_i/zynq_ultra_ps_e_0/inst/PS8_i/MAXIGP0ACLK
Low Pulse Width   Fast    PS8/MAXIGP0ACLK  n/a            1.500         5.000       3.500      PS8_X0Y0      design_1_i/zynq_ultra_ps_e_0/inst/PS8_i/MAXIGP0ACLK
Low Pulse Width   Slow    SRL16E/CLK       n/a            0.532         5.000       4.468      SLICE_X7Y96   design_1_i/axi_uartlite_0/U0/UARTLITE_CORE_I/UARTLITE_TX_I/data_shift_reg[13]_srl13___UARTLITE_CORE_I_UARTLITE_RX_I_data_shift_reg_r_11/CLK
Low Pulse Width   Fast    SRLC32E/CLK      n/a            0.532         5.000       4.468      SLICE_X4Y87   design_1_i/ps8_0_axi_periph/s00_couplers/auto_pc/inst/gen_axilite.gen_b2s_conv.axilite_b2s/RD.r_channel_0/transaction_fifo_0/memory_reg[31][12]_srl32/CLK
Low Pulse Width   Fast    SRLC32E/CLK      n/a            0.532         5.000       4.468      SLICE_X4Y87   design_1_i/ps8_0_axi_periph/s00_couplers/auto_pc/inst/gen_axilite.gen_b2s_conv.axilite_b2s/RD.r_channel_0/transaction_fifo_0/memory_reg[31][4]_srl32/CLK
Low Pulse Width   Fast    SRLC32E/CLK      n/a            0.532         5.000       4.468      SLICE_X4Y87   design_1_i/ps8_0_axi_periph/s00_couplers/auto_pc/inst/gen_axilite.gen_b2s_conv.axilite_b2s/RD.r_channel_0/transaction_fifo_0/memory_reg[31][6]_srl32/CLK
Low Pulse Width   Fast    SRLC32E/CLK      n/a            0.532         5.000       4.468      SLICE_X4Y87   design_1_i/ps8_0_axi_periph/s00_couplers/auto_pc/inst/gen_axilite.gen_b2s_conv.axilite_b2s/RD.r_channel_0/transaction_fifo_0/memory_reg[31][8]_srl32/CLK
Low Pulse Width   Slow    SRL16E/CLK       n/a            0.532         5.000       4.468      SLICE_X2Y104  design_1_i/ps8_0_axi_periph/s00_couplers/auto_pc/inst/gen_axilite.gen_b2s_conv.axilite_b2s/WR.b_channel_0/bid_fifo_0/memory_reg[3][10]_srl4/CLK
Low Pulse Width   Slow    SRL16E/CLK       n/a            0.532         5.000       4.468      SLICE_X7Y97   design_1_i/axi_uartlite_0/U0/UARTLITE_CORE_I/UARTLITE_RX_I/SRL_FIFO_I/I_SRL_FIFO_RBU_F/DYNSHREG_F_I/INFERRED_GEN.data_reg[15][0]_srl16/CLK
Low Pulse Width   Slow    SRL16E/CLK       n/a            0.532         5.000       4.468      SLICE_X7Y97   design_1_i/axi_uartlite_0/U0/UARTLITE_CORE_I/UARTLITE_RX_I/SRL_FIFO_I/I_SRL_FIFO_RBU_F/DYNSHREG_F_I/INFERRED_GEN.data_reg[15][1]_srl16/CLK
High Pulse Width  Slow    PS8/MAXIGP0ACLK  n/a            1.500         5.000       3.500      PS8_X0Y0      design_1_i/zynq_ultra_ps_e_0/inst/PS8_i/MAXIGP0ACLK
High Pulse Width  Fast    PS8/MAXIGP0ACLK  n/a            1.500         5.000       3.500      PS8_X0Y0      design_1_i/zynq_ultra_ps_e_0/inst/PS8_i/MAXIGP0ACLK
High Pulse Width  Slow    SRLC32E/CLK      n/a            0.532         5.000       4.468      SLICE_X2Y87   design_1_i/ps8_0_axi_periph/s00_couplers/auto_pc/inst/gen_axilite.gen_b2s_conv.axilite_b2s/RD.r_channel_0/transaction_fifo_0/memory_reg[31][11]_srl32/CLK
High Pulse Width  Slow    SRLC32E/CLK      n/a            0.532         5.000       4.468      SLICE_X2Y87   design_1_i/ps8_0_axi_periph/s00_couplers/auto_pc/inst/gen_axilite.gen_b2s_conv.axilite_b2s/RD.r_channel_0/transaction_fifo_0/memory_reg[31][13]_srl32/CLK
High Pulse Width  Slow    SRLC32E/CLK      n/a            0.532         5.000       4.468      SLICE_X2Y87   design_1_i/ps8_0_axi_periph/s00_couplers/auto_pc/inst/gen_axilite.gen_b2s_conv.axilite_b2s/RD.r_channel_0/transaction_fifo_0/memory_reg[31][14]_srl32/CLK
High Pulse Width  Fast    SRLC32E/CLK      n/a            0.532         5.000       4.468      SLICE_X2Y91   design_1_i/ps8_0_axi_periph/s00_couplers/auto_pc/inst/gen_axilite.gen_b2s_conv.axilite_b2s/RD.r_channel_0/transaction_fifo_0/memory_reg[31][15]_srl32/CLK
High Pulse Width  Fast    SRLC32E/CLK      n/a            0.532         5.000       4.468      SLICE_X2Y91   design_1_i/ps8_0_axi_periph/s00_couplers/auto_pc/inst/gen_axilite.gen_b2s_conv.axilite_b2s/RD.r_channel_0/transaction_fifo_0/memory_reg[31][16]_srl32/CLK
High Pulse Width  Slow    SRLC32E/CLK      n/a            0.532         5.000       4.468      SLICE_X2Y87   design_1_i/ps8_0_axi_periph/s00_couplers/auto_pc/inst/gen_axilite.gen_b2s_conv.axilite_b2s/RD.r_channel_0/transaction_fifo_0/memory_reg[31][1]_srl32/CLK
High Pulse Width  Slow    SRLC32E/CLK      n/a            0.532         5.000       4.468      SLICE_X2Y87   design_1_i/ps8_0_axi_periph/s00_couplers/auto_pc/inst/gen_axilite.gen_b2s_conv.axilite_b2s/RD.r_channel_0/transaction_fifo_0/memory_reg[31][2]_srl32/CLK
High Pulse Width  Slow    SRLC32E/CLK      n/a            0.532         5.000       4.468      SLICE_X2Y87   design_1_i/ps8_0_axi_periph/s00_couplers/auto_pc/inst/gen_axilite.gen_b2s_conv.axilite_b2s/RD.r_channel_0/transaction_fifo_0/memory_reg[31][3]_srl32/CLK



