Copyright 1986-2020 Xilinx, Inc. All Rights Reserved.
----------------------------------------------------------------------------------------------------------------------------------------------------------------------------------------------------------------------------
| Tool Version      : Vivado v.2020.1 (lin64) Build 2902540 Wed May 27 19:54:35 MDT 2020
| Date              : Wed Feb 25 23:37:06 2026
| Host              : xilinx running 64-bit Ubuntu 25.10
| Command           : report_timing_summary -max_paths 10 -file Sections_wrapper_timing_summary_routed.rpt -pb Sections_wrapper_timing_summary_routed.pb -rpx Sections_wrapper_timing_summary_routed.rpx -warn_on_violation
| Design            : Sections_wrapper
| Device            : xczu5ev-sfvc784
| Speed File        : -2  PRODUCTION 1.27 02-28-2020
| Temperature Grade : I
----------------------------------------------------------------------------------------------------------------------------------------------------------------------------------------------------------------------------

Timing Summary Report

------------------------------------------------------------------------------------------------
| Timer Settings
| --------------
------------------------------------------------------------------------------------------------

  Enable Multi Corner Analysis               :  Yes
  Enable Pessimism Removal                   :  Yes
  Pessimism Removal Resolution               :  Nearest Common Node
  Enable Input Delay Default Clock           :  No
  Enable Preset / Clear Arcs                 :  No
  Disable Flight Delays                      :  No
  Ignore I/O Paths                           :  No
  Timing Early Launch at Borrowing Latches   :  No
  Borrow Time for Max Delay Exceptions       :  Yes
  Merge Timing Exceptions                    :  Yes

  Corner  Analyze    Analyze    
  Name    Max Paths  Min Paths  
  ------  ---------  ---------  
  Slow    Yes        Yes        
  Fast    Yes        Yes        



check_timing report

Table of Contents
-----------------
1. checking no_clock (0)
2. checking constant_clock (0)
3. checking pulse_width_clock (0)
4. checking unconstrained_internal_endpoints (0)
5. checking no_input_delay (0)
6. checking no_output_delay (0)
7. checking multiple_clock (0)
8. checking generated_clocks (0)
9. checking loops (0)
10. checking partial_input_delay (0)
11. checking partial_output_delay (0)
12. checking latch_loops (0)

1. checking no_clock (0)
------------------------
 There are 0 register/latch pins with no clock.


2. checking constant_clock (0)
------------------------------
 There are 0 register/latch pins with constant_clock.


3. checking pulse_width_clock (0)
---------------------------------
 There are 0 register/latch pins which need pulse_width check


4. checking unconstrained_internal_endpoints (0)
------------------------------------------------
 There are 0 pins that are not constrained for maximum delay.

 There are 0 pins that are not constrained for maximum delay due to constant clock.


5. checking no_input_delay (0)
------------------------------
 There are 0 input ports with no input delay specified.

 There are 0 input ports with no input delay but user has a false path constraint.


6. checking no_output_delay (0)
-------------------------------
 There are 0 ports with no output delay specified.

 There are 0 ports with no output delay but user has a false path constraint

 There are 0 ports with no output delay but with a timing clock defined on it or propagating through it


7. checking multiple_clock (0)
------------------------------
 There are 0 register/latch pins with multiple clocks.


8. checking generated_clocks (0)
--------------------------------
 There are 0 generated clocks that are not connected to a clock source.


9. checking loops (0)
---------------------
 There are 0 combinational loops in the design.


10. checking partial_input_delay (0)
------------------------------------
 There are 0 input ports with partial input delay specified.


11. checking partial_output_delay (0)
-------------------------------------
 There are 0 ports with partial output delay specified.


12. checking latch_loops (0)
----------------------------
 There are 0 combinational latch loops in the design through latch input



------------------------------------------------------------------------------------------------
| Design Timing Summary
| ---------------------
------------------------------------------------------------------------------------------------

    WNS(ns)      TNS(ns)  TNS Failing Endpoints  TNS Total Endpoints      WHS(ns)      THS(ns)  THS Failing Endpoints  THS Total Endpoints     WPWS(ns)     TPWS(ns)  TPWS Failing Endpoints  TPWS Total Endpoints  
    -------      -------  ---------------------  -------------------      -------      -------  ---------------------  -------------------     --------     --------  ----------------------  --------------------  
     14.617        0.000                      0                 7089        0.011        0.000                      0                 7073       24.468        0.000                       0                  3897  


All user specified timing constraints are met.


------------------------------------------------------------------------------------------------
| Clock Summary
| -------------
------------------------------------------------------------------------------------------------

Clock                                                                                                Waveform(ns)         Period(ns)      Frequency(MHz)
-----                                                                                                ------------         ----------      --------------
clk_pl_0                                                                                             {0.000 50.000}       100.001         10.000          
clk_pl_1                                                                                             {0.000 50.000}       100.001         10.000          
dbg_hub/inst/BSCANID.u_xsdbm_id/SWITCH_N_EXT_BSCAN.bscan_inst/SERIES7_BSCAN.bscan_inst/INTERNAL_TCK  {0.000 25.000}       50.000          20.000          


------------------------------------------------------------------------------------------------
| Intra Clock Table
| -----------------
------------------------------------------------------------------------------------------------

Clock                                                                                                    WNS(ns)      TNS(ns)  TNS Failing Endpoints  TNS Total Endpoints      WHS(ns)      THS(ns)  THS Failing Endpoints  THS Total Endpoints     WPWS(ns)     TPWS(ns)  TPWS Failing Endpoints  TPWS Total Endpoints  
-----                                                                                                    -------      -------  ---------------------  -------------------      -------      -------  ---------------------  -------------------     --------     --------  ----------------------  --------------------  
clk_pl_0                                                                                                  86.946        0.000                      0                 5821        0.011        0.000                      0                 5821       48.500        0.000                       0                  3402  
dbg_hub/inst/BSCANID.u_xsdbm_id/SWITCH_N_EXT_BSCAN.bscan_inst/SERIES7_BSCAN.bscan_inst/INTERNAL_TCK       14.617        0.000                      0                 1055        0.017        0.000                      0                 1055       24.468        0.000                       0                   495  


------------------------------------------------------------------------------------------------
| Inter Clock Table
| -----------------
------------------------------------------------------------------------------------------------

From Clock                                                                                           To Clock                                                                                                 WNS(ns)      TNS(ns)  TNS Failing Endpoints  TNS Total Endpoints      WHS(ns)      THS(ns)  THS Failing Endpoints  THS Total Endpoints  
----------                                                                                           --------                                                                                                 -------      -------  ---------------------  -------------------      -------      -------  ---------------------  -------------------  
dbg_hub/inst/BSCANID.u_xsdbm_id/SWITCH_N_EXT_BSCAN.bscan_inst/SERIES7_BSCAN.bscan_inst/INTERNAL_TCK  clk_pl_0                                                                                                  49.590        0.000                      0                    8                                                                        
clk_pl_0                                                                                             dbg_hub/inst/BSCANID.u_xsdbm_id/SWITCH_N_EXT_BSCAN.bscan_inst/SERIES7_BSCAN.bscan_inst/INTERNAL_TCK       99.354        0.000                      0                    8                                                                        


------------------------------------------------------------------------------------------------
| Other Path Groups Table
| -----------------------
------------------------------------------------------------------------------------------------

Path Group                                                                                           From Clock                                                                                           To Clock                                                                                                 WNS(ns)      TNS(ns)  TNS Failing Endpoints  TNS Total Endpoints      WHS(ns)      THS(ns)  THS Failing Endpoints  THS Total Endpoints  
----------                                                                                           ----------                                                                                           --------                                                                                                 -------      -------  ---------------------  -------------------      -------      -------  ---------------------  -------------------  
**async_default**                                                                                    clk_pl_0                                                                                             clk_pl_0                                                                                                  97.952        0.000                      0                   97        0.114        0.000                      0                   97  
**async_default**                                                                                    dbg_hub/inst/BSCANID.u_xsdbm_id/SWITCH_N_EXT_BSCAN.bscan_inst/SERIES7_BSCAN.bscan_inst/INTERNAL_TCK  dbg_hub/inst/BSCANID.u_xsdbm_id/SWITCH_N_EXT_BSCAN.bscan_inst/SERIES7_BSCAN.bscan_inst/INTERNAL_TCK       47.629        0.000                      0                  100        0.108        0.000                      0                  100  


------------------------------------------------------------------------------------------------
| Timing Details
| --------------
------------------------------------------------------------------------------------------------


---------------------------------------------------------------------------------------------------
From Clock:  clk_pl_0
  To Clock:  clk_pl_0

Setup :            0  Failing Endpoints,  Worst Slack       86.946ns,  Total Violation        0.000ns
Hold  :            0  Failing Endpoints,  Worst Slack        0.011ns,  Total Violation        0.000ns
PW    :            0  Failing Endpoints,  Worst Slack       48.500ns,  Total Violation        0.000ns
---------------------------------------------------------------------------------------------------


Max Delay Paths
--------------------------------------------------------------------------------------
Slack (MET) :             86.946ns  (required time - arrival time)
  Source:                 Sections_i/RV32I_IF/pc_unit_0/inst/pc_reg[2]/C
                            (rising edge-triggered cell FDRE clocked by clk_pl_0  {rise@0.000ns fall@50.000ns period=100.001ns})
  Destination:            Sections_i/RV32I_ID/rv32i_regfile_0/inst/regs_reg_r2_0_31_0_13/RAMA/I
                            (rising edge-triggered cell RAMD32 clocked by clk_pl_0  {rise@0.000ns fall@50.000ns period=100.001ns})
  Path Group:             clk_pl_0
  Path Type:              Setup (Max at Slow Process Corner)
  Requirement:            100.001ns  (clk_pl_0 rise@100.001ns - clk_pl_0 rise@0.000ns)
  Data Path Delay:        12.507ns  (logic 2.079ns (16.623%)  route 10.428ns (83.377%))
  Logic Levels:           19  (CARRY8=4 LUT2=1 LUT3=1 LUT4=3 LUT5=4 LUT6=6)
  Clock Path Skew:        -0.010ns (DCD - SCD + CPR)
    Destination Clock Delay (DCD):    2.134ns = ( 102.135 - 100.001 ) 
    Source Clock Delay      (SCD):    2.336ns
    Clock Pessimism Removal (CPR):    0.192ns
  Clock Uncertainty:      0.482ns  ((TSJ^2 + DJ^2)^1/2) / 2 + PE
    Total System Jitter     (TSJ):    0.071ns
    Discrete Jitter          (DJ):    0.962ns
    Phase Error              (PE):    0.000ns
  Clock Net Delay (Source):      2.137ns (routing 0.998ns, distribution 1.139ns)
  Clock Net Delay (Destination): 1.974ns (routing 0.905ns, distribution 1.069ns)

    Location             Delay type                Incr(ns)  Path(ns)    Netlist Resource(s)
  -------------------------------------------------------------------    -------------------
                         (clock clk_pl_0 rise edge)
                                                      0.000     0.000 r  
    PS8_X0Y0             PS8                          0.000     0.000 r  Sections_i/zynq_ultra_ps_e_1/inst/PS8_i/PLCLK[0]
                         net (fo=1, routed)           0.171     0.171    Sections_i/zynq_ultra_ps_e_1/inst/pl_clk_unbuffered[0]
    BUFG_PS_X0Y77        BUFG_PS (Prop_BUFG_PS_I_O)
                                                      0.028     0.199 r  Sections_i/zynq_ultra_ps_e_1/inst/buffer_pl_clk_0.PL_CLK_0_BUFG/O
    X1Y2 (CLOCK_ROOT)    net (fo=3402, routed)        2.137     2.336    Sections_i/RV32I_IF/pc_unit_0/inst/clk
    SLICE_X44Y183        FDRE                                         r  Sections_i/RV32I_IF/pc_unit_0/inst/pc_reg[2]/C
  -------------------------------------------------------------------    -------------------
    SLICE_X44Y183        FDRE (Prop_BFF_SLICEL_C_Q)
                                                      0.079     2.415 r  Sections_i/RV32I_IF/pc_unit_0/inst/pc_reg[2]/Q
                         net (fo=35, routed)          0.551     2.966    Sections_i/RV32I_IF/dist_mem_gen_0/U0/synth_options.dist_mem_inst/gen_rom.rom_inst/a[0]
    SLICE_X42Y183        LUT6 (Prop_H6LUT_SLICEL_I3_O)
                                                      0.124     3.090 r  Sections_i/RV32I_IF/dist_mem_gen_0/U0/synth_options.dist_mem_inst/gen_rom.rom_inst/spo[20]_INST_0_i_1/O
                         net (fo=1, routed)           0.037     3.127    Sections_i/RV32I_IF/dist_mem_gen_0/U0/synth_options.dist_mem_inst/gen_rom.rom_inst/spo[20]_INST_0_i_1_n_0
    SLICE_X42Y183        LUT5 (Prop_F6LUT_SLICEL_I2_O)
                                                      0.089     3.216 r  Sections_i/RV32I_IF/dist_mem_gen_0/U0/synth_options.dist_mem_inst/gen_rom.rom_inst/spo[20]_INST_0/O
                         net (fo=81, routed)          1.442     4.658    Sections_i/RV32I_ID/rv32i_regfile_0/inst/rs2_addr[0]
    SLICE_X53Y181        LUT6 (Prop_E6LUT_SLICEM_I3_O)
                                                      0.148     4.806 r  Sections_i/RV32I_ID/rv32i_regfile_0/inst/rs2_rdata[2]_INST_0/O
                         net (fo=16, routed)          1.452     6.258    Sections_i/RV32I_EX/rv32i_opB_mux_0/inst/rs2[2]
    SLICE_X44Y190        LUT3 (Prop_H6LUT_SLICEL_I1_O)
                                                      0.150     6.408 r  Sections_i/RV32I_EX/rv32i_opB_mux_0/inst/B[2]_INST_0/O
                         net (fo=73, routed)          1.063     7.471    Sections_i/RV32I_EX/rv32i_alu_0/inst/B[2]
    SLICE_X50Y193        LUT2 (Prop_C6LUT_SLICEL_I1_O)
                                                      0.123     7.594 r  Sections_i/RV32I_EX/rv32i_alu_0/inst/Y0__93_carry_i_6/O
                         net (fo=1, routed)           0.010     7.604    Sections_i/RV32I_EX/rv32i_alu_0/inst/Y0__93_carry_i_6_n_0
    SLICE_X50Y193        CARRY8 (Prop_CARRY8_SLICEL_S[2]_CO[7])
                                                      0.155     7.759 r  Sections_i/RV32I_EX/rv32i_alu_0/inst/Y0__93_carry/CO[7]
                         net (fo=1, routed)           0.026     7.785    Sections_i/RV32I_EX/rv32i_alu_0/inst/Y0__93_carry_n_0
    SLICE_X50Y194        CARRY8 (Prop_CARRY8_SLICEL_CI_O[5])
                                                      0.116     7.901 r  Sections_i/RV32I_EX/rv32i_alu_0/inst/Y0__93_carry__0/O[5]
                         net (fo=1, routed)           0.568     8.469    Sections_i/RV32I_EX/rv32i_alu_0/inst/data1[13]
    SLICE_X46Y194        LUT6 (Prop_G6LUT_SLICEL_I3_O)
                                                      0.035     8.504 r  Sections_i/RV32I_EX/rv32i_alu_0/inst/Y[13]_INST_0_i_1/O
                         net (fo=1, routed)           0.140     8.644    Sections_i/RV32I_EX/rv32i_alu_0/inst/Y[13]_INST_0_i_1_n_0
    SLICE_X46Y195        LUT6 (Prop_C6LUT_SLICEL_I0_O)
                                                      0.050     8.694 r  Sections_i/RV32I_EX/rv32i_alu_0/inst/Y[13]_INST_0/O
                         net (fo=9, routed)           1.113     9.807    Sections_i/RV32I_MEM/mmio_decode_ram_gpio_0/addr[13]
    SLICE_X52Y190        CARRY8 (Prop_CARRY8_SLICEL_DI[1]_CO[7])
                                                      0.117     9.924 r  Sections_i/RV32I_MEM/mmio_decode_ram_gpio_0/gpio_addr[12]_INST_0/CO[7]
                         net (fo=1, routed)           0.026     9.950    Sections_i/RV32I_MEM/mmio_decode_ram_gpio_0/gpio_addr[12]_INST_0_n_0
    SLICE_X52Y191        CARRY8 (Prop_CARRY8_SLICEL_CI_O[3])
                                                      0.089    10.039 f  Sections_i/RV32I_MEM/mmio_decode_ram_gpio_0/gpio_addr[20]_INST_0/O[3]
                         net (fo=3, routed)           0.271    10.310    Sections_i/RV32I_MEM/gpio_mmio_0/inst/mem_addr[23]
    SLICE_X53Y191        LUT4 (Prop_G6LUT_SLICEM_I0_O)
                                                      0.123    10.433 r  Sections_i/RV32I_MEM/gpio_mmio_0/inst/mem_rdata[31]_INST_0_i_8/O
                         net (fo=1, routed)           0.145    10.578    Sections_i/RV32I_MEM/gpio_mmio_0/inst/mem_rdata[31]_INST_0_i_8_n_0
    SLICE_X52Y189        LUT5 (Prop_G6LUT_SLICEL_I4_O)
                                                      0.035    10.613 r  Sections_i/RV32I_MEM/gpio_mmio_0/inst/mem_rdata[31]_INST_0_i_3/O
                         net (fo=3, routed)           0.144    10.757    Sections_i/RV32I_MEM/gpio_mmio_0/inst_n_98
    SLICE_X51Y189        LUT5 (Prop_F6LUT_SLICEL_I3_O)
                                                      0.097    10.854 r  Sections_i/RV32I_MEM/gpio_mmio_0/mem_rdata[31]_INST_0_i_1/O
                         net (fo=32, routed)          0.859    11.713    Sections_i/RV32I_MEM/gpio_mmio_0/inst/load_data[31]_INST_0_i_5
    SLICE_X44Y187        LUT4 (Prop_F6LUT_SLICEL_I1_O)
                                                      0.089    11.802 r  Sections_i/RV32I_MEM/gpio_mmio_0/inst/mem_rdata[24]_INST_0/O
                         net (fo=1, routed)           0.310    12.112    Sections_i/RV32I_MEM/mmio_decode_ram_gpio_0/gpio_rdata[24]
    SLICE_X48Y187        LUT4 (Prop_F6LUT_SLICEL_I0_O)
                                                      0.097    12.209 f  Sections_i/RV32I_MEM/mmio_decode_ram_gpio_0/load_data[24]_INST_0_i_1/O
                         net (fo=3, routed)           0.693    12.902    Sections_i/RV32I_MEM/mmio_decode_ram_gpio_0/load_data[24]_INST_0_i_1_n_0
    SLICE_X49Y182        LUT6 (Prop_H6LUT_SLICEL_I4_O)
                                                      0.150    13.052 r  Sections_i/RV32I_MEM/mmio_decode_ram_gpio_0/load_data[8]_INST_0_i_1/O
                         net (fo=2, routed)           0.386    13.438    Sections_i/RV32I_MEM/mmio_decode_ram_gpio_0/load_data[8]_INST_0_i_1_n_0
    SLICE_X48Y182        LUT6 (Prop_H6LUT_SLICEL_I0_O)
                                                      0.124    13.562 r  Sections_i/RV32I_MEM/mmio_decode_ram_gpio_0/load_data[0]_INST_0/O
                         net (fo=1, routed)           0.037    13.599    Sections_i/RV32I_WB/rv32i_wb_mux_0/inst/load_data[0]
    SLICE_X48Y182        LUT5 (Prop_F6LUT_SLICEL_I0_O)
                                                      0.089    13.688 r  Sections_i/RV32I_WB/rv32i_wb_mux_0/inst/rd_wdata[0]_INST_0/O
                         net (fo=2, routed)           1.155    14.843    Sections_i/RV32I_ID/rv32i_regfile_0/inst/regs_reg_r2_0_31_0_13/DIA0
    SLICE_X53Y183        RAMD32                                       r  Sections_i/RV32I_ID/rv32i_regfile_0/inst/regs_reg_r2_0_31_0_13/RAMA/I
  -------------------------------------------------------------------    -------------------

                         (clock clk_pl_0 rise edge)
                                                    100.001   100.001 r  
    PS8_X0Y0             PS8                          0.000   100.001 r  Sections_i/zynq_ultra_ps_e_1/inst/PS8_i/PLCLK[0]
                         net (fo=1, routed)           0.135   100.136    Sections_i/zynq_ultra_ps_e_1/inst/pl_clk_unbuffered[0]
    BUFG_PS_X0Y77        BUFG_PS (Prop_BUFG_PS_I_O)
                                                      0.025   100.161 r  Sections_i/zynq_ultra_ps_e_1/inst/buffer_pl_clk_0.PL_CLK_0_BUFG/O
    X1Y2 (CLOCK_ROOT)    net (fo=3402, routed)        1.974   102.135    Sections_i/RV32I_ID/rv32i_regfile_0/inst/regs_reg_r2_0_31_0_13/WCLK
    SLICE_X53Y183        RAMD32                                       r  Sections_i/RV32I_ID/rv32i_regfile_0/inst/regs_reg_r2_0_31_0_13/RAMA/CLK
                         clock pessimism              0.192   102.327    
                         clock uncertainty           -0.482   101.845    
    SLICE_X53Y183        RAMD32 (Setup_A5LUT_SLICEM_CLK_I)
                                                     -0.056   101.789    Sections_i/RV32I_ID/rv32i_regfile_0/inst/regs_reg_r2_0_31_0_13/RAMA
  -------------------------------------------------------------------
                         required time                        101.789    
                         arrival time                         -14.843    
  -------------------------------------------------------------------
                         slack                                 86.946    

Slack (MET) :             87.511ns  (required time - arrival time)
  Source:                 Sections_i/RV32I_IF/pc_unit_0/inst/pc_reg[2]/C
                            (rising edge-triggered cell FDRE clocked by clk_pl_0  {rise@0.000ns fall@50.000ns period=100.001ns})
  Destination:            Sections_i/RV32I_ID/rv32i_regfile_0/inst/regs_reg_r1_0_31_0_13/RAME/I
                            (rising edge-triggered cell RAMD32 clocked by clk_pl_0  {rise@0.000ns fall@50.000ns period=100.001ns})
  Path Group:             clk_pl_0
  Path Type:              Setup (Max at Slow Process Corner)
  Requirement:            100.001ns  (clk_pl_0 rise@100.001ns - clk_pl_0 rise@0.000ns)
  Data Path Delay:        11.882ns  (logic 2.045ns (17.211%)  route 9.837ns (82.789%))
  Logic Levels:           19  (CARRY8=4 LUT2=1 LUT3=1 LUT4=3 LUT5=4 LUT6=6)
  Clock Path Skew:        -0.069ns (DCD - SCD + CPR)
    Destination Clock Delay (DCD):    2.075ns = ( 102.076 - 100.001 ) 
    Source Clock Delay      (SCD):    2.336ns
    Clock Pessimism Removal (CPR):    0.192ns
  Clock Uncertainty:      0.482ns  ((TSJ^2 + DJ^2)^1/2) / 2 + PE
    Total System Jitter     (TSJ):    0.071ns
    Discrete Jitter          (DJ):    0.962ns
    Phase Error              (PE):    0.000ns
  Clock Net Delay (Source):      2.137ns (routing 0.998ns, distribution 1.139ns)
  Clock Net Delay (Destination): 1.915ns (routing 0.905ns, distribution 1.010ns)

    Location             Delay type                Incr(ns)  Path(ns)    Netlist Resource(s)
  -------------------------------------------------------------------    -------------------
                         (clock clk_pl_0 rise edge)
                                                      0.000     0.000 r  
    PS8_X0Y0             PS8                          0.000     0.000 r  Sections_i/zynq_ultra_ps_e_1/inst/PS8_i/PLCLK[0]
                         net (fo=1, routed)           0.171     0.171    Sections_i/zynq_ultra_ps_e_1/inst/pl_clk_unbuffered[0]
    BUFG_PS_X0Y77        BUFG_PS (Prop_BUFG_PS_I_O)
                                                      0.028     0.199 r  Sections_i/zynq_ultra_ps_e_1/inst/buffer_pl_clk_0.PL_CLK_0_BUFG/O
    X1Y2 (CLOCK_ROOT)    net (fo=3402, routed)        2.137     2.336    Sections_i/RV32I_IF/pc_unit_0/inst/clk
    SLICE_X44Y183        FDRE                                         r  Sections_i/RV32I_IF/pc_unit_0/inst/pc_reg[2]/C
  -------------------------------------------------------------------    -------------------
    SLICE_X44Y183        FDRE (Prop_BFF_SLICEL_C_Q)
                                                      0.079     2.415 r  Sections_i/RV32I_IF/pc_unit_0/inst/pc_reg[2]/Q
                         net (fo=35, routed)          0.551     2.966    Sections_i/RV32I_IF/dist_mem_gen_0/U0/synth_options.dist_mem_inst/gen_rom.rom_inst/a[0]
    SLICE_X42Y183        LUT6 (Prop_H6LUT_SLICEL_I3_O)
                                                      0.124     3.090 r  Sections_i/RV32I_IF/dist_mem_gen_0/U0/synth_options.dist_mem_inst/gen_rom.rom_inst/spo[20]_INST_0_i_1/O
                         net (fo=1, routed)           0.037     3.127    Sections_i/RV32I_IF/dist_mem_gen_0/U0/synth_options.dist_mem_inst/gen_rom.rom_inst/spo[20]_INST_0_i_1_n_0
    SLICE_X42Y183        LUT5 (Prop_F6LUT_SLICEL_I2_O)
                                                      0.089     3.216 r  Sections_i/RV32I_IF/dist_mem_gen_0/U0/synth_options.dist_mem_inst/gen_rom.rom_inst/spo[20]_INST_0/O
                         net (fo=81, routed)          1.442     4.658    Sections_i/RV32I_ID/rv32i_regfile_0/inst/rs2_addr[0]
    SLICE_X53Y181        LUT6 (Prop_E6LUT_SLICEM_I3_O)
                                                      0.148     4.806 r  Sections_i/RV32I_ID/rv32i_regfile_0/inst/rs2_rdata[2]_INST_0/O
                         net (fo=16, routed)          1.452     6.258    Sections_i/RV32I_EX/rv32i_opB_mux_0/inst/rs2[2]
    SLICE_X44Y190        LUT3 (Prop_H6LUT_SLICEL_I1_O)
                                                      0.150     6.408 r  Sections_i/RV32I_EX/rv32i_opB_mux_0/inst/B[2]_INST_0/O
                         net (fo=73, routed)          1.063     7.471    Sections_i/RV32I_EX/rv32i_alu_0/inst/B[2]
    SLICE_X50Y193        LUT2 (Prop_C6LUT_SLICEL_I1_O)
                                                      0.123     7.594 r  Sections_i/RV32I_EX/rv32i_alu_0/inst/Y0__93_carry_i_6/O
                         net (fo=1, routed)           0.010     7.604    Sections_i/RV32I_EX/rv32i_alu_0/inst/Y0__93_carry_i_6_n_0
    SLICE_X50Y193        CARRY8 (Prop_CARRY8_SLICEL_S[2]_CO[7])
                                                      0.155     7.759 r  Sections_i/RV32I_EX/rv32i_alu_0/inst/Y0__93_carry/CO[7]
                         net (fo=1, routed)           0.026     7.785    Sections_i/RV32I_EX/rv32i_alu_0/inst/Y0__93_carry_n_0
    SLICE_X50Y194        CARRY8 (Prop_CARRY8_SLICEL_CI_O[5])
                                                      0.116     7.901 r  Sections_i/RV32I_EX/rv32i_alu_0/inst/Y0__93_carry__0/O[5]
                         net (fo=1, routed)           0.568     8.469    Sections_i/RV32I_EX/rv32i_alu_0/inst/data1[13]
    SLICE_X46Y194        LUT6 (Prop_G6LUT_SLICEL_I3_O)
                                                      0.035     8.504 r  Sections_i/RV32I_EX/rv32i_alu_0/inst/Y[13]_INST_0_i_1/O
                         net (fo=1, routed)           0.140     8.644    Sections_i/RV32I_EX/rv32i_alu_0/inst/Y[13]_INST_0_i_1_n_0
    SLICE_X46Y195        LUT6 (Prop_C6LUT_SLICEL_I0_O)
                                                      0.050     8.694 r  Sections_i/RV32I_EX/rv32i_alu_0/inst/Y[13]_INST_0/O
                         net (fo=9, routed)           1.113     9.807    Sections_i/RV32I_MEM/mmio_decode_ram_gpio_0/addr[13]
    SLICE_X52Y190        CARRY8 (Prop_CARRY8_SLICEL_DI[1]_CO[7])
                                                      0.117     9.924 r  Sections_i/RV32I_MEM/mmio_decode_ram_gpio_0/gpio_addr[12]_INST_0/CO[7]
                         net (fo=1, routed)           0.026     9.950    Sections_i/RV32I_MEM/mmio_decode_ram_gpio_0/gpio_addr[12]_INST_0_n_0
    SLICE_X52Y191        CARRY8 (Prop_CARRY8_SLICEL_CI_O[3])
                                                      0.089    10.039 f  Sections_i/RV32I_MEM/mmio_decode_ram_gpio_0/gpio_addr[20]_INST_0/O[3]
                         net (fo=3, routed)           0.271    10.310    Sections_i/RV32I_MEM/gpio_mmio_0/inst/mem_addr[23]
    SLICE_X53Y191        LUT4 (Prop_G6LUT_SLICEM_I0_O)
                                                      0.123    10.433 r  Sections_i/RV32I_MEM/gpio_mmio_0/inst/mem_rdata[31]_INST_0_i_8/O
                         net (fo=1, routed)           0.145    10.578    Sections_i/RV32I_MEM/gpio_mmio_0/inst/mem_rdata[31]_INST_0_i_8_n_0
    SLICE_X52Y189        LUT5 (Prop_G6LUT_SLICEL_I4_O)
                                                      0.035    10.613 r  Sections_i/RV32I_MEM/gpio_mmio_0/inst/mem_rdata[31]_INST_0_i_3/O
                         net (fo=3, routed)           0.144    10.757    Sections_i/RV32I_MEM/gpio_mmio_0/inst_n_98
    SLICE_X51Y189        LUT5 (Prop_F6LUT_SLICEL_I3_O)
                                                      0.097    10.854 r  Sections_i/RV32I_MEM/gpio_mmio_0/mem_rdata[31]_INST_0_i_1/O
                         net (fo=32, routed)          0.859    11.713    Sections_i/RV32I_MEM/gpio_mmio_0/inst/load_data[31]_INST_0_i_5
    SLICE_X44Y187        LUT4 (Prop_F6LUT_SLICEL_I1_O)
                                                      0.089    11.802 r  Sections_i/RV32I_MEM/gpio_mmio_0/inst/mem_rdata[24]_INST_0/O
                         net (fo=1, routed)           0.310    12.112    Sections_i/RV32I_MEM/mmio_decode_ram_gpio_0/gpio_rdata[24]
    SLICE_X48Y187        LUT4 (Prop_F6LUT_SLICEL_I0_O)
                                                      0.097    12.209 f  Sections_i/RV32I_MEM/mmio_decode_ram_gpio_0/load_data[24]_INST_0_i_1/O
                         net (fo=3, routed)           0.693    12.902    Sections_i/RV32I_MEM/mmio_decode_ram_gpio_0/load_data[24]_INST_0_i_1_n_0
    SLICE_X49Y182        LUT6 (Prop_H6LUT_SLICEL_I4_O)
                                                      0.150    13.052 r  Sections_i/RV32I_MEM/mmio_decode_ram_gpio_0/load_data[8]_INST_0_i_1/O
                         net (fo=2, routed)           0.088    13.140    Sections_i/RV32I_MEM/mmio_decode_ram_gpio_0/load_data[8]_INST_0_i_1_n_0
    SLICE_X49Y182        LUT6 (Prop_D6LUT_SLICEL_I1_O)
                                                      0.089    13.229 r  Sections_i/RV32I_MEM/mmio_decode_ram_gpio_0/load_data[8]_INST_0/O
                         net (fo=1, routed)           0.084    13.313    Sections_i/RV32I_WB/rv32i_wb_mux_0/inst/load_data[8]
    SLICE_X49Y183        LUT5 (Prop_H6LUT_SLICEL_I0_O)
                                                      0.090    13.403 r  Sections_i/RV32I_WB/rv32i_wb_mux_0/inst/rd_wdata[8]_INST_0/O
                         net (fo=2, routed)           0.815    14.218    Sections_i/RV32I_ID/rv32i_regfile_0/inst/regs_reg_r1_0_31_0_13/DIE0
    SLICE_X43Y184        RAMD32                                       r  Sections_i/RV32I_ID/rv32i_regfile_0/inst/regs_reg_r1_0_31_0_13/RAME/I
  -------------------------------------------------------------------    -------------------

                         (clock clk_pl_0 rise edge)
                                                    100.001   100.001 r  
    PS8_X0Y0             PS8                          0.000   100.001 r  Sections_i/zynq_ultra_ps_e_1/inst/PS8_i/PLCLK[0]
                         net (fo=1, routed)           0.135   100.136    Sections_i/zynq_ultra_ps_e_1/inst/pl_clk_unbuffered[0]
    BUFG_PS_X0Y77        BUFG_PS (Prop_BUFG_PS_I_O)
                                                      0.025   100.161 r  Sections_i/zynq_ultra_ps_e_1/inst/buffer_pl_clk_0.PL_CLK_0_BUFG/O
    X1Y2 (CLOCK_ROOT)    net (fo=3402, routed)        1.915   102.076    Sections_i/RV32I_ID/rv32i_regfile_0/inst/regs_reg_r1_0_31_0_13/WCLK
    SLICE_X43Y184        RAMD32                                       r  Sections_i/RV32I_ID/rv32i_regfile_0/inst/regs_reg_r1_0_31_0_13/RAME/CLK
                         clock pessimism              0.192   102.268    
                         clock uncertainty           -0.482   101.786    
    SLICE_X43Y184        RAMD32 (Setup_E5LUT_SLICEM_CLK_I)
                                                     -0.057   101.729    Sections_i/RV32I_ID/rv32i_regfile_0/inst/regs_reg_r1_0_31_0_13/RAME
  -------------------------------------------------------------------
                         required time                        101.729    
                         arrival time                         -14.218    
  -------------------------------------------------------------------
                         slack                                 87.511    

Slack (MET) :             87.525ns  (required time - arrival time)
  Source:                 Sections_i/RV32I_IF/pc_unit_0/inst/pc_reg[2]/C
                            (rising edge-triggered cell FDRE clocked by clk_pl_0  {rise@0.000ns fall@50.000ns period=100.001ns})
  Destination:            Sections_i/RV32I_ID/rv32i_regfile_0/inst/regs_reg_r2_0_31_14_27/RAMA_D1/I
                            (rising edge-triggered cell RAMD32 clocked by clk_pl_0  {rise@0.000ns fall@50.000ns period=100.001ns})
  Path Group:             clk_pl_0
  Path Type:              Setup (Max at Slow Process Corner)
  Requirement:            100.001ns  (clk_pl_0 rise@100.001ns - clk_pl_0 rise@0.000ns)
  Data Path Delay:        11.904ns  (logic 2.113ns (17.750%)  route 9.791ns (82.250%))
  Logic Levels:           19  (CARRY8=4 LUT2=1 LUT3=1 LUT4=2 LUT5=4 LUT6=7)
  Clock Path Skew:        -0.011ns (DCD - SCD + CPR)
    Destination Clock Delay (DCD):    2.133ns = ( 102.134 - 100.001 ) 
    Source Clock Delay      (SCD):    2.336ns
    Clock Pessimism Removal (CPR):    0.192ns
  Clock Uncertainty:      0.482ns  ((TSJ^2 + DJ^2)^1/2) / 2 + PE
    Total System Jitter     (TSJ):    0.071ns
    Discrete Jitter          (DJ):    0.962ns
    Phase Error              (PE):    0.000ns
  Clock Net Delay (Source):      2.137ns (routing 0.998ns, distribution 1.139ns)
  Clock Net Delay (Destination): 1.973ns (routing 0.905ns, distribution 1.068ns)

    Location             Delay type                Incr(ns)  Path(ns)    Netlist Resource(s)
  -------------------------------------------------------------------    -------------------
                         (clock clk_pl_0 rise edge)
                                                      0.000     0.000 r  
    PS8_X0Y0             PS8                          0.000     0.000 r  Sections_i/zynq_ultra_ps_e_1/inst/PS8_i/PLCLK[0]
                         net (fo=1, routed)           0.171     0.171    Sections_i/zynq_ultra_ps_e_1/inst/pl_clk_unbuffered[0]
    BUFG_PS_X0Y77        BUFG_PS (Prop_BUFG_PS_I_O)
                                                      0.028     0.199 r  Sections_i/zynq_ultra_ps_e_1/inst/buffer_pl_clk_0.PL_CLK_0_BUFG/O
    X1Y2 (CLOCK_ROOT)    net (fo=3402, routed)        2.137     2.336    Sections_i/RV32I_IF/pc_unit_0/inst/clk
    SLICE_X44Y183        FDRE                                         r  Sections_i/RV32I_IF/pc_unit_0/inst/pc_reg[2]/C
  -------------------------------------------------------------------    -------------------
    SLICE_X44Y183        FDRE (Prop_BFF_SLICEL_C_Q)
                                                      0.079     2.415 r  Sections_i/RV32I_IF/pc_unit_0/inst/pc_reg[2]/Q
                         net (fo=35, routed)          0.551     2.966    Sections_i/RV32I_IF/dist_mem_gen_0/U0/synth_options.dist_mem_inst/gen_rom.rom_inst/a[0]
    SLICE_X42Y183        LUT6 (Prop_H6LUT_SLICEL_I3_O)
                                                      0.124     3.090 r  Sections_i/RV32I_IF/dist_mem_gen_0/U0/synth_options.dist_mem_inst/gen_rom.rom_inst/spo[20]_INST_0_i_1/O
                         net (fo=1, routed)           0.037     3.127    Sections_i/RV32I_IF/dist_mem_gen_0/U0/synth_options.dist_mem_inst/gen_rom.rom_inst/spo[20]_INST_0_i_1_n_0
    SLICE_X42Y183        LUT5 (Prop_F6LUT_SLICEL_I2_O)
                                                      0.089     3.216 r  Sections_i/RV32I_IF/dist_mem_gen_0/U0/synth_options.dist_mem_inst/gen_rom.rom_inst/spo[20]_INST_0/O
                         net (fo=81, routed)          1.442     4.658    Sections_i/RV32I_ID/rv32i_regfile_0/inst/rs2_addr[0]
    SLICE_X53Y181        LUT6 (Prop_E6LUT_SLICEM_I3_O)
                                                      0.148     4.806 r  Sections_i/RV32I_ID/rv32i_regfile_0/inst/rs2_rdata[2]_INST_0/O
                         net (fo=16, routed)          1.452     6.258    Sections_i/RV32I_EX/rv32i_opB_mux_0/inst/rs2[2]
    SLICE_X44Y190        LUT3 (Prop_H6LUT_SLICEL_I1_O)
                                                      0.150     6.408 r  Sections_i/RV32I_EX/rv32i_opB_mux_0/inst/B[2]_INST_0/O
                         net (fo=73, routed)          1.063     7.471    Sections_i/RV32I_EX/rv32i_alu_0/inst/B[2]
    SLICE_X50Y193        LUT2 (Prop_C6LUT_SLICEL_I1_O)
                                                      0.123     7.594 r  Sections_i/RV32I_EX/rv32i_alu_0/inst/Y0__93_carry_i_6/O
                         net (fo=1, routed)           0.010     7.604    Sections_i/RV32I_EX/rv32i_alu_0/inst/Y0__93_carry_i_6_n_0
    SLICE_X50Y193        CARRY8 (Prop_CARRY8_SLICEL_S[2]_CO[7])
                                                      0.155     7.759 r  Sections_i/RV32I_EX/rv32i_alu_0/inst/Y0__93_carry/CO[7]
                         net (fo=1, routed)           0.026     7.785    Sections_i/RV32I_EX/rv32i_alu_0/inst/Y0__93_carry_n_0
    SLICE_X50Y194        CARRY8 (Prop_CARRY8_SLICEL_CI_O[5])
                                                      0.116     7.901 r  Sections_i/RV32I_EX/rv32i_alu_0/inst/Y0__93_carry__0/O[5]
                         net (fo=1, routed)           0.568     8.469    Sections_i/RV32I_EX/rv32i_alu_0/inst/data1[13]
    SLICE_X46Y194        LUT6 (Prop_G6LUT_SLICEL_I3_O)
                                                      0.035     8.504 r  Sections_i/RV32I_EX/rv32i_alu_0/inst/Y[13]_INST_0_i_1/O
                         net (fo=1, routed)           0.140     8.644    Sections_i/RV32I_EX/rv32i_alu_0/inst/Y[13]_INST_0_i_1_n_0
    SLICE_X46Y195        LUT6 (Prop_C6LUT_SLICEL_I0_O)
                                                      0.050     8.694 r  Sections_i/RV32I_EX/rv32i_alu_0/inst/Y[13]_INST_0/O
                         net (fo=9, routed)           1.113     9.807    Sections_i/RV32I_MEM/mmio_decode_ram_gpio_0/addr[13]
    SLICE_X52Y190        CARRY8 (Prop_CARRY8_SLICEL_DI[1]_CO[7])
                                                      0.117     9.924 r  Sections_i/RV32I_MEM/mmio_decode_ram_gpio_0/gpio_addr[12]_INST_0/CO[7]
                         net (fo=1, routed)           0.026     9.950    Sections_i/RV32I_MEM/mmio_decode_ram_gpio_0/gpio_addr[12]_INST_0_n_0
    SLICE_X52Y191        CARRY8 (Prop_CARRY8_SLICEL_CI_O[3])
                                                      0.089    10.039 f  Sections_i/RV32I_MEM/mmio_decode_ram_gpio_0/gpio_addr[20]_INST_0/O[3]
                         net (fo=3, routed)           0.271    10.310    Sections_i/RV32I_MEM/gpio_mmio_0/inst/mem_addr[23]
    SLICE_X53Y191        LUT4 (Prop_G6LUT_SLICEM_I0_O)
                                                      0.123    10.433 r  Sections_i/RV32I_MEM/gpio_mmio_0/inst/mem_rdata[31]_INST_0_i_8/O
                         net (fo=1, routed)           0.145    10.578    Sections_i/RV32I_MEM/gpio_mmio_0/inst/mem_rdata[31]_INST_0_i_8_n_0
    SLICE_X52Y189        LUT5 (Prop_G6LUT_SLICEL_I4_O)
                                                      0.035    10.613 r  Sections_i/RV32I_MEM/gpio_mmio_0/inst/mem_rdata[31]_INST_0_i_3/O
                         net (fo=3, routed)           0.144    10.757    Sections_i/RV32I_MEM/gpio_mmio_0/inst_n_98
    SLICE_X51Y189        LUT5 (Prop_F6LUT_SLICEL_I3_O)
                                                      0.097    10.854 r  Sections_i/RV32I_MEM/gpio_mmio_0/mem_rdata[31]_INST_0_i_1/O
                         net (fo=32, routed)          0.563    11.417    Sections_i/RV32I_MEM/gpio_mmio_0/inst/load_data[31]_INST_0_i_5
    SLICE_X48Y191        LUT4 (Prop_F6LUT_SLICEL_I1_O)
                                                      0.148    11.565 r  Sections_i/RV32I_MEM/gpio_mmio_0/inst/mem_rdata[31]_INST_0/O
                         net (fo=2, routed)           0.489    12.054    Sections_i/RV32I_MEM/mmio_decode_ram_gpio_0/gpio_rdata[31]
    SLICE_X49Y191        LUT6 (Prop_H6LUT_SLICEL_I0_O)
                                                      0.150    12.204 r  Sections_i/RV32I_MEM/mmio_decode_ram_gpio_0/load_data[31]_INST_0_i_5/O
                         net (fo=2, routed)           0.210    12.414    Sections_i/RV32I_MEM/mmio_decode_ram_gpio_0/load_data[31]_INST_0_i_5_n_0
    SLICE_X50Y190        LUT5 (Prop_A5LUT_SLICEL_I0_O)
                                                      0.100    12.514 r  Sections_i/RV32I_MEM/mmio_decode_ram_gpio_0/load_data[31]_INST_0_i_3/O
                         net (fo=16, routed)          0.690    13.204    Sections_i/RV32I_MEM/mmio_decode_ram_gpio_0/load_data[31]_INST_0_i_3_n_0
    SLICE_X48Y190        LUT6 (Prop_H6LUT_SLICEL_I3_O)
                                                      0.150    13.354 r  Sections_i/RV32I_MEM/mmio_decode_ram_gpio_0/load_data[15]_INST_0/O
                         net (fo=1, routed)           0.083    13.437    Sections_i/RV32I_WB/rv32i_wb_mux_0/inst/load_data[15]
    SLICE_X48Y189        LUT6 (Prop_G6LUT_SLICEL_I0_O)
                                                      0.035    13.472 r  Sections_i/RV32I_WB/rv32i_wb_mux_0/inst/rd_wdata[15]_INST_0/O
                         net (fo=2, routed)           0.768    14.240    Sections_i/RV32I_ID/rv32i_regfile_0/inst/regs_reg_r2_0_31_14_27/DIA1
    SLICE_X53Y187        RAMD32                                       r  Sections_i/RV32I_ID/rv32i_regfile_0/inst/regs_reg_r2_0_31_14_27/RAMA_D1/I
  -------------------------------------------------------------------    -------------------

                         (clock clk_pl_0 rise edge)
                                                    100.001   100.001 r  
    PS8_X0Y0             PS8                          0.000   100.001 r  Sections_i/zynq_ultra_ps_e_1/inst/PS8_i/PLCLK[0]
                         net (fo=1, routed)           0.135   100.136    Sections_i/zynq_ultra_ps_e_1/inst/pl_clk_unbuffered[0]
    BUFG_PS_X0Y77        BUFG_PS (Prop_BUFG_PS_I_O)
                                                      0.025   100.161 r  Sections_i/zynq_ultra_ps_e_1/inst/buffer_pl_clk_0.PL_CLK_0_BUFG/O
    X1Y2 (CLOCK_ROOT)    net (fo=3402, routed)        1.973   102.134    Sections_i/RV32I_ID/rv32i_regfile_0/inst/regs_reg_r2_0_31_14_27/WCLK
    SLICE_X53Y187        RAMD32                                       r  Sections_i/RV32I_ID/rv32i_regfile_0/inst/regs_reg_r2_0_31_14_27/RAMA_D1/CLK
                         clock pessimism              0.192   102.326    
                         clock uncertainty           -0.482   101.844    
    SLICE_X53Y187        RAMD32 (Setup_A6LUT_SLICEM_CLK_I)
                                                     -0.079   101.765    Sections_i/RV32I_ID/rv32i_regfile_0/inst/regs_reg_r2_0_31_14_27/RAMA_D1
  -------------------------------------------------------------------
                         required time                        101.765    
                         arrival time                         -14.240    
  -------------------------------------------------------------------
                         slack                                 87.525    

Slack (MET) :             87.538ns  (required time - arrival time)
  Source:                 Sections_i/RV32I_IF/pc_unit_0/inst/pc_reg[2]/C
                            (rising edge-triggered cell FDRE clocked by clk_pl_0  {rise@0.000ns fall@50.000ns period=100.001ns})
  Destination:            Sections_i/RV32I_ID/rv32i_regfile_0/inst/regs_reg_r1_0_31_0_13/RAMA/I
                            (rising edge-triggered cell RAMD32 clocked by clk_pl_0  {rise@0.000ns fall@50.000ns period=100.001ns})
  Path Group:             clk_pl_0
  Path Type:              Setup (Max at Slow Process Corner)
  Requirement:            100.001ns  (clk_pl_0 rise@100.001ns - clk_pl_0 rise@0.000ns)
  Data Path Delay:        11.856ns  (logic 2.079ns (17.535%)  route 9.777ns (82.465%))
  Logic Levels:           19  (CARRY8=4 LUT2=1 LUT3=1 LUT4=3 LUT5=4 LUT6=6)
  Clock Path Skew:        -0.069ns (DCD - SCD + CPR)
    Destination Clock Delay (DCD):    2.075ns = ( 102.076 - 100.001 ) 
    Source Clock Delay      (SCD):    2.336ns
    Clock Pessimism Removal (CPR):    0.192ns
  Clock Uncertainty:      0.482ns  ((TSJ^2 + DJ^2)^1/2) / 2 + PE
    Total System Jitter     (TSJ):    0.071ns
    Discrete Jitter          (DJ):    0.962ns
    Phase Error              (PE):    0.000ns
  Clock Net Delay (Source):      2.137ns (routing 0.998ns, distribution 1.139ns)
  Clock Net Delay (Destination): 1.915ns (routing 0.905ns, distribution 1.010ns)

    Location             Delay type                Incr(ns)  Path(ns)    Netlist Resource(s)
  -------------------------------------------------------------------    -------------------
                         (clock clk_pl_0 rise edge)
                                                      0.000     0.000 r  
    PS8_X0Y0             PS8                          0.000     0.000 r  Sections_i/zynq_ultra_ps_e_1/inst/PS8_i/PLCLK[0]
                         net (fo=1, routed)           0.171     0.171    Sections_i/zynq_ultra_ps_e_1/inst/pl_clk_unbuffered[0]
    BUFG_PS_X0Y77        BUFG_PS (Prop_BUFG_PS_I_O)
                                                      0.028     0.199 r  Sections_i/zynq_ultra_ps_e_1/inst/buffer_pl_clk_0.PL_CLK_0_BUFG/O
    X1Y2 (CLOCK_ROOT)    net (fo=3402, routed)        2.137     2.336    Sections_i/RV32I_IF/pc_unit_0/inst/clk
    SLICE_X44Y183        FDRE                                         r  Sections_i/RV32I_IF/pc_unit_0/inst/pc_reg[2]/C
  -------------------------------------------------------------------    -------------------
    SLICE_X44Y183        FDRE (Prop_BFF_SLICEL_C_Q)
                                                      0.079     2.415 r  Sections_i/RV32I_IF/pc_unit_0/inst/pc_reg[2]/Q
                         net (fo=35, routed)          0.551     2.966    Sections_i/RV32I_IF/dist_mem_gen_0/U0/synth_options.dist_mem_inst/gen_rom.rom_inst/a[0]
    SLICE_X42Y183        LUT6 (Prop_H6LUT_SLICEL_I3_O)
                                                      0.124     3.090 r  Sections_i/RV32I_IF/dist_mem_gen_0/U0/synth_options.dist_mem_inst/gen_rom.rom_inst/spo[20]_INST_0_i_1/O
                         net (fo=1, routed)           0.037     3.127    Sections_i/RV32I_IF/dist_mem_gen_0/U0/synth_options.dist_mem_inst/gen_rom.rom_inst/spo[20]_INST_0_i_1_n_0
    SLICE_X42Y183        LUT5 (Prop_F6LUT_SLICEL_I2_O)
                                                      0.089     3.216 r  Sections_i/RV32I_IF/dist_mem_gen_0/U0/synth_options.dist_mem_inst/gen_rom.rom_inst/spo[20]_INST_0/O
                         net (fo=81, routed)          1.442     4.658    Sections_i/RV32I_ID/rv32i_regfile_0/inst/rs2_addr[0]
    SLICE_X53Y181        LUT6 (Prop_E6LUT_SLICEM_I3_O)
                                                      0.148     4.806 r  Sections_i/RV32I_ID/rv32i_regfile_0/inst/rs2_rdata[2]_INST_0/O
                         net (fo=16, routed)          1.452     6.258    Sections_i/RV32I_EX/rv32i_opB_mux_0/inst/rs2[2]
    SLICE_X44Y190        LUT3 (Prop_H6LUT_SLICEL_I1_O)
                                                      0.150     6.408 r  Sections_i/RV32I_EX/rv32i_opB_mux_0/inst/B[2]_INST_0/O
                         net (fo=73, routed)          1.063     7.471    Sections_i/RV32I_EX/rv32i_alu_0/inst/B[2]
    SLICE_X50Y193        LUT2 (Prop_C6LUT_SLICEL_I1_O)
                                                      0.123     7.594 r  Sections_i/RV32I_EX/rv32i_alu_0/inst/Y0__93_carry_i_6/O
                         net (fo=1, routed)           0.010     7.604    Sections_i/RV32I_EX/rv32i_alu_0/inst/Y0__93_carry_i_6_n_0
    SLICE_X50Y193        CARRY8 (Prop_CARRY8_SLICEL_S[2]_CO[7])
                                                      0.155     7.759 r  Sections_i/RV32I_EX/rv32i_alu_0/inst/Y0__93_carry/CO[7]
                         net (fo=1, routed)           0.026     7.785    Sections_i/RV32I_EX/rv32i_alu_0/inst/Y0__93_carry_n_0
    SLICE_X50Y194        CARRY8 (Prop_CARRY8_SLICEL_CI_O[5])
                                                      0.116     7.901 r  Sections_i/RV32I_EX/rv32i_alu_0/inst/Y0__93_carry__0/O[5]
                         net (fo=1, routed)           0.568     8.469    Sections_i/RV32I_EX/rv32i_alu_0/inst/data1[13]
    SLICE_X46Y194        LUT6 (Prop_G6LUT_SLICEL_I3_O)
                                                      0.035     8.504 r  Sections_i/RV32I_EX/rv32i_alu_0/inst/Y[13]_INST_0_i_1/O
                         net (fo=1, routed)           0.140     8.644    Sections_i/RV32I_EX/rv32i_alu_0/inst/Y[13]_INST_0_i_1_n_0
    SLICE_X46Y195        LUT6 (Prop_C6LUT_SLICEL_I0_O)
                                                      0.050     8.694 r  Sections_i/RV32I_EX/rv32i_alu_0/inst/Y[13]_INST_0/O
                         net (fo=9, routed)           1.113     9.807    Sections_i/RV32I_MEM/mmio_decode_ram_gpio_0/addr[13]
    SLICE_X52Y190        CARRY8 (Prop_CARRY8_SLICEL_DI[1]_CO[7])
                                                      0.117     9.924 r  Sections_i/RV32I_MEM/mmio_decode_ram_gpio_0/gpio_addr[12]_INST_0/CO[7]
                         net (fo=1, routed)           0.026     9.950    Sections_i/RV32I_MEM/mmio_decode_ram_gpio_0/gpio_addr[12]_INST_0_n_0
    SLICE_X52Y191        CARRY8 (Prop_CARRY8_SLICEL_CI_O[3])
                                                      0.089    10.039 f  Sections_i/RV32I_MEM/mmio_decode_ram_gpio_0/gpio_addr[20]_INST_0/O[3]
                         net (fo=3, routed)           0.271    10.310    Sections_i/RV32I_MEM/gpio_mmio_0/inst/mem_addr[23]
    SLICE_X53Y191        LUT4 (Prop_G6LUT_SLICEM_I0_O)
                                                      0.123    10.433 r  Sections_i/RV32I_MEM/gpio_mmio_0/inst/mem_rdata[31]_INST_0_i_8/O
                         net (fo=1, routed)           0.145    10.578    Sections_i/RV32I_MEM/gpio_mmio_0/inst/mem_rdata[31]_INST_0_i_8_n_0
    SLICE_X52Y189        LUT5 (Prop_G6LUT_SLICEL_I4_O)
                                                      0.035    10.613 r  Sections_i/RV32I_MEM/gpio_mmio_0/inst/mem_rdata[31]_INST_0_i_3/O
                         net (fo=3, routed)           0.144    10.757    Sections_i/RV32I_MEM/gpio_mmio_0/inst_n_98
    SLICE_X51Y189        LUT5 (Prop_F6LUT_SLICEL_I3_O)
                                                      0.097    10.854 r  Sections_i/RV32I_MEM/gpio_mmio_0/mem_rdata[31]_INST_0_i_1/O
                         net (fo=32, routed)          0.859    11.713    Sections_i/RV32I_MEM/gpio_mmio_0/inst/load_data[31]_INST_0_i_5
    SLICE_X44Y187        LUT4 (Prop_F6LUT_SLICEL_I1_O)
                                                      0.089    11.802 r  Sections_i/RV32I_MEM/gpio_mmio_0/inst/mem_rdata[24]_INST_0/O
                         net (fo=1, routed)           0.310    12.112    Sections_i/RV32I_MEM/mmio_decode_ram_gpio_0/gpio_rdata[24]
    SLICE_X48Y187        LUT4 (Prop_F6LUT_SLICEL_I0_O)
                                                      0.097    12.209 f  Sections_i/RV32I_MEM/mmio_decode_ram_gpio_0/load_data[24]_INST_0_i_1/O
                         net (fo=3, routed)           0.693    12.902    Sections_i/RV32I_MEM/mmio_decode_ram_gpio_0/load_data[24]_INST_0_i_1_n_0
    SLICE_X49Y182        LUT6 (Prop_H6LUT_SLICEL_I4_O)
                                                      0.150    13.052 r  Sections_i/RV32I_MEM/mmio_decode_ram_gpio_0/load_data[8]_INST_0_i_1/O
                         net (fo=2, routed)           0.386    13.438    Sections_i/RV32I_MEM/mmio_decode_ram_gpio_0/load_data[8]_INST_0_i_1_n_0
    SLICE_X48Y182        LUT6 (Prop_H6LUT_SLICEL_I0_O)
                                                      0.124    13.562 r  Sections_i/RV32I_MEM/mmio_decode_ram_gpio_0/load_data[0]_INST_0/O
                         net (fo=1, routed)           0.037    13.599    Sections_i/RV32I_WB/rv32i_wb_mux_0/inst/load_data[0]
    SLICE_X48Y182        LUT5 (Prop_F6LUT_SLICEL_I0_O)
                                                      0.089    13.688 r  Sections_i/RV32I_WB/rv32i_wb_mux_0/inst/rd_wdata[0]_INST_0/O
                         net (fo=2, routed)           0.504    14.192    Sections_i/RV32I_ID/rv32i_regfile_0/inst/regs_reg_r1_0_31_0_13/DIA0
    SLICE_X43Y184        RAMD32                                       r  Sections_i/RV32I_ID/rv32i_regfile_0/inst/regs_reg_r1_0_31_0_13/RAMA/I
  -------------------------------------------------------------------    -------------------

                         (clock clk_pl_0 rise edge)
                                                    100.001   100.001 r  
    PS8_X0Y0             PS8                          0.000   100.001 r  Sections_i/zynq_ultra_ps_e_1/inst/PS8_i/PLCLK[0]
                         net (fo=1, routed)           0.135   100.136    Sections_i/zynq_ultra_ps_e_1/inst/pl_clk_unbuffered[0]
    BUFG_PS_X0Y77        BUFG_PS (Prop_BUFG_PS_I_O)
                                                      0.025   100.161 r  Sections_i/zynq_ultra_ps_e_1/inst/buffer_pl_clk_0.PL_CLK_0_BUFG/O
    X1Y2 (CLOCK_ROOT)    net (fo=3402, routed)        1.915   102.076    Sections_i/RV32I_ID/rv32i_regfile_0/inst/regs_reg_r1_0_31_0_13/WCLK
    SLICE_X43Y184        RAMD32                                       r  Sections_i/RV32I_ID/rv32i_regfile_0/inst/regs_reg_r1_0_31_0_13/RAMA/CLK
                         clock pessimism              0.192   102.268    
                         clock uncertainty           -0.482   101.786    
    SLICE_X43Y184        RAMD32 (Setup_A5LUT_SLICEM_CLK_I)
                                                     -0.056   101.730    Sections_i/RV32I_ID/rv32i_regfile_0/inst/regs_reg_r1_0_31_0_13/RAMA
  -------------------------------------------------------------------
                         required time                        101.730    
                         arrival time                         -14.192    
  -------------------------------------------------------------------
                         slack                                 87.538    

Slack (MET) :             87.543ns  (required time - arrival time)
  Source:                 Sections_i/RV32I_IF/pc_unit_0/inst/pc_reg[2]/C
                            (rising edge-triggered cell FDRE clocked by clk_pl_0  {rise@0.000ns fall@50.000ns period=100.001ns})
  Destination:            Sections_i/RV32I_ID/rv32i_regfile_0/inst/regs_reg_r1_0_31_0_13/RAMG_D1/I
                            (rising edge-triggered cell RAMD32 clocked by clk_pl_0  {rise@0.000ns fall@50.000ns period=100.001ns})
  Path Group:             clk_pl_0
  Path Type:              Setup (Max at Slow Process Corner)
  Requirement:            100.001ns  (clk_pl_0 rise@100.001ns - clk_pl_0 rise@0.000ns)
  Data Path Delay:        11.828ns  (logic 2.190ns (18.515%)  route 9.638ns (81.485%))
  Logic Levels:           19  (CARRY8=4 LUT2=1 LUT3=1 LUT4=3 LUT5=3 LUT6=7)
  Clock Path Skew:        -0.069ns (DCD - SCD + CPR)
    Destination Clock Delay (DCD):    2.075ns = ( 102.076 - 100.001 ) 
    Source Clock Delay      (SCD):    2.336ns
    Clock Pessimism Removal (CPR):    0.192ns
  Clock Uncertainty:      0.482ns  ((TSJ^2 + DJ^2)^1/2) / 2 + PE
    Total System Jitter     (TSJ):    0.071ns
    Discrete Jitter          (DJ):    0.962ns
    Phase Error              (PE):    0.000ns
  Clock Net Delay (Source):      2.137ns (routing 0.998ns, distribution 1.139ns)
  Clock Net Delay (Destination): 1.915ns (routing 0.905ns, distribution 1.010ns)

    Location             Delay type                Incr(ns)  Path(ns)    Netlist Resource(s)
  -------------------------------------------------------------------    -------------------
                         (clock clk_pl_0 rise edge)
                                                      0.000     0.000 r  
    PS8_X0Y0             PS8                          0.000     0.000 r  Sections_i/zynq_ultra_ps_e_1/inst/PS8_i/PLCLK[0]
                         net (fo=1, routed)           0.171     0.171    Sections_i/zynq_ultra_ps_e_1/inst/pl_clk_unbuffered[0]
    BUFG_PS_X0Y77        BUFG_PS (Prop_BUFG_PS_I_O)
                                                      0.028     0.199 r  Sections_i/zynq_ultra_ps_e_1/inst/buffer_pl_clk_0.PL_CLK_0_BUFG/O
    X1Y2 (CLOCK_ROOT)    net (fo=3402, routed)        2.137     2.336    Sections_i/RV32I_IF/pc_unit_0/inst/clk
    SLICE_X44Y183        FDRE                                         r  Sections_i/RV32I_IF/pc_unit_0/inst/pc_reg[2]/C
  -------------------------------------------------------------------    -------------------
    SLICE_X44Y183        FDRE (Prop_BFF_SLICEL_C_Q)
                                                      0.079     2.415 r  Sections_i/RV32I_IF/pc_unit_0/inst/pc_reg[2]/Q
                         net (fo=35, routed)          0.551     2.966    Sections_i/RV32I_IF/dist_mem_gen_0/U0/synth_options.dist_mem_inst/gen_rom.rom_inst/a[0]
    SLICE_X42Y183        LUT6 (Prop_H6LUT_SLICEL_I3_O)
                                                      0.124     3.090 r  Sections_i/RV32I_IF/dist_mem_gen_0/U0/synth_options.dist_mem_inst/gen_rom.rom_inst/spo[20]_INST_0_i_1/O
                         net (fo=1, routed)           0.037     3.127    Sections_i/RV32I_IF/dist_mem_gen_0/U0/synth_options.dist_mem_inst/gen_rom.rom_inst/spo[20]_INST_0_i_1_n_0
    SLICE_X42Y183        LUT5 (Prop_F6LUT_SLICEL_I2_O)
                                                      0.089     3.216 r  Sections_i/RV32I_IF/dist_mem_gen_0/U0/synth_options.dist_mem_inst/gen_rom.rom_inst/spo[20]_INST_0/O
                         net (fo=81, routed)          1.442     4.658    Sections_i/RV32I_ID/rv32i_regfile_0/inst/rs2_addr[0]
    SLICE_X53Y181        LUT6 (Prop_E6LUT_SLICEM_I3_O)
                                                      0.148     4.806 r  Sections_i/RV32I_ID/rv32i_regfile_0/inst/rs2_rdata[2]_INST_0/O
                         net (fo=16, routed)          1.452     6.258    Sections_i/RV32I_EX/rv32i_opB_mux_0/inst/rs2[2]
    SLICE_X44Y190        LUT3 (Prop_H6LUT_SLICEL_I1_O)
                                                      0.150     6.408 r  Sections_i/RV32I_EX/rv32i_opB_mux_0/inst/B[2]_INST_0/O
                         net (fo=73, routed)          1.063     7.471    Sections_i/RV32I_EX/rv32i_alu_0/inst/B[2]
    SLICE_X50Y193        LUT2 (Prop_C6LUT_SLICEL_I1_O)
                                                      0.123     7.594 r  Sections_i/RV32I_EX/rv32i_alu_0/inst/Y0__93_carry_i_6/O
                         net (fo=1, routed)           0.010     7.604    Sections_i/RV32I_EX/rv32i_alu_0/inst/Y0__93_carry_i_6_n_0
    SLICE_X50Y193        CARRY8 (Prop_CARRY8_SLICEL_S[2]_CO[7])
                                                      0.155     7.759 r  Sections_i/RV32I_EX/rv32i_alu_0/inst/Y0__93_carry/CO[7]
                         net (fo=1, routed)           0.026     7.785    Sections_i/RV32I_EX/rv32i_alu_0/inst/Y0__93_carry_n_0
    SLICE_X50Y194        CARRY8 (Prop_CARRY8_SLICEL_CI_O[5])
                                                      0.116     7.901 r  Sections_i/RV32I_EX/rv32i_alu_0/inst/Y0__93_carry__0/O[5]
                         net (fo=1, routed)           0.568     8.469    Sections_i/RV32I_EX/rv32i_alu_0/inst/data1[13]
    SLICE_X46Y194        LUT6 (Prop_G6LUT_SLICEL_I3_O)
                                                      0.035     8.504 r  Sections_i/RV32I_EX/rv32i_alu_0/inst/Y[13]_INST_0_i_1/O
                         net (fo=1, routed)           0.140     8.644    Sections_i/RV32I_EX/rv32i_alu_0/inst/Y[13]_INST_0_i_1_n_0
    SLICE_X46Y195        LUT6 (Prop_C6LUT_SLICEL_I0_O)
                                                      0.050     8.694 r  Sections_i/RV32I_EX/rv32i_alu_0/inst/Y[13]_INST_0/O
                         net (fo=9, routed)           1.113     9.807    Sections_i/RV32I_MEM/mmio_decode_ram_gpio_0/addr[13]
    SLICE_X52Y190        CARRY8 (Prop_CARRY8_SLICEL_DI[1]_CO[7])
                                                      0.117     9.924 r  Sections_i/RV32I_MEM/mmio_decode_ram_gpio_0/gpio_addr[12]_INST_0/CO[7]
                         net (fo=1, routed)           0.026     9.950    Sections_i/RV32I_MEM/mmio_decode_ram_gpio_0/gpio_addr[12]_INST_0_n_0
    SLICE_X52Y191        CARRY8 (Prop_CARRY8_SLICEL_CI_O[3])
                                                      0.089    10.039 f  Sections_i/RV32I_MEM/mmio_decode_ram_gpio_0/gpio_addr[20]_INST_0/O[3]
                         net (fo=3, routed)           0.271    10.310    Sections_i/RV32I_MEM/gpio_mmio_0/inst/mem_addr[23]
    SLICE_X53Y191        LUT4 (Prop_G6LUT_SLICEM_I0_O)
                                                      0.123    10.433 r  Sections_i/RV32I_MEM/gpio_mmio_0/inst/mem_rdata[31]_INST_0_i_8/O
                         net (fo=1, routed)           0.145    10.578    Sections_i/RV32I_MEM/gpio_mmio_0/inst/mem_rdata[31]_INST_0_i_8_n_0
    SLICE_X52Y189        LUT5 (Prop_G6LUT_SLICEL_I4_O)
                                                      0.035    10.613 r  Sections_i/RV32I_MEM/gpio_mmio_0/inst/mem_rdata[31]_INST_0_i_3/O
                         net (fo=3, routed)           0.144    10.757    Sections_i/RV32I_MEM/gpio_mmio_0/inst_n_98
    SLICE_X51Y189        LUT5 (Prop_F6LUT_SLICEL_I3_O)
                                                      0.097    10.854 r  Sections_i/RV32I_MEM/gpio_mmio_0/mem_rdata[31]_INST_0_i_1/O
                         net (fo=32, routed)          0.759    11.613    Sections_i/RV32I_MEM/gpio_mmio_0/inst/load_data[31]_INST_0_i_5
    SLICE_X46Y189        LUT4 (Prop_A6LUT_SLICEL_I1_O)
                                                      0.090    11.703 r  Sections_i/RV32I_MEM/gpio_mmio_0/inst/mem_rdata[29]_INST_0/O
                         net (fo=1, routed)           0.195    11.898    Sections_i/RV32I_MEM/mmio_decode_ram_gpio_0/gpio_rdata[29]
    SLICE_X48Y189        LUT4 (Prop_E6LUT_SLICEL_I0_O)
                                                      0.147    12.045 f  Sections_i/RV32I_MEM/mmio_decode_ram_gpio_0/load_data[29]_INST_0_i_1/O
                         net (fo=3, routed)           0.658    12.703    Sections_i/RV32I_MEM/mmio_decode_ram_gpio_0/load_data[29]_INST_0_i_1_n_0
    SLICE_X50Y183        LUT6 (Prop_H6LUT_SLICEL_I4_O)
                                                      0.150    12.853 r  Sections_i/RV32I_MEM/mmio_decode_ram_gpio_0/load_data[13]_INST_0_i_1/O
                         net (fo=2, routed)           0.119    12.972    Sections_i/RV32I_MEM/mmio_decode_ram_gpio_0/load_data[13]_INST_0_i_1_n_0
    SLICE_X50Y186        LUT6 (Prop_H6LUT_SLICEL_I1_O)
                                                      0.150    13.122 r  Sections_i/RV32I_MEM/mmio_decode_ram_gpio_0/load_data[13]_INST_0/O
                         net (fo=1, routed)           0.047    13.169    Sections_i/RV32I_WB/rv32i_wb_mux_0/inst/load_data[13]
    SLICE_X50Y186        LUT6 (Prop_C6LUT_SLICEL_I0_O)
                                                      0.123    13.292 r  Sections_i/RV32I_WB/rv32i_wb_mux_0/inst/rd_wdata[13]_INST_0/O
                         net (fo=2, routed)           0.872    14.164    Sections_i/RV32I_ID/rv32i_regfile_0/inst/regs_reg_r1_0_31_0_13/DIG1
    SLICE_X43Y184        RAMD32                                       r  Sections_i/RV32I_ID/rv32i_regfile_0/inst/regs_reg_r1_0_31_0_13/RAMG_D1/I
  -------------------------------------------------------------------    -------------------

                         (clock clk_pl_0 rise edge)
                                                    100.001   100.001 r  
    PS8_X0Y0             PS8                          0.000   100.001 r  Sections_i/zynq_ultra_ps_e_1/inst/PS8_i/PLCLK[0]
                         net (fo=1, routed)           0.135   100.136    Sections_i/zynq_ultra_ps_e_1/inst/pl_clk_unbuffered[0]
    BUFG_PS_X0Y77        BUFG_PS (Prop_BUFG_PS_I_O)
                                                      0.025   100.161 r  Sections_i/zynq_ultra_ps_e_1/inst/buffer_pl_clk_0.PL_CLK_0_BUFG/O
    X1Y2 (CLOCK_ROOT)    net (fo=3402, routed)        1.915   102.076    Sections_i/RV32I_ID/rv32i_regfile_0/inst/regs_reg_r1_0_31_0_13/WCLK
    SLICE_X43Y184        RAMD32                                       r  Sections_i/RV32I_ID/rv32i_regfile_0/inst/regs_reg_r1_0_31_0_13/RAMG_D1/CLK
                         clock pessimism              0.192   102.268    
                         clock uncertainty           -0.482   101.786    
    SLICE_X43Y184        RAMD32 (Setup_G6LUT_SLICEM_CLK_I)
                                                     -0.079   101.707    Sections_i/RV32I_ID/rv32i_regfile_0/inst/regs_reg_r1_0_31_0_13/RAMG_D1
  -------------------------------------------------------------------
                         required time                        101.707    
                         arrival time                         -14.164    
  -------------------------------------------------------------------
                         slack                                 87.543    

Slack (MET) :             87.546ns  (required time - arrival time)
  Source:                 Sections_i/RV32I_IF/pc_unit_0/inst/pc_reg[2]/C
                            (rising edge-triggered cell FDRE clocked by clk_pl_0  {rise@0.000ns fall@50.000ns period=100.001ns})
  Destination:            Sections_i/RV32I_ID/rv32i_regfile_0/inst/regs_reg_r1_0_31_14_27/RAMD_D1/I
                            (rising edge-triggered cell RAMD32 clocked by clk_pl_0  {rise@0.000ns fall@50.000ns period=100.001ns})
  Path Group:             clk_pl_0
  Path Type:              Setup (Max at Slow Process Corner)
  Requirement:            100.001ns  (clk_pl_0 rise@100.001ns - clk_pl_0 rise@0.000ns)
  Data Path Delay:        11.838ns  (logic 2.109ns (17.816%)  route 9.729ns (82.184%))
  Logic Levels:           19  (CARRY8=4 LUT2=1 LUT3=1 LUT4=3 LUT5=4 LUT6=6)
  Clock Path Skew:        -0.055ns (DCD - SCD + CPR)
    Destination Clock Delay (DCD):    2.089ns = ( 102.090 - 100.001 ) 
    Source Clock Delay      (SCD):    2.336ns
    Clock Pessimism Removal (CPR):    0.192ns
  Clock Uncertainty:      0.482ns  ((TSJ^2 + DJ^2)^1/2) / 2 + PE
    Total System Jitter     (TSJ):    0.071ns
    Discrete Jitter          (DJ):    0.962ns
    Phase Error              (PE):    0.000ns
  Clock Net Delay (Source):      2.137ns (routing 0.998ns, distribution 1.139ns)
  Clock Net Delay (Destination): 1.929ns (routing 0.905ns, distribution 1.024ns)

    Location             Delay type                Incr(ns)  Path(ns)    Netlist Resource(s)
  -------------------------------------------------------------------    -------------------
                         (clock clk_pl_0 rise edge)
                                                      0.000     0.000 r  
    PS8_X0Y0             PS8                          0.000     0.000 r  Sections_i/zynq_ultra_ps_e_1/inst/PS8_i/PLCLK[0]
                         net (fo=1, routed)           0.171     0.171    Sections_i/zynq_ultra_ps_e_1/inst/pl_clk_unbuffered[0]
    BUFG_PS_X0Y77        BUFG_PS (Prop_BUFG_PS_I_O)
                                                      0.028     0.199 r  Sections_i/zynq_ultra_ps_e_1/inst/buffer_pl_clk_0.PL_CLK_0_BUFG/O
    X1Y2 (CLOCK_ROOT)    net (fo=3402, routed)        2.137     2.336    Sections_i/RV32I_IF/pc_unit_0/inst/clk
    SLICE_X44Y183        FDRE                                         r  Sections_i/RV32I_IF/pc_unit_0/inst/pc_reg[2]/C
  -------------------------------------------------------------------    -------------------
    SLICE_X44Y183        FDRE (Prop_BFF_SLICEL_C_Q)
                                                      0.079     2.415 r  Sections_i/RV32I_IF/pc_unit_0/inst/pc_reg[2]/Q
                         net (fo=35, routed)          0.551     2.966    Sections_i/RV32I_IF/dist_mem_gen_0/U0/synth_options.dist_mem_inst/gen_rom.rom_inst/a[0]
    SLICE_X42Y183        LUT6 (Prop_H6LUT_SLICEL_I3_O)
                                                      0.124     3.090 r  Sections_i/RV32I_IF/dist_mem_gen_0/U0/synth_options.dist_mem_inst/gen_rom.rom_inst/spo[20]_INST_0_i_1/O
                         net (fo=1, routed)           0.037     3.127    Sections_i/RV32I_IF/dist_mem_gen_0/U0/synth_options.dist_mem_inst/gen_rom.rom_inst/spo[20]_INST_0_i_1_n_0
    SLICE_X42Y183        LUT5 (Prop_F6LUT_SLICEL_I2_O)
                                                      0.089     3.216 r  Sections_i/RV32I_IF/dist_mem_gen_0/U0/synth_options.dist_mem_inst/gen_rom.rom_inst/spo[20]_INST_0/O
                         net (fo=81, routed)          1.442     4.658    Sections_i/RV32I_ID/rv32i_regfile_0/inst/rs2_addr[0]
    SLICE_X53Y181        LUT6 (Prop_E6LUT_SLICEM_I3_O)
                                                      0.148     4.806 r  Sections_i/RV32I_ID/rv32i_regfile_0/inst/rs2_rdata[2]_INST_0/O
                         net (fo=16, routed)          1.452     6.258    Sections_i/RV32I_EX/rv32i_opB_mux_0/inst/rs2[2]
    SLICE_X44Y190        LUT3 (Prop_H6LUT_SLICEL_I1_O)
                                                      0.150     6.408 r  Sections_i/RV32I_EX/rv32i_opB_mux_0/inst/B[2]_INST_0/O
                         net (fo=73, routed)          1.063     7.471    Sections_i/RV32I_EX/rv32i_alu_0/inst/B[2]
    SLICE_X50Y193        LUT2 (Prop_C6LUT_SLICEL_I1_O)
                                                      0.123     7.594 r  Sections_i/RV32I_EX/rv32i_alu_0/inst/Y0__93_carry_i_6/O
                         net (fo=1, routed)           0.010     7.604    Sections_i/RV32I_EX/rv32i_alu_0/inst/Y0__93_carry_i_6_n_0
    SLICE_X50Y193        CARRY8 (Prop_CARRY8_SLICEL_S[2]_CO[7])
                                                      0.155     7.759 r  Sections_i/RV32I_EX/rv32i_alu_0/inst/Y0__93_carry/CO[7]
                         net (fo=1, routed)           0.026     7.785    Sections_i/RV32I_EX/rv32i_alu_0/inst/Y0__93_carry_n_0
    SLICE_X50Y194        CARRY8 (Prop_CARRY8_SLICEL_CI_O[5])
                                                      0.116     7.901 r  Sections_i/RV32I_EX/rv32i_alu_0/inst/Y0__93_carry__0/O[5]
                         net (fo=1, routed)           0.568     8.469    Sections_i/RV32I_EX/rv32i_alu_0/inst/data1[13]
    SLICE_X46Y194        LUT6 (Prop_G6LUT_SLICEL_I3_O)
                                                      0.035     8.504 r  Sections_i/RV32I_EX/rv32i_alu_0/inst/Y[13]_INST_0_i_1/O
                         net (fo=1, routed)           0.140     8.644    Sections_i/RV32I_EX/rv32i_alu_0/inst/Y[13]_INST_0_i_1_n_0
    SLICE_X46Y195        LUT6 (Prop_C6LUT_SLICEL_I0_O)
                                                      0.050     8.694 r  Sections_i/RV32I_EX/rv32i_alu_0/inst/Y[13]_INST_0/O
                         net (fo=9, routed)           1.113     9.807    Sections_i/RV32I_MEM/mmio_decode_ram_gpio_0/addr[13]
    SLICE_X52Y190        CARRY8 (Prop_CARRY8_SLICEL_DI[1]_CO[7])
                                                      0.117     9.924 r  Sections_i/RV32I_MEM/mmio_decode_ram_gpio_0/gpio_addr[12]_INST_0/CO[7]
                         net (fo=1, routed)           0.026     9.950    Sections_i/RV32I_MEM/mmio_decode_ram_gpio_0/gpio_addr[12]_INST_0_n_0
    SLICE_X52Y191        CARRY8 (Prop_CARRY8_SLICEL_CI_O[3])
                                                      0.089    10.039 f  Sections_i/RV32I_MEM/mmio_decode_ram_gpio_0/gpio_addr[20]_INST_0/O[3]
                         net (fo=3, routed)           0.271    10.310    Sections_i/RV32I_MEM/gpio_mmio_0/inst/mem_addr[23]
    SLICE_X53Y191        LUT4 (Prop_G6LUT_SLICEM_I0_O)
                                                      0.123    10.433 r  Sections_i/RV32I_MEM/gpio_mmio_0/inst/mem_rdata[31]_INST_0_i_8/O
                         net (fo=1, routed)           0.145    10.578    Sections_i/RV32I_MEM/gpio_mmio_0/inst/mem_rdata[31]_INST_0_i_8_n_0
    SLICE_X52Y189        LUT5 (Prop_G6LUT_SLICEL_I4_O)
                                                      0.035    10.613 r  Sections_i/RV32I_MEM/gpio_mmio_0/inst/mem_rdata[31]_INST_0_i_3/O
                         net (fo=3, routed)           0.144    10.757    Sections_i/RV32I_MEM/gpio_mmio_0/inst_n_98
    SLICE_X51Y189        LUT5 (Prop_F6LUT_SLICEL_I3_O)
                                                      0.097    10.854 r  Sections_i/RV32I_MEM/gpio_mmio_0/mem_rdata[31]_INST_0_i_1/O
                         net (fo=32, routed)          0.563    11.417    Sections_i/RV32I_MEM/gpio_mmio_0/inst/load_data[31]_INST_0_i_5
    SLICE_X48Y191        LUT4 (Prop_F6LUT_SLICEL_I1_O)
                                                      0.148    11.565 r  Sections_i/RV32I_MEM/gpio_mmio_0/inst/mem_rdata[31]_INST_0/O
                         net (fo=2, routed)           0.040    11.605    Sections_i/RV32I_MEM/mmio_decode_ram_gpio_0/gpio_rdata[31]
    SLICE_X48Y191        LUT4 (Prop_E6LUT_SLICEL_I3_O)
                                                      0.090    11.695 f  Sections_i/RV32I_MEM/mmio_decode_ram_gpio_0/load_data[31]_INST_0_i_4/O
                         net (fo=6, routed)           0.211    11.906    Sections_i/RV32I_MEM/mmio_decode_ram_gpio_0/load_data[31]_INST_0_i_4_n_0
    SLICE_X48Y190        LUT5 (Prop_C5LUT_SLICEL_I2_O)
                                                      0.068    11.974 f  Sections_i/RV32I_MEM/mmio_decode_ram_gpio_0/load_data[23]_INST_0_i_1/O
                         net (fo=8, routed)           0.718    12.692    Sections_i/RV32I_MEM/mmio_decode_ram_gpio_0/load_data[23]_INST_0_i_1_n_0
    SLICE_X51Y186        LUT6 (Prop_H6LUT_SLICEL_I1_O)
                                                      0.124    12.816 r  Sections_i/RV32I_MEM/mmio_decode_ram_gpio_0/load_data[21]_INST_0/O
                         net (fo=1, routed)           0.213    13.029    Sections_i/RV32I_WB/rv32i_wb_mux_0/inst/load_data[21]
    SLICE_X51Y187        LUT6 (Prop_G6LUT_SLICEL_I0_O)
                                                      0.149    13.178 r  Sections_i/RV32I_WB/rv32i_wb_mux_0/inst/rd_wdata[21]_INST_0/O
                         net (fo=2, routed)           0.996    14.174    Sections_i/RV32I_ID/rv32i_regfile_0/inst/regs_reg_r1_0_31_14_27/DID1
    SLICE_X45Y188        RAMD32                                       r  Sections_i/RV32I_ID/rv32i_regfile_0/inst/regs_reg_r1_0_31_14_27/RAMD_D1/I
  -------------------------------------------------------------------    -------------------

                         (clock clk_pl_0 rise edge)
                                                    100.001   100.001 r  
    PS8_X0Y0             PS8                          0.000   100.001 r  Sections_i/zynq_ultra_ps_e_1/inst/PS8_i/PLCLK[0]
                         net (fo=1, routed)           0.135   100.136    Sections_i/zynq_ultra_ps_e_1/inst/pl_clk_unbuffered[0]
    BUFG_PS_X0Y77        BUFG_PS (Prop_BUFG_PS_I_O)
                                                      0.025   100.161 r  Sections_i/zynq_ultra_ps_e_1/inst/buffer_pl_clk_0.PL_CLK_0_BUFG/O
    X1Y2 (CLOCK_ROOT)    net (fo=3402, routed)        1.929   102.090    Sections_i/RV32I_ID/rv32i_regfile_0/inst/regs_reg_r1_0_31_14_27/WCLK
    SLICE_X45Y188        RAMD32                                       r  Sections_i/RV32I_ID/rv32i_regfile_0/inst/regs_reg_r1_0_31_14_27/RAMD_D1/CLK
                         clock pessimism              0.192   102.282    
                         clock uncertainty           -0.482   101.800    
    SLICE_X45Y188        RAMD32 (Setup_D6LUT_SLICEM_CLK_I)
                                                     -0.080   101.720    Sections_i/RV32I_ID/rv32i_regfile_0/inst/regs_reg_r1_0_31_14_27/RAMD_D1
  -------------------------------------------------------------------
                         required time                        101.720    
                         arrival time                         -14.174    
  -------------------------------------------------------------------
                         slack                                 87.546    

Slack (MET) :             87.556ns  (required time - arrival time)
  Source:                 Sections_i/RV32I_IF/pc_unit_0/inst/pc_reg[2]/C
                            (rising edge-triggered cell FDRE clocked by clk_pl_0  {rise@0.000ns fall@50.000ns period=100.001ns})
  Destination:            Sections_i/RV32I_ID/rv32i_regfile_0/inst/regs_reg_r1_0_31_14_27/RAMB/I
                            (rising edge-triggered cell RAMD32 clocked by clk_pl_0  {rise@0.000ns fall@50.000ns period=100.001ns})
  Path Group:             clk_pl_0
  Path Type:              Setup (Max at Slow Process Corner)
  Requirement:            100.001ns  (clk_pl_0 rise@100.001ns - clk_pl_0 rise@0.000ns)
  Data Path Delay:        11.852ns  (logic 1.939ns (16.360%)  route 9.913ns (83.640%))
  Logic Levels:           19  (CARRY8=4 LUT2=1 LUT3=1 LUT4=3 LUT5=3 LUT6=7)
  Clock Path Skew:        -0.055ns (DCD - SCD + CPR)
    Destination Clock Delay (DCD):    2.089ns = ( 102.090 - 100.001 ) 
    Source Clock Delay      (SCD):    2.336ns
    Clock Pessimism Removal (CPR):    0.192ns
  Clock Uncertainty:      0.482ns  ((TSJ^2 + DJ^2)^1/2) / 2 + PE
    Total System Jitter     (TSJ):    0.071ns
    Discrete Jitter          (DJ):    0.962ns
    Phase Error              (PE):    0.000ns
  Clock Net Delay (Source):      2.137ns (routing 0.998ns, distribution 1.139ns)
  Clock Net Delay (Destination): 1.929ns (routing 0.905ns, distribution 1.024ns)

    Location             Delay type                Incr(ns)  Path(ns)    Netlist Resource(s)
  -------------------------------------------------------------------    -------------------
                         (clock clk_pl_0 rise edge)
                                                      0.000     0.000 r  
    PS8_X0Y0             PS8                          0.000     0.000 r  Sections_i/zynq_ultra_ps_e_1/inst/PS8_i/PLCLK[0]
                         net (fo=1, routed)           0.171     0.171    Sections_i/zynq_ultra_ps_e_1/inst/pl_clk_unbuffered[0]
    BUFG_PS_X0Y77        BUFG_PS (Prop_BUFG_PS_I_O)
                                                      0.028     0.199 r  Sections_i/zynq_ultra_ps_e_1/inst/buffer_pl_clk_0.PL_CLK_0_BUFG/O
    X1Y2 (CLOCK_ROOT)    net (fo=3402, routed)        2.137     2.336    Sections_i/RV32I_IF/pc_unit_0/inst/clk
    SLICE_X44Y183        FDRE                                         r  Sections_i/RV32I_IF/pc_unit_0/inst/pc_reg[2]/C
  -------------------------------------------------------------------    -------------------
    SLICE_X44Y183        FDRE (Prop_BFF_SLICEL_C_Q)
                                                      0.079     2.415 r  Sections_i/RV32I_IF/pc_unit_0/inst/pc_reg[2]/Q
                         net (fo=35, routed)          0.551     2.966    Sections_i/RV32I_IF/dist_mem_gen_0/U0/synth_options.dist_mem_inst/gen_rom.rom_inst/a[0]
    SLICE_X42Y183        LUT6 (Prop_H6LUT_SLICEL_I3_O)
                                                      0.124     3.090 r  Sections_i/RV32I_IF/dist_mem_gen_0/U0/synth_options.dist_mem_inst/gen_rom.rom_inst/spo[20]_INST_0_i_1/O
                         net (fo=1, routed)           0.037     3.127    Sections_i/RV32I_IF/dist_mem_gen_0/U0/synth_options.dist_mem_inst/gen_rom.rom_inst/spo[20]_INST_0_i_1_n_0
    SLICE_X42Y183        LUT5 (Prop_F6LUT_SLICEL_I2_O)
                                                      0.089     3.216 r  Sections_i/RV32I_IF/dist_mem_gen_0/U0/synth_options.dist_mem_inst/gen_rom.rom_inst/spo[20]_INST_0/O
                         net (fo=81, routed)          1.442     4.658    Sections_i/RV32I_ID/rv32i_regfile_0/inst/rs2_addr[0]
    SLICE_X53Y181        LUT6 (Prop_E6LUT_SLICEM_I3_O)
                                                      0.148     4.806 r  Sections_i/RV32I_ID/rv32i_regfile_0/inst/rs2_rdata[2]_INST_0/O
                         net (fo=16, routed)          1.452     6.258    Sections_i/RV32I_EX/rv32i_opB_mux_0/inst/rs2[2]
    SLICE_X44Y190        LUT3 (Prop_H6LUT_SLICEL_I1_O)
                                                      0.150     6.408 r  Sections_i/RV32I_EX/rv32i_opB_mux_0/inst/B[2]_INST_0/O
                         net (fo=73, routed)          1.063     7.471    Sections_i/RV32I_EX/rv32i_alu_0/inst/B[2]
    SLICE_X50Y193        LUT2 (Prop_C6LUT_SLICEL_I1_O)
                                                      0.123     7.594 r  Sections_i/RV32I_EX/rv32i_alu_0/inst/Y0__93_carry_i_6/O
                         net (fo=1, routed)           0.010     7.604    Sections_i/RV32I_EX/rv32i_alu_0/inst/Y0__93_carry_i_6_n_0
    SLICE_X50Y193        CARRY8 (Prop_CARRY8_SLICEL_S[2]_CO[7])
                                                      0.155     7.759 r  Sections_i/RV32I_EX/rv32i_alu_0/inst/Y0__93_carry/CO[7]
                         net (fo=1, routed)           0.026     7.785    Sections_i/RV32I_EX/rv32i_alu_0/inst/Y0__93_carry_n_0
    SLICE_X50Y194        CARRY8 (Prop_CARRY8_SLICEL_CI_O[5])
                                                      0.116     7.901 r  Sections_i/RV32I_EX/rv32i_alu_0/inst/Y0__93_carry__0/O[5]
                         net (fo=1, routed)           0.568     8.469    Sections_i/RV32I_EX/rv32i_alu_0/inst/data1[13]
    SLICE_X46Y194        LUT6 (Prop_G6LUT_SLICEL_I3_O)
                                                      0.035     8.504 r  Sections_i/RV32I_EX/rv32i_alu_0/inst/Y[13]_INST_0_i_1/O
                         net (fo=1, routed)           0.140     8.644    Sections_i/RV32I_EX/rv32i_alu_0/inst/Y[13]_INST_0_i_1_n_0
    SLICE_X46Y195        LUT6 (Prop_C6LUT_SLICEL_I0_O)
                                                      0.050     8.694 r  Sections_i/RV32I_EX/rv32i_alu_0/inst/Y[13]_INST_0/O
                         net (fo=9, routed)           1.113     9.807    Sections_i/RV32I_MEM/mmio_decode_ram_gpio_0/addr[13]
    SLICE_X52Y190        CARRY8 (Prop_CARRY8_SLICEL_DI[1]_CO[7])
                                                      0.117     9.924 r  Sections_i/RV32I_MEM/mmio_decode_ram_gpio_0/gpio_addr[12]_INST_0/CO[7]
                         net (fo=1, routed)           0.026     9.950    Sections_i/RV32I_MEM/mmio_decode_ram_gpio_0/gpio_addr[12]_INST_0_n_0
    SLICE_X52Y191        CARRY8 (Prop_CARRY8_SLICEL_CI_O[3])
                                                      0.089    10.039 f  Sections_i/RV32I_MEM/mmio_decode_ram_gpio_0/gpio_addr[20]_INST_0/O[3]
                         net (fo=3, routed)           0.271    10.310    Sections_i/RV32I_MEM/gpio_mmio_0/inst/mem_addr[23]
    SLICE_X53Y191        LUT4 (Prop_G6LUT_SLICEM_I0_O)
                                                      0.123    10.433 r  Sections_i/RV32I_MEM/gpio_mmio_0/inst/mem_rdata[31]_INST_0_i_8/O
                         net (fo=1, routed)           0.145    10.578    Sections_i/RV32I_MEM/gpio_mmio_0/inst/mem_rdata[31]_INST_0_i_8_n_0
    SLICE_X52Y189        LUT5 (Prop_G6LUT_SLICEL_I4_O)
                                                      0.035    10.613 r  Sections_i/RV32I_MEM/gpio_mmio_0/inst/mem_rdata[31]_INST_0_i_3/O
                         net (fo=3, routed)           0.144    10.757    Sections_i/RV32I_MEM/gpio_mmio_0/inst_n_98
    SLICE_X51Y189        LUT5 (Prop_F6LUT_SLICEL_I3_O)
                                                      0.097    10.854 r  Sections_i/RV32I_MEM/gpio_mmio_0/mem_rdata[31]_INST_0_i_1/O
                         net (fo=32, routed)          0.859    11.713    Sections_i/RV32I_MEM/gpio_mmio_0/inst/load_data[31]_INST_0_i_5
    SLICE_X44Y187        LUT4 (Prop_F6LUT_SLICEL_I1_O)
                                                      0.089    11.802 r  Sections_i/RV32I_MEM/gpio_mmio_0/inst/mem_rdata[24]_INST_0/O
                         net (fo=1, routed)           0.310    12.112    Sections_i/RV32I_MEM/mmio_decode_ram_gpio_0/gpio_rdata[24]
    SLICE_X48Y187        LUT4 (Prop_F6LUT_SLICEL_I0_O)
                                                      0.097    12.209 f  Sections_i/RV32I_MEM/mmio_decode_ram_gpio_0/load_data[24]_INST_0_i_1/O
                         net (fo=3, routed)           0.619    12.828    Sections_i/RV32I_MEM/mmio_decode_ram_gpio_0/load_data[24]_INST_0_i_1_n_0
    SLICE_X51Y188        LUT6 (Prop_G6LUT_SLICEL_I5_O)
                                                      0.050    12.878 r  Sections_i/RV32I_MEM/mmio_decode_ram_gpio_0/load_data[16]_INST_0_i_1/O
                         net (fo=1, routed)           0.044    12.922    Sections_i/RV32I_MEM/mmio_decode_ram_gpio_0/load_data[16]_INST_0_i_1_n_0
    SLICE_X51Y188        LUT6 (Prop_H6LUT_SLICEL_I3_O)
                                                      0.051    12.973 r  Sections_i/RV32I_MEM/mmio_decode_ram_gpio_0/load_data[16]_INST_0/O
                         net (fo=1, routed)           0.088    13.061    Sections_i/RV32I_WB/rv32i_wb_mux_0/inst/load_data[16]
    SLICE_X50Y188        LUT6 (Prop_D6LUT_SLICEL_I0_O)
                                                      0.122    13.183 r  Sections_i/RV32I_WB/rv32i_wb_mux_0/inst/rd_wdata[16]_INST_0/O
                         net (fo=2, routed)           1.005    14.188    Sections_i/RV32I_ID/rv32i_regfile_0/inst/regs_reg_r1_0_31_14_27/DIB0
    SLICE_X45Y188        RAMD32                                       r  Sections_i/RV32I_ID/rv32i_regfile_0/inst/regs_reg_r1_0_31_14_27/RAMB/I
  -------------------------------------------------------------------    -------------------

                         (clock clk_pl_0 rise edge)
                                                    100.001   100.001 r  
    PS8_X0Y0             PS8                          0.000   100.001 r  Sections_i/zynq_ultra_ps_e_1/inst/PS8_i/PLCLK[0]
                         net (fo=1, routed)           0.135   100.136    Sections_i/zynq_ultra_ps_e_1/inst/pl_clk_unbuffered[0]
    BUFG_PS_X0Y77        BUFG_PS (Prop_BUFG_PS_I_O)
                                                      0.025   100.161 r  Sections_i/zynq_ultra_ps_e_1/inst/buffer_pl_clk_0.PL_CLK_0_BUFG/O
    X1Y2 (CLOCK_ROOT)    net (fo=3402, routed)        1.929   102.090    Sections_i/RV32I_ID/rv32i_regfile_0/inst/regs_reg_r1_0_31_14_27/WCLK
    SLICE_X45Y188        RAMD32                                       r  Sections_i/RV32I_ID/rv32i_regfile_0/inst/regs_reg_r1_0_31_14_27/RAMB/CLK
                         clock pessimism              0.192   102.282    
                         clock uncertainty           -0.482   101.800    
    SLICE_X45Y188        RAMD32 (Setup_B5LUT_SLICEM_CLK_I)
                                                     -0.056   101.744    Sections_i/RV32I_ID/rv32i_regfile_0/inst/regs_reg_r1_0_31_14_27/RAMB
  -------------------------------------------------------------------
                         required time                        101.744    
                         arrival time                         -14.188    
  -------------------------------------------------------------------
                         slack                                 87.556    

Slack (MET) :             87.603ns  (required time - arrival time)
  Source:                 Sections_i/RV32I_IF/pc_unit_0/inst/pc_reg[2]/C
                            (rising edge-triggered cell FDRE clocked by clk_pl_0  {rise@0.000ns fall@50.000ns period=100.001ns})
  Destination:            Sections_i/RV32I_ID/rv32i_regfile_0/inst/regs_reg_r2_0_31_28_31/RAMA_D1/I
                            (rising edge-triggered cell RAMD32 clocked by clk_pl_0  {rise@0.000ns fall@50.000ns period=100.001ns})
  Path Group:             clk_pl_0
  Path Type:              Setup (Max at Slow Process Corner)
  Requirement:            100.001ns  (clk_pl_0 rise@100.001ns - clk_pl_0 rise@0.000ns)
  Data Path Delay:        11.827ns  (logic 1.952ns (16.505%)  route 9.875ns (83.495%))
  Logic Levels:           18  (CARRY8=4 LUT2=1 LUT3=1 LUT4=3 LUT5=3 LUT6=6)
  Clock Path Skew:        -0.010ns (DCD - SCD + CPR)
    Destination Clock Delay (DCD):    2.134ns = ( 102.135 - 100.001 ) 
    Source Clock Delay      (SCD):    2.336ns
    Clock Pessimism Removal (CPR):    0.192ns
  Clock Uncertainty:      0.482ns  ((TSJ^2 + DJ^2)^1/2) / 2 + PE
    Total System Jitter     (TSJ):    0.071ns
    Discrete Jitter          (DJ):    0.962ns
    Phase Error              (PE):    0.000ns
  Clock Net Delay (Source):      2.137ns (routing 0.998ns, distribution 1.139ns)
  Clock Net Delay (Destination): 1.974ns (routing 0.905ns, distribution 1.069ns)

    Location             Delay type                Incr(ns)  Path(ns)    Netlist Resource(s)
  -------------------------------------------------------------------    -------------------
                         (clock clk_pl_0 rise edge)
                                                      0.000     0.000 r  
    PS8_X0Y0             PS8                          0.000     0.000 r  Sections_i/zynq_ultra_ps_e_1/inst/PS8_i/PLCLK[0]
                         net (fo=1, routed)           0.171     0.171    Sections_i/zynq_ultra_ps_e_1/inst/pl_clk_unbuffered[0]
    BUFG_PS_X0Y77        BUFG_PS (Prop_BUFG_PS_I_O)
                                                      0.028     0.199 r  Sections_i/zynq_ultra_ps_e_1/inst/buffer_pl_clk_0.PL_CLK_0_BUFG/O
    X1Y2 (CLOCK_ROOT)    net (fo=3402, routed)        2.137     2.336    Sections_i/RV32I_IF/pc_unit_0/inst/clk
    SLICE_X44Y183        FDRE                                         r  Sections_i/RV32I_IF/pc_unit_0/inst/pc_reg[2]/C
  -------------------------------------------------------------------    -------------------
    SLICE_X44Y183        FDRE (Prop_BFF_SLICEL_C_Q)
                                                      0.079     2.415 r  Sections_i/RV32I_IF/pc_unit_0/inst/pc_reg[2]/Q
                         net (fo=35, routed)          0.551     2.966    Sections_i/RV32I_IF/dist_mem_gen_0/U0/synth_options.dist_mem_inst/gen_rom.rom_inst/a[0]
    SLICE_X42Y183        LUT6 (Prop_H6LUT_SLICEL_I3_O)
                                                      0.124     3.090 r  Sections_i/RV32I_IF/dist_mem_gen_0/U0/synth_options.dist_mem_inst/gen_rom.rom_inst/spo[20]_INST_0_i_1/O
                         net (fo=1, routed)           0.037     3.127    Sections_i/RV32I_IF/dist_mem_gen_0/U0/synth_options.dist_mem_inst/gen_rom.rom_inst/spo[20]_INST_0_i_1_n_0
    SLICE_X42Y183        LUT5 (Prop_F6LUT_SLICEL_I2_O)
                                                      0.089     3.216 r  Sections_i/RV32I_IF/dist_mem_gen_0/U0/synth_options.dist_mem_inst/gen_rom.rom_inst/spo[20]_INST_0/O
                         net (fo=81, routed)          1.442     4.658    Sections_i/RV32I_ID/rv32i_regfile_0/inst/rs2_addr[0]
    SLICE_X53Y181        LUT6 (Prop_E6LUT_SLICEM_I3_O)
                                                      0.148     4.806 r  Sections_i/RV32I_ID/rv32i_regfile_0/inst/rs2_rdata[2]_INST_0/O
                         net (fo=16, routed)          1.452     6.258    Sections_i/RV32I_EX/rv32i_opB_mux_0/inst/rs2[2]
    SLICE_X44Y190        LUT3 (Prop_H6LUT_SLICEL_I1_O)
                                                      0.150     6.408 r  Sections_i/RV32I_EX/rv32i_opB_mux_0/inst/B[2]_INST_0/O
                         net (fo=73, routed)          1.063     7.471    Sections_i/RV32I_EX/rv32i_alu_0/inst/B[2]
    SLICE_X50Y193        LUT2 (Prop_C6LUT_SLICEL_I1_O)
                                                      0.123     7.594 r  Sections_i/RV32I_EX/rv32i_alu_0/inst/Y0__93_carry_i_6/O
                         net (fo=1, routed)           0.010     7.604    Sections_i/RV32I_EX/rv32i_alu_0/inst/Y0__93_carry_i_6_n_0
    SLICE_X50Y193        CARRY8 (Prop_CARRY8_SLICEL_S[2]_CO[7])
                                                      0.155     7.759 r  Sections_i/RV32I_EX/rv32i_alu_0/inst/Y0__93_carry/CO[7]
                         net (fo=1, routed)           0.026     7.785    Sections_i/RV32I_EX/rv32i_alu_0/inst/Y0__93_carry_n_0
    SLICE_X50Y194        CARRY8 (Prop_CARRY8_SLICEL_CI_O[5])
                                                      0.116     7.901 r  Sections_i/RV32I_EX/rv32i_alu_0/inst/Y0__93_carry__0/O[5]
                         net (fo=1, routed)           0.568     8.469    Sections_i/RV32I_EX/rv32i_alu_0/inst/data1[13]
    SLICE_X46Y194        LUT6 (Prop_G6LUT_SLICEL_I3_O)
                                                      0.035     8.504 r  Sections_i/RV32I_EX/rv32i_alu_0/inst/Y[13]_INST_0_i_1/O
                         net (fo=1, routed)           0.140     8.644    Sections_i/RV32I_EX/rv32i_alu_0/inst/Y[13]_INST_0_i_1_n_0
    SLICE_X46Y195        LUT6 (Prop_C6LUT_SLICEL_I0_O)
                                                      0.050     8.694 r  Sections_i/RV32I_EX/rv32i_alu_0/inst/Y[13]_INST_0/O
                         net (fo=9, routed)           1.113     9.807    Sections_i/RV32I_MEM/mmio_decode_ram_gpio_0/addr[13]
    SLICE_X52Y190        CARRY8 (Prop_CARRY8_SLICEL_DI[1]_CO[7])
                                                      0.117     9.924 r  Sections_i/RV32I_MEM/mmio_decode_ram_gpio_0/gpio_addr[12]_INST_0/CO[7]
                         net (fo=1, routed)           0.026     9.950    Sections_i/RV32I_MEM/mmio_decode_ram_gpio_0/gpio_addr[12]_INST_0_n_0
    SLICE_X52Y191        CARRY8 (Prop_CARRY8_SLICEL_CI_O[3])
                                                      0.089    10.039 f  Sections_i/RV32I_MEM/mmio_decode_ram_gpio_0/gpio_addr[20]_INST_0/O[3]
                         net (fo=3, routed)           0.271    10.310    Sections_i/RV32I_MEM/gpio_mmio_0/inst/mem_addr[23]
    SLICE_X53Y191        LUT4 (Prop_G6LUT_SLICEM_I0_O)
                                                      0.123    10.433 r  Sections_i/RV32I_MEM/gpio_mmio_0/inst/mem_rdata[31]_INST_0_i_8/O
                         net (fo=1, routed)           0.145    10.578    Sections_i/RV32I_MEM/gpio_mmio_0/inst/mem_rdata[31]_INST_0_i_8_n_0
    SLICE_X52Y189        LUT5 (Prop_G6LUT_SLICEL_I4_O)
                                                      0.035    10.613 r  Sections_i/RV32I_MEM/gpio_mmio_0/inst/mem_rdata[31]_INST_0_i_3/O
                         net (fo=3, routed)           0.144    10.757    Sections_i/RV32I_MEM/gpio_mmio_0/inst_n_98
    SLICE_X51Y189        LUT5 (Prop_F6LUT_SLICEL_I3_O)
                                                      0.097    10.854 r  Sections_i/RV32I_MEM/gpio_mmio_0/mem_rdata[31]_INST_0_i_1/O
                         net (fo=32, routed)          0.759    11.613    Sections_i/RV32I_MEM/gpio_mmio_0/inst/load_data[31]_INST_0_i_5
    SLICE_X46Y189        LUT4 (Prop_A6LUT_SLICEL_I1_O)
                                                      0.090    11.703 r  Sections_i/RV32I_MEM/gpio_mmio_0/inst/mem_rdata[29]_INST_0/O
                         net (fo=1, routed)           0.195    11.898    Sections_i/RV32I_MEM/mmio_decode_ram_gpio_0/gpio_rdata[29]
    SLICE_X48Y189        LUT4 (Prop_E6LUT_SLICEL_I0_O)
                                                      0.147    12.045 f  Sections_i/RV32I_MEM/mmio_decode_ram_gpio_0/load_data[29]_INST_0_i_1/O
                         net (fo=3, routed)           0.763    12.808    Sections_i/RV32I_MEM/mmio_decode_ram_gpio_0/load_data[29]_INST_0_i_1_n_0
    SLICE_X50Y188        LUT6 (Prop_H6LUT_SLICEL_I5_O)
                                                      0.150    12.958 r  Sections_i/RV32I_MEM/mmio_decode_ram_gpio_0/load_data[29]_INST_0/O
                         net (fo=1, routed)           0.039    12.997    Sections_i/RV32I_WB/rv32i_wb_mux_0/inst/load_data[29]
    SLICE_X50Y188        LUT6 (Prop_G6LUT_SLICEL_I0_O)
                                                      0.035    13.032 r  Sections_i/RV32I_WB/rv32i_wb_mux_0/inst/rd_wdata[29]_INST_0/O
                         net (fo=2, routed)           1.131    14.163    Sections_i/RV32I_ID/rv32i_regfile_0/inst/regs_reg_r2_0_31_28_31/DIA1
    SLICE_X53Y184        RAMD32                                       r  Sections_i/RV32I_ID/rv32i_regfile_0/inst/regs_reg_r2_0_31_28_31/RAMA_D1/I
  -------------------------------------------------------------------    -------------------

                         (clock clk_pl_0 rise edge)
                                                    100.001   100.001 r  
    PS8_X0Y0             PS8                          0.000   100.001 r  Sections_i/zynq_ultra_ps_e_1/inst/PS8_i/PLCLK[0]
                         net (fo=1, routed)           0.135   100.136    Sections_i/zynq_ultra_ps_e_1/inst/pl_clk_unbuffered[0]
    BUFG_PS_X0Y77        BUFG_PS (Prop_BUFG_PS_I_O)
                                                      0.025   100.161 r  Sections_i/zynq_ultra_ps_e_1/inst/buffer_pl_clk_0.PL_CLK_0_BUFG/O
    X1Y2 (CLOCK_ROOT)    net (fo=3402, routed)        1.974   102.135    Sections_i/RV32I_ID/rv32i_regfile_0/inst/regs_reg_r2_0_31_28_31/WCLK
    SLICE_X53Y184        RAMD32                                       r  Sections_i/RV32I_ID/rv32i_regfile_0/inst/regs_reg_r2_0_31_28_31/RAMA_D1/CLK
                         clock pessimism              0.192   102.327    
                         clock uncertainty           -0.482   101.845    
    SLICE_X53Y184        RAMD32 (Setup_A6LUT_SLICEM_CLK_I)
                                                     -0.079   101.766    Sections_i/RV32I_ID/rv32i_regfile_0/inst/regs_reg_r2_0_31_28_31/RAMA_D1
  -------------------------------------------------------------------
                         required time                        101.766    
                         arrival time                         -14.163    
  -------------------------------------------------------------------
                         slack                                 87.603    

Slack (MET) :             87.628ns  (required time - arrival time)
  Source:                 Sections_i/RV32I_IF/pc_unit_0/inst/pc_reg[2]/C
                            (rising edge-triggered cell FDRE clocked by clk_pl_0  {rise@0.000ns fall@50.000ns period=100.001ns})
  Destination:            Sections_i/RV32I_ID/rv32i_regfile_0/inst/regs_reg_r1_0_31_0_13/RAMC_D1/I
                            (rising edge-triggered cell RAMD32 clocked by clk_pl_0  {rise@0.000ns fall@50.000ns period=100.001ns})
  Path Group:             clk_pl_0
  Path Type:              Setup (Max at Slow Process Corner)
  Requirement:            100.001ns  (clk_pl_0 rise@100.001ns - clk_pl_0 rise@0.000ns)
  Data Path Delay:        11.742ns  (logic 2.112ns (17.987%)  route 9.630ns (82.013%))
  Logic Levels:           19  (CARRY8=4 LUT2=1 LUT3=1 LUT4=3 LUT5=4 LUT6=6)
  Clock Path Skew:        -0.069ns (DCD - SCD + CPR)
    Destination Clock Delay (DCD):    2.075ns = ( 102.076 - 100.001 ) 
    Source Clock Delay      (SCD):    2.336ns
    Clock Pessimism Removal (CPR):    0.192ns
  Clock Uncertainty:      0.482ns  ((TSJ^2 + DJ^2)^1/2) / 2 + PE
    Total System Jitter     (TSJ):    0.071ns
    Discrete Jitter          (DJ):    0.962ns
    Phase Error              (PE):    0.000ns
  Clock Net Delay (Source):      2.137ns (routing 0.998ns, distribution 1.139ns)
  Clock Net Delay (Destination): 1.915ns (routing 0.905ns, distribution 1.010ns)

    Location             Delay type                Incr(ns)  Path(ns)    Netlist Resource(s)
  -------------------------------------------------------------------    -------------------
                         (clock clk_pl_0 rise edge)
                                                      0.000     0.000 r  
    PS8_X0Y0             PS8                          0.000     0.000 r  Sections_i/zynq_ultra_ps_e_1/inst/PS8_i/PLCLK[0]
                         net (fo=1, routed)           0.171     0.171    Sections_i/zynq_ultra_ps_e_1/inst/pl_clk_unbuffered[0]
    BUFG_PS_X0Y77        BUFG_PS (Prop_BUFG_PS_I_O)
                                                      0.028     0.199 r  Sections_i/zynq_ultra_ps_e_1/inst/buffer_pl_clk_0.PL_CLK_0_BUFG/O
    X1Y2 (CLOCK_ROOT)    net (fo=3402, routed)        2.137     2.336    Sections_i/RV32I_IF/pc_unit_0/inst/clk
    SLICE_X44Y183        FDRE                                         r  Sections_i/RV32I_IF/pc_unit_0/inst/pc_reg[2]/C
  -------------------------------------------------------------------    -------------------
    SLICE_X44Y183        FDRE (Prop_BFF_SLICEL_C_Q)
                                                      0.079     2.415 r  Sections_i/RV32I_IF/pc_unit_0/inst/pc_reg[2]/Q
                         net (fo=35, routed)          0.551     2.966    Sections_i/RV32I_IF/dist_mem_gen_0/U0/synth_options.dist_mem_inst/gen_rom.rom_inst/a[0]
    SLICE_X42Y183        LUT6 (Prop_H6LUT_SLICEL_I3_O)
                                                      0.124     3.090 r  Sections_i/RV32I_IF/dist_mem_gen_0/U0/synth_options.dist_mem_inst/gen_rom.rom_inst/spo[20]_INST_0_i_1/O
                         net (fo=1, routed)           0.037     3.127    Sections_i/RV32I_IF/dist_mem_gen_0/U0/synth_options.dist_mem_inst/gen_rom.rom_inst/spo[20]_INST_0_i_1_n_0
    SLICE_X42Y183        LUT5 (Prop_F6LUT_SLICEL_I2_O)
                                                      0.089     3.216 r  Sections_i/RV32I_IF/dist_mem_gen_0/U0/synth_options.dist_mem_inst/gen_rom.rom_inst/spo[20]_INST_0/O
                         net (fo=81, routed)          1.442     4.658    Sections_i/RV32I_ID/rv32i_regfile_0/inst/rs2_addr[0]
    SLICE_X53Y181        LUT6 (Prop_E6LUT_SLICEM_I3_O)
                                                      0.148     4.806 r  Sections_i/RV32I_ID/rv32i_regfile_0/inst/rs2_rdata[2]_INST_0/O
                         net (fo=16, routed)          1.452     6.258    Sections_i/RV32I_EX/rv32i_opB_mux_0/inst/rs2[2]
    SLICE_X44Y190        LUT3 (Prop_H6LUT_SLICEL_I1_O)
                                                      0.150     6.408 r  Sections_i/RV32I_EX/rv32i_opB_mux_0/inst/B[2]_INST_0/O
                         net (fo=73, routed)          1.063     7.471    Sections_i/RV32I_EX/rv32i_alu_0/inst/B[2]
    SLICE_X50Y193        LUT2 (Prop_C6LUT_SLICEL_I1_O)
                                                      0.123     7.594 r  Sections_i/RV32I_EX/rv32i_alu_0/inst/Y0__93_carry_i_6/O
                         net (fo=1, routed)           0.010     7.604    Sections_i/RV32I_EX/rv32i_alu_0/inst/Y0__93_carry_i_6_n_0
    SLICE_X50Y193        CARRY8 (Prop_CARRY8_SLICEL_S[2]_CO[7])
                                                      0.155     7.759 r  Sections_i/RV32I_EX/rv32i_alu_0/inst/Y0__93_carry/CO[7]
                         net (fo=1, routed)           0.026     7.785    Sections_i/RV32I_EX/rv32i_alu_0/inst/Y0__93_carry_n_0
    SLICE_X50Y194        CARRY8 (Prop_CARRY8_SLICEL_CI_O[5])
                                                      0.116     7.901 r  Sections_i/RV32I_EX/rv32i_alu_0/inst/Y0__93_carry__0/O[5]
                         net (fo=1, routed)           0.568     8.469    Sections_i/RV32I_EX/rv32i_alu_0/inst/data1[13]
    SLICE_X46Y194        LUT6 (Prop_G6LUT_SLICEL_I3_O)
                                                      0.035     8.504 r  Sections_i/RV32I_EX/rv32i_alu_0/inst/Y[13]_INST_0_i_1/O
                         net (fo=1, routed)           0.140     8.644    Sections_i/RV32I_EX/rv32i_alu_0/inst/Y[13]_INST_0_i_1_n_0
    SLICE_X46Y195        LUT6 (Prop_C6LUT_SLICEL_I0_O)
                                                      0.050     8.694 r  Sections_i/RV32I_EX/rv32i_alu_0/inst/Y[13]_INST_0/O
                         net (fo=9, routed)           1.113     9.807    Sections_i/RV32I_MEM/mmio_decode_ram_gpio_0/addr[13]
    SLICE_X52Y190        CARRY8 (Prop_CARRY8_SLICEL_DI[1]_CO[7])
                                                      0.117     9.924 r  Sections_i/RV32I_MEM/mmio_decode_ram_gpio_0/gpio_addr[12]_INST_0/CO[7]
                         net (fo=1, routed)           0.026     9.950    Sections_i/RV32I_MEM/mmio_decode_ram_gpio_0/gpio_addr[12]_INST_0_n_0
    SLICE_X52Y191        CARRY8 (Prop_CARRY8_SLICEL_CI_O[3])
                                                      0.089    10.039 f  Sections_i/RV32I_MEM/mmio_decode_ram_gpio_0/gpio_addr[20]_INST_0/O[3]
                         net (fo=3, routed)           0.271    10.310    Sections_i/RV32I_MEM/gpio_mmio_0/inst/mem_addr[23]
    SLICE_X53Y191        LUT4 (Prop_G6LUT_SLICEM_I0_O)
                                                      0.123    10.433 r  Sections_i/RV32I_MEM/gpio_mmio_0/inst/mem_rdata[31]_INST_0_i_8/O
                         net (fo=1, routed)           0.145    10.578    Sections_i/RV32I_MEM/gpio_mmio_0/inst/mem_rdata[31]_INST_0_i_8_n_0
    SLICE_X52Y189        LUT5 (Prop_G6LUT_SLICEL_I4_O)
                                                      0.035    10.613 r  Sections_i/RV32I_MEM/gpio_mmio_0/inst/mem_rdata[31]_INST_0_i_3/O
                         net (fo=3, routed)           0.144    10.757    Sections_i/RV32I_MEM/gpio_mmio_0/inst_n_98
    SLICE_X51Y189        LUT5 (Prop_F6LUT_SLICEL_I3_O)
                                                      0.097    10.854 r  Sections_i/RV32I_MEM/gpio_mmio_0/mem_rdata[31]_INST_0_i_1/O
                         net (fo=32, routed)          0.759    11.613    Sections_i/RV32I_MEM/gpio_mmio_0/inst/load_data[31]_INST_0_i_5
    SLICE_X46Y189        LUT4 (Prop_A6LUT_SLICEL_I1_O)
                                                      0.090    11.703 r  Sections_i/RV32I_MEM/gpio_mmio_0/inst/mem_rdata[29]_INST_0/O
                         net (fo=1, routed)           0.195    11.898    Sections_i/RV32I_MEM/mmio_decode_ram_gpio_0/gpio_rdata[29]
    SLICE_X48Y189        LUT4 (Prop_E6LUT_SLICEL_I0_O)
                                                      0.147    12.045 f  Sections_i/RV32I_MEM/mmio_decode_ram_gpio_0/load_data[29]_INST_0_i_1/O
                         net (fo=3, routed)           0.658    12.703    Sections_i/RV32I_MEM/mmio_decode_ram_gpio_0/load_data[29]_INST_0_i_1_n_0
    SLICE_X50Y183        LUT6 (Prop_H6LUT_SLICEL_I4_O)
                                                      0.150    12.853 r  Sections_i/RV32I_MEM/mmio_decode_ram_gpio_0/load_data[13]_INST_0_i_1/O
                         net (fo=2, routed)           0.093    12.946    Sections_i/RV32I_MEM/mmio_decode_ram_gpio_0/load_data[13]_INST_0_i_1_n_0
    SLICE_X50Y183        LUT6 (Prop_D6LUT_SLICEL_I0_O)
                                                      0.099    13.045 r  Sections_i/RV32I_MEM/mmio_decode_ram_gpio_0/load_data[5]_INST_0/O
                         net (fo=1, routed)           0.084    13.129    Sections_i/RV32I_WB/rv32i_wb_mux_0/inst/load_data[5]
    SLICE_X50Y183        LUT5 (Prop_C6LUT_SLICEL_I0_O)
                                                      0.096    13.225 r  Sections_i/RV32I_WB/rv32i_wb_mux_0/inst/rd_wdata[5]_INST_0/O
                         net (fo=2, routed)           0.853    14.078    Sections_i/RV32I_ID/rv32i_regfile_0/inst/regs_reg_r1_0_31_0_13/DIC1
    SLICE_X43Y184        RAMD32                                       r  Sections_i/RV32I_ID/rv32i_regfile_0/inst/regs_reg_r1_0_31_0_13/RAMC_D1/I
  -------------------------------------------------------------------    -------------------

                         (clock clk_pl_0 rise edge)
                                                    100.001   100.001 r  
    PS8_X0Y0             PS8                          0.000   100.001 r  Sections_i/zynq_ultra_ps_e_1/inst/PS8_i/PLCLK[0]
                         net (fo=1, routed)           0.135   100.136    Sections_i/zynq_ultra_ps_e_1/inst/pl_clk_unbuffered[0]
    BUFG_PS_X0Y77        BUFG_PS (Prop_BUFG_PS_I_O)
                                                      0.025   100.161 r  Sections_i/zynq_ultra_ps_e_1/inst/buffer_pl_clk_0.PL_CLK_0_BUFG/O
    X1Y2 (CLOCK_ROOT)    net (fo=3402, routed)        1.915   102.076    Sections_i/RV32I_ID/rv32i_regfile_0/inst/regs_reg_r1_0_31_0_13/WCLK
    SLICE_X43Y184        RAMD32                                       r  Sections_i/RV32I_ID/rv32i_regfile_0/inst/regs_reg_r1_0_31_0_13/RAMC_D1/CLK
                         clock pessimism              0.192   102.268    
                         clock uncertainty           -0.482   101.786    
    SLICE_X43Y184        RAMD32 (Setup_C6LUT_SLICEM_CLK_I)
                                                     -0.080   101.706    Sections_i/RV32I_ID/rv32i_regfile_0/inst/regs_reg_r1_0_31_0_13/RAMC_D1
  -------------------------------------------------------------------
                         required time                        101.706    
                         arrival time                         -14.078    
  -------------------------------------------------------------------
                         slack                                 87.628    

Slack (MET) :             87.634ns  (required time - arrival time)
  Source:                 Sections_i/RV32I_IF/pc_unit_0/inst/pc_reg[2]/C
                            (rising edge-triggered cell FDRE clocked by clk_pl_0  {rise@0.000ns fall@50.000ns period=100.001ns})
  Destination:            Sections_i/RV32I_ID/rv32i_regfile_0/inst/regs_reg_r2_0_31_28_31/RAMB_D1/I
                            (rising edge-triggered cell RAMD32 clocked by clk_pl_0  {rise@0.000ns fall@50.000ns period=100.001ns})
  Path Group:             clk_pl_0
  Path Type:              Setup (Max at Slow Process Corner)
  Requirement:            100.001ns  (clk_pl_0 rise@100.001ns - clk_pl_0 rise@0.000ns)
  Data Path Delay:        11.795ns  (logic 2.102ns (17.821%)  route 9.693ns (82.179%))
  Logic Levels:           19  (CARRY8=4 LUT2=1 LUT3=1 LUT4=2 LUT5=4 LUT6=7)
  Clock Path Skew:        -0.010ns (DCD - SCD + CPR)
    Destination Clock Delay (DCD):    2.134ns = ( 102.135 - 100.001 ) 
    Source Clock Delay      (SCD):    2.336ns
    Clock Pessimism Removal (CPR):    0.192ns
  Clock Uncertainty:      0.482ns  ((TSJ^2 + DJ^2)^1/2) / 2 + PE
    Total System Jitter     (TSJ):    0.071ns
    Discrete Jitter          (DJ):    0.962ns
    Phase Error              (PE):    0.000ns
  Clock Net Delay (Source):      2.137ns (routing 0.998ns, distribution 1.139ns)
  Clock Net Delay (Destination): 1.974ns (routing 0.905ns, distribution 1.069ns)

    Location             Delay type                Incr(ns)  Path(ns)    Netlist Resource(s)
  -------------------------------------------------------------------    -------------------
                         (clock clk_pl_0 rise edge)
                                                      0.000     0.000 r  
    PS8_X0Y0             PS8                          0.000     0.000 r  Sections_i/zynq_ultra_ps_e_1/inst/PS8_i/PLCLK[0]
                         net (fo=1, routed)           0.171     0.171    Sections_i/zynq_ultra_ps_e_1/inst/pl_clk_unbuffered[0]
    BUFG_PS_X0Y77        BUFG_PS (Prop_BUFG_PS_I_O)
                                                      0.028     0.199 r  Sections_i/zynq_ultra_ps_e_1/inst/buffer_pl_clk_0.PL_CLK_0_BUFG/O
    X1Y2 (CLOCK_ROOT)    net (fo=3402, routed)        2.137     2.336    Sections_i/RV32I_IF/pc_unit_0/inst/clk
    SLICE_X44Y183        FDRE                                         r  Sections_i/RV32I_IF/pc_unit_0/inst/pc_reg[2]/C
  -------------------------------------------------------------------    -------------------
    SLICE_X44Y183        FDRE (Prop_BFF_SLICEL_C_Q)
                                                      0.079     2.415 r  Sections_i/RV32I_IF/pc_unit_0/inst/pc_reg[2]/Q
                         net (fo=35, routed)          0.551     2.966    Sections_i/RV32I_IF/dist_mem_gen_0/U0/synth_options.dist_mem_inst/gen_rom.rom_inst/a[0]
    SLICE_X42Y183        LUT6 (Prop_H6LUT_SLICEL_I3_O)
                                                      0.124     3.090 r  Sections_i/RV32I_IF/dist_mem_gen_0/U0/synth_options.dist_mem_inst/gen_rom.rom_inst/spo[20]_INST_0_i_1/O
                         net (fo=1, routed)           0.037     3.127    Sections_i/RV32I_IF/dist_mem_gen_0/U0/synth_options.dist_mem_inst/gen_rom.rom_inst/spo[20]_INST_0_i_1_n_0
    SLICE_X42Y183        LUT5 (Prop_F6LUT_SLICEL_I2_O)
                                                      0.089     3.216 r  Sections_i/RV32I_IF/dist_mem_gen_0/U0/synth_options.dist_mem_inst/gen_rom.rom_inst/spo[20]_INST_0/O
                         net (fo=81, routed)          1.442     4.658    Sections_i/RV32I_ID/rv32i_regfile_0/inst/rs2_addr[0]
    SLICE_X53Y181        LUT6 (Prop_E6LUT_SLICEM_I3_O)
                                                      0.148     4.806 r  Sections_i/RV32I_ID/rv32i_regfile_0/inst/rs2_rdata[2]_INST_0/O
                         net (fo=16, routed)          1.452     6.258    Sections_i/RV32I_EX/rv32i_opB_mux_0/inst/rs2[2]
    SLICE_X44Y190        LUT3 (Prop_H6LUT_SLICEL_I1_O)
                                                      0.150     6.408 r  Sections_i/RV32I_EX/rv32i_opB_mux_0/inst/B[2]_INST_0/O
                         net (fo=73, routed)          1.063     7.471    Sections_i/RV32I_EX/rv32i_alu_0/inst/B[2]
    SLICE_X50Y193        LUT2 (Prop_C6LUT_SLICEL_I1_O)
                                                      0.123     7.594 r  Sections_i/RV32I_EX/rv32i_alu_0/inst/Y0__93_carry_i_6/O
                         net (fo=1, routed)           0.010     7.604    Sections_i/RV32I_EX/rv32i_alu_0/inst/Y0__93_carry_i_6_n_0
    SLICE_X50Y193        CARRY8 (Prop_CARRY8_SLICEL_S[2]_CO[7])
                                                      0.155     7.759 r  Sections_i/RV32I_EX/rv32i_alu_0/inst/Y0__93_carry/CO[7]
                         net (fo=1, routed)           0.026     7.785    Sections_i/RV32I_EX/rv32i_alu_0/inst/Y0__93_carry_n_0
    SLICE_X50Y194        CARRY8 (Prop_CARRY8_SLICEL_CI_O[5])
                                                      0.116     7.901 r  Sections_i/RV32I_EX/rv32i_alu_0/inst/Y0__93_carry__0/O[5]
                         net (fo=1, routed)           0.568     8.469    Sections_i/RV32I_EX/rv32i_alu_0/inst/data1[13]
    SLICE_X46Y194        LUT6 (Prop_G6LUT_SLICEL_I3_O)
                                                      0.035     8.504 r  Sections_i/RV32I_EX/rv32i_alu_0/inst/Y[13]_INST_0_i_1/O
                         net (fo=1, routed)           0.140     8.644    Sections_i/RV32I_EX/rv32i_alu_0/inst/Y[13]_INST_0_i_1_n_0
    SLICE_X46Y195        LUT6 (Prop_C6LUT_SLICEL_I0_O)
                                                      0.050     8.694 r  Sections_i/RV32I_EX/rv32i_alu_0/inst/Y[13]_INST_0/O
                         net (fo=9, routed)           1.113     9.807    Sections_i/RV32I_MEM/mmio_decode_ram_gpio_0/addr[13]
    SLICE_X52Y190        CARRY8 (Prop_CARRY8_SLICEL_DI[1]_CO[7])
                                                      0.117     9.924 r  Sections_i/RV32I_MEM/mmio_decode_ram_gpio_0/gpio_addr[12]_INST_0/CO[7]
                         net (fo=1, routed)           0.026     9.950    Sections_i/RV32I_MEM/mmio_decode_ram_gpio_0/gpio_addr[12]_INST_0_n_0
    SLICE_X52Y191        CARRY8 (Prop_CARRY8_SLICEL_CI_O[3])
                                                      0.089    10.039 f  Sections_i/RV32I_MEM/mmio_decode_ram_gpio_0/gpio_addr[20]_INST_0/O[3]
                         net (fo=3, routed)           0.271    10.310    Sections_i/RV32I_MEM/gpio_mmio_0/inst/mem_addr[23]
    SLICE_X53Y191        LUT4 (Prop_G6LUT_SLICEM_I0_O)
                                                      0.123    10.433 r  Sections_i/RV32I_MEM/gpio_mmio_0/inst/mem_rdata[31]_INST_0_i_8/O
                         net (fo=1, routed)           0.145    10.578    Sections_i/RV32I_MEM/gpio_mmio_0/inst/mem_rdata[31]_INST_0_i_8_n_0
    SLICE_X52Y189        LUT5 (Prop_G6LUT_SLICEL_I4_O)
                                                      0.035    10.613 r  Sections_i/RV32I_MEM/gpio_mmio_0/inst/mem_rdata[31]_INST_0_i_3/O
                         net (fo=3, routed)           0.144    10.757    Sections_i/RV32I_MEM/gpio_mmio_0/inst_n_98
    SLICE_X51Y189        LUT5 (Prop_F6LUT_SLICEL_I3_O)
                                                      0.097    10.854 r  Sections_i/RV32I_MEM/gpio_mmio_0/mem_rdata[31]_INST_0_i_1/O
                         net (fo=32, routed)          0.563    11.417    Sections_i/RV32I_MEM/gpio_mmio_0/inst/load_data[31]_INST_0_i_5
    SLICE_X48Y191        LUT4 (Prop_F6LUT_SLICEL_I1_O)
                                                      0.148    11.565 r  Sections_i/RV32I_MEM/gpio_mmio_0/inst/mem_rdata[31]_INST_0/O
                         net (fo=2, routed)           0.489    12.054    Sections_i/RV32I_MEM/mmio_decode_ram_gpio_0/gpio_rdata[31]
    SLICE_X49Y191        LUT6 (Prop_H6LUT_SLICEL_I0_O)
                                                      0.150    12.204 r  Sections_i/RV32I_MEM/mmio_decode_ram_gpio_0/load_data[31]_INST_0_i_5/O
                         net (fo=2, routed)           0.210    12.414    Sections_i/RV32I_MEM/mmio_decode_ram_gpio_0/load_data[31]_INST_0_i_5_n_0
    SLICE_X50Y190        LUT5 (Prop_A5LUT_SLICEL_I0_O)
                                                      0.100    12.514 r  Sections_i/RV32I_MEM/mmio_decode_ram_gpio_0/load_data[31]_INST_0_i_3/O
                         net (fo=16, routed)          0.783    13.297    Sections_i/RV32I_MEM/mmio_decode_ram_gpio_0/load_data[31]_INST_0_i_3_n_0
    SLICE_X48Y190        LUT6 (Prop_F6LUT_SLICEL_I3_O)
                                                      0.123    13.420 r  Sections_i/RV32I_MEM/mmio_decode_ram_gpio_0/load_data[31]_INST_0/O
                         net (fo=1, routed)           0.153    13.573    Sections_i/RV32I_WB/rv32i_wb_mux_0/inst/load_data[31]
    SLICE_X48Y188        LUT6 (Prop_E6LUT_SLICEL_I0_O)
                                                      0.051    13.624 r  Sections_i/RV32I_WB/rv32i_wb_mux_0/inst/rd_wdata[31]_INST_0/O
                         net (fo=2, routed)           0.507    14.131    Sections_i/RV32I_ID/rv32i_regfile_0/inst/regs_reg_r2_0_31_28_31/DIB1
    SLICE_X53Y184        RAMD32                                       r  Sections_i/RV32I_ID/rv32i_regfile_0/inst/regs_reg_r2_0_31_28_31/RAMB_D1/I
  -------------------------------------------------------------------    -------------------

                         (clock clk_pl_0 rise edge)
                                                    100.001   100.001 r  
    PS8_X0Y0             PS8                          0.000   100.001 r  Sections_i/zynq_ultra_ps_e_1/inst/PS8_i/PLCLK[0]
                         net (fo=1, routed)           0.135   100.136    Sections_i/zynq_ultra_ps_e_1/inst/pl_clk_unbuffered[0]
    BUFG_PS_X0Y77        BUFG_PS (Prop_BUFG_PS_I_O)
                                                      0.025   100.161 r  Sections_i/zynq_ultra_ps_e_1/inst/buffer_pl_clk_0.PL_CLK_0_BUFG/O
    X1Y2 (CLOCK_ROOT)    net (fo=3402, routed)        1.974   102.135    Sections_i/RV32I_ID/rv32i_regfile_0/inst/regs_reg_r2_0_31_28_31/WCLK
    SLICE_X53Y184        RAMD32                                       r  Sections_i/RV32I_ID/rv32i_regfile_0/inst/regs_reg_r2_0_31_28_31/RAMB_D1/CLK
                         clock pessimism              0.192   102.327    
                         clock uncertainty           -0.482   101.845    
    SLICE_X53Y184        RAMD32 (Setup_B6LUT_SLICEM_CLK_I)
                                                     -0.080   101.765    Sections_i/RV32I_ID/rv32i_regfile_0/inst/regs_reg_r2_0_31_28_31/RAMB_D1
  -------------------------------------------------------------------
                         required time                        101.765    
                         arrival time                         -14.131    
  -------------------------------------------------------------------
                         slack                                 87.634    





Min Delay Paths
--------------------------------------------------------------------------------------
Slack (MET) :             0.011ns  (arrival time - required time)
  Source:                 Sections_i/ila_0/inst/ila_core_inst/u_trig/U_TM/N_DDR_MODE.G_NMU[3].U_M/allx_typeA_match_detection.ltlib_v1_0_0_allx_typeA_inst/probeDelay1_reg[12]/C
                            (rising edge-triggered cell FDRE clocked by clk_pl_0  {rise@0.000ns fall@50.000ns period=100.001ns})
  Destination:            Sections_i/ila_0/inst/ila_core_inst/u_trig/U_TM/N_DDR_MODE.G_NMU[3].U_M/allx_typeA_match_detection.ltlib_v1_0_0_allx_typeA_inst/i_use_input_reg_eq1.probeDelay2_reg[12]/D
                            (rising edge-triggered cell FDRE clocked by clk_pl_0  {rise@0.000ns fall@50.000ns period=100.001ns})
  Path Group:             clk_pl_0
  Path Type:              Hold (Min at Slow Process Corner)
  Requirement:            0.000ns  (clk_pl_0 rise@0.000ns - clk_pl_0 rise@0.000ns)
  Data Path Delay:        0.181ns  (logic 0.058ns (32.044%)  route 0.123ns (67.956%))
  Logic Levels:           0  
  Clock Path Skew:        0.110ns (DCD - SCD - CPR)
    Destination Clock Delay (DCD):    2.406ns
    Source Clock Delay      (SCD):    2.104ns
    Clock Pessimism Removal (CPR):    0.192ns
  Clock Net Delay (Source):      1.944ns (routing 0.905ns, distribution 1.039ns)
  Clock Net Delay (Destination): 2.207ns (routing 0.998ns, distribution 1.209ns)

    Location             Delay type                Incr(ns)  Path(ns)    Netlist Resource(s)
  -------------------------------------------------------------------    -------------------
                         (clock clk_pl_0 rise edge)
                                                      0.000     0.000 r  
    PS8_X0Y0             PS8                          0.000     0.000 r  Sections_i/zynq_ultra_ps_e_1/inst/PS8_i/PLCLK[0]
                         net (fo=1, routed)           0.135     0.135    Sections_i/zynq_ultra_ps_e_1/inst/pl_clk_unbuffered[0]
    BUFG_PS_X0Y77        BUFG_PS (Prop_BUFG_PS_I_O)
                                                      0.025     0.160 r  Sections_i/zynq_ultra_ps_e_1/inst/buffer_pl_clk_0.PL_CLK_0_BUFG/O
    X1Y2 (CLOCK_ROOT)    net (fo=3402, routed)        1.944     2.104    Sections_i/ila_0/inst/ila_core_inst/u_trig/U_TM/N_DDR_MODE.G_NMU[3].U_M/allx_typeA_match_detection.ltlib_v1_0_0_allx_typeA_inst/DESIGN_CLK_I
    SLICE_X52Y190        FDRE                                         r  Sections_i/ila_0/inst/ila_core_inst/u_trig/U_TM/N_DDR_MODE.G_NMU[3].U_M/allx_typeA_match_detection.ltlib_v1_0_0_allx_typeA_inst/probeDelay1_reg[12]/C
  -------------------------------------------------------------------    -------------------
    SLICE_X52Y190        FDRE (Prop_AFF_SLICEL_C_Q)
                                                      0.058     2.162 r  Sections_i/ila_0/inst/ila_core_inst/u_trig/U_TM/N_DDR_MODE.G_NMU[3].U_M/allx_typeA_match_detection.ltlib_v1_0_0_allx_typeA_inst/probeDelay1_reg[12]/Q
                         net (fo=3, routed)           0.123     2.285    Sections_i/ila_0/inst/ila_core_inst/u_trig/U_TM/N_DDR_MODE.G_NMU[3].U_M/allx_typeA_match_detection.ltlib_v1_0_0_allx_typeA_inst/all_in[24]
    SLICE_X53Y191        FDRE                                         r  Sections_i/ila_0/inst/ila_core_inst/u_trig/U_TM/N_DDR_MODE.G_NMU[3].U_M/allx_typeA_match_detection.ltlib_v1_0_0_allx_typeA_inst/i_use_input_reg_eq1.probeDelay2_reg[12]/D
  -------------------------------------------------------------------    -------------------

                         (clock clk_pl_0 rise edge)
                                                      0.000     0.000 r  
    PS8_X0Y0             PS8                          0.000     0.000 r  Sections_i/zynq_ultra_ps_e_1/inst/PS8_i/PLCLK[0]
                         net (fo=1, routed)           0.171     0.171    Sections_i/zynq_ultra_ps_e_1/inst/pl_clk_unbuffered[0]
    BUFG_PS_X0Y77        BUFG_PS (Prop_BUFG_PS_I_O)
                                                      0.028     0.199 r  Sections_i/zynq_ultra_ps_e_1/inst/buffer_pl_clk_0.PL_CLK_0_BUFG/O
    X1Y2 (CLOCK_ROOT)    net (fo=3402, routed)        2.207     2.406    Sections_i/ila_0/inst/ila_core_inst/u_trig/U_TM/N_DDR_MODE.G_NMU[3].U_M/allx_typeA_match_detection.ltlib_v1_0_0_allx_typeA_inst/DESIGN_CLK_I
    SLICE_X53Y191        FDRE                                         r  Sections_i/ila_0/inst/ila_core_inst/u_trig/U_TM/N_DDR_MODE.G_NMU[3].U_M/allx_typeA_match_detection.ltlib_v1_0_0_allx_typeA_inst/i_use_input_reg_eq1.probeDelay2_reg[12]/C
                         clock pessimism             -0.192     2.214    
    SLICE_X53Y191        FDRE (Hold_BFF_SLICEM_C_D)
                                                      0.060     2.274    Sections_i/ila_0/inst/ila_core_inst/u_trig/U_TM/N_DDR_MODE.G_NMU[3].U_M/allx_typeA_match_detection.ltlib_v1_0_0_allx_typeA_inst/i_use_input_reg_eq1.probeDelay2_reg[12]
  -------------------------------------------------------------------
                         required time                         -2.274    
                         arrival time                           2.285    
  -------------------------------------------------------------------
                         slack                                  0.011    

Slack (MET) :             0.013ns  (arrival time - required time)
  Source:                 Sections_i/ila_0/inst/ila_core_inst/u_ila_regs/MU_SRL[5].mu_srl_reg/parallel_dout_reg[13]/C
                            (rising edge-triggered cell FDRE clocked by clk_pl_0  {rise@0.000ns fall@50.000ns period=100.001ns})
  Destination:            Sections_i/ila_0/inst/ila_core_inst/u_ila_regs/MU_SRL[5].mu_srl_reg/parallel_dout_reg[12]/D
                            (rising edge-triggered cell FDRE clocked by clk_pl_0  {rise@0.000ns fall@50.000ns period=100.001ns})
  Path Group:             clk_pl_0
  Path Type:              Hold (Min at Slow Process Corner)
  Requirement:            0.000ns  (clk_pl_0 rise@0.000ns - clk_pl_0 rise@0.000ns)
  Data Path Delay:        0.180ns  (logic 0.061ns (33.889%)  route 0.119ns (66.111%))
  Logic Levels:           0  
  Clock Path Skew:        0.107ns (DCD - SCD - CPR)
    Destination Clock Delay (DCD):    2.384ns
    Source Clock Delay      (SCD):    2.085ns
    Clock Pessimism Removal (CPR):    0.192ns
  Clock Net Delay (Source):      1.925ns (routing 0.905ns, distribution 1.020ns)
  Clock Net Delay (Destination): 2.185ns (routing 0.998ns, distribution 1.187ns)

    Location             Delay type                Incr(ns)  Path(ns)    Netlist Resource(s)
  -------------------------------------------------------------------    -------------------
                         (clock clk_pl_0 rise edge)
                                                      0.000     0.000 r  
    PS8_X0Y0             PS8                          0.000     0.000 r  Sections_i/zynq_ultra_ps_e_1/inst/PS8_i/PLCLK[0]
                         net (fo=1, routed)           0.135     0.135    Sections_i/zynq_ultra_ps_e_1/inst/pl_clk_unbuffered[0]
    BUFG_PS_X0Y77        BUFG_PS (Prop_BUFG_PS_I_O)
                                                      0.025     0.160 r  Sections_i/zynq_ultra_ps_e_1/inst/buffer_pl_clk_0.PL_CLK_0_BUFG/O
    X1Y2 (CLOCK_ROOT)    net (fo=3402, routed)        1.925     2.085    Sections_i/ila_0/inst/ila_core_inst/u_ila_regs/MU_SRL[5].mu_srl_reg/s_dclk_o
    SLICE_X49Y205        FDRE                                         r  Sections_i/ila_0/inst/ila_core_inst/u_ila_regs/MU_SRL[5].mu_srl_reg/parallel_dout_reg[13]/C
  -------------------------------------------------------------------    -------------------
    SLICE_X49Y205        FDRE (Prop_DFF2_SLICEL_C_Q)
                                                      0.061     2.146 r  Sections_i/ila_0/inst/ila_core_inst/u_ila_regs/MU_SRL[5].mu_srl_reg/parallel_dout_reg[13]/Q
                         net (fo=2, routed)           0.119     2.265    Sections_i/ila_0/inst/ila_core_inst/u_ila_regs/MU_SRL[5].mu_srl_reg/Q[13]
    SLICE_X50Y207        FDRE                                         r  Sections_i/ila_0/inst/ila_core_inst/u_ila_regs/MU_SRL[5].mu_srl_reg/parallel_dout_reg[12]/D
  -------------------------------------------------------------------    -------------------

                         (clock clk_pl_0 rise edge)
                                                      0.000     0.000 r  
    PS8_X0Y0             PS8                          0.000     0.000 r  Sections_i/zynq_ultra_ps_e_1/inst/PS8_i/PLCLK[0]
                         net (fo=1, routed)           0.171     0.171    Sections_i/zynq_ultra_ps_e_1/inst/pl_clk_unbuffered[0]
    BUFG_PS_X0Y77        BUFG_PS (Prop_BUFG_PS_I_O)
                                                      0.028     0.199 r  Sections_i/zynq_ultra_ps_e_1/inst/buffer_pl_clk_0.PL_CLK_0_BUFG/O
    X1Y2 (CLOCK_ROOT)    net (fo=3402, routed)        2.185     2.384    Sections_i/ila_0/inst/ila_core_inst/u_ila_regs/MU_SRL[5].mu_srl_reg/s_dclk_o
    SLICE_X50Y207        FDRE                                         r  Sections_i/ila_0/inst/ila_core_inst/u_ila_regs/MU_SRL[5].mu_srl_reg/parallel_dout_reg[12]/C
                         clock pessimism             -0.192     2.192    
    SLICE_X50Y207        FDRE (Hold_BFF_SLICEL_C_D)
                                                      0.060     2.252    Sections_i/ila_0/inst/ila_core_inst/u_ila_regs/MU_SRL[5].mu_srl_reg/parallel_dout_reg[12]
  -------------------------------------------------------------------
                         required time                         -2.252    
                         arrival time                           2.265    
  -------------------------------------------------------------------
                         slack                                  0.013    

Slack (MET) :             0.017ns  (arrival time - required time)
  Source:                 Sections_i/ila_0/inst/ila_core_inst/u_trig/U_TM/N_DDR_MODE.G_NMU[3].U_M/allx_typeA_match_detection.ltlib_v1_0_0_allx_typeA_inst/probeDelay1_reg[17]/C
                            (rising edge-triggered cell FDRE clocked by clk_pl_0  {rise@0.000ns fall@50.000ns period=100.001ns})
  Destination:            Sections_i/ila_0/inst/ila_core_inst/u_trig/U_TM/N_DDR_MODE.G_NMU[3].U_M/allx_typeA_match_detection.ltlib_v1_0_0_allx_typeA_inst/i_use_input_reg_eq1.probeDelay2_reg[17]/D
                            (rising edge-triggered cell FDRE clocked by clk_pl_0  {rise@0.000ns fall@50.000ns period=100.001ns})
  Path Group:             clk_pl_0
  Path Type:              Hold (Min at Slow Process Corner)
  Requirement:            0.000ns  (clk_pl_0 rise@0.000ns - clk_pl_0 rise@0.000ns)
  Data Path Delay:        0.184ns  (logic 0.058ns (31.522%)  route 0.126ns (68.478%))
  Logic Levels:           0  
  Clock Path Skew:        0.107ns (DCD - SCD - CPR)
    Destination Clock Delay (DCD):    2.405ns
    Source Clock Delay      (SCD):    2.106ns
    Clock Pessimism Removal (CPR):    0.192ns
  Clock Net Delay (Source):      1.946ns (routing 0.905ns, distribution 1.041ns)
  Clock Net Delay (Destination): 2.206ns (routing 0.998ns, distribution 1.208ns)

    Location             Delay type                Incr(ns)  Path(ns)    Netlist Resource(s)
  -------------------------------------------------------------------    -------------------
                         (clock clk_pl_0 rise edge)
                                                      0.000     0.000 r  
    PS8_X0Y0             PS8                          0.000     0.000 r  Sections_i/zynq_ultra_ps_e_1/inst/PS8_i/PLCLK[0]
                         net (fo=1, routed)           0.135     0.135    Sections_i/zynq_ultra_ps_e_1/inst/pl_clk_unbuffered[0]
    BUFG_PS_X0Y77        BUFG_PS (Prop_BUFG_PS_I_O)
                                                      0.025     0.160 r  Sections_i/zynq_ultra_ps_e_1/inst/buffer_pl_clk_0.PL_CLK_0_BUFG/O
    X1Y2 (CLOCK_ROOT)    net (fo=3402, routed)        1.946     2.106    Sections_i/ila_0/inst/ila_core_inst/u_trig/U_TM/N_DDR_MODE.G_NMU[3].U_M/allx_typeA_match_detection.ltlib_v1_0_0_allx_typeA_inst/DESIGN_CLK_I
    SLICE_X52Y190        FDRE                                         r  Sections_i/ila_0/inst/ila_core_inst/u_trig/U_TM/N_DDR_MODE.G_NMU[3].U_M/allx_typeA_match_detection.ltlib_v1_0_0_allx_typeA_inst/probeDelay1_reg[17]/C
  -------------------------------------------------------------------    -------------------
    SLICE_X52Y190        FDRE (Prop_FFF_SLICEL_C_Q)
                                                      0.058     2.164 r  Sections_i/ila_0/inst/ila_core_inst/u_trig/U_TM/N_DDR_MODE.G_NMU[3].U_M/allx_typeA_match_detection.ltlib_v1_0_0_allx_typeA_inst/probeDelay1_reg[17]/Q
                         net (fo=3, routed)           0.126     2.290    Sections_i/ila_0/inst/ila_core_inst/u_trig/U_TM/N_DDR_MODE.G_NMU[3].U_M/allx_typeA_match_detection.ltlib_v1_0_0_allx_typeA_inst/all_in[34]
    SLICE_X53Y191        FDRE                                         r  Sections_i/ila_0/inst/ila_core_inst/u_trig/U_TM/N_DDR_MODE.G_NMU[3].U_M/allx_typeA_match_detection.ltlib_v1_0_0_allx_typeA_inst/i_use_input_reg_eq1.probeDelay2_reg[17]/D
  -------------------------------------------------------------------    -------------------

                         (clock clk_pl_0 rise edge)
                                                      0.000     0.000 r  
    PS8_X0Y0             PS8                          0.000     0.000 r  Sections_i/zynq_ultra_ps_e_1/inst/PS8_i/PLCLK[0]
                         net (fo=1, routed)           0.171     0.171    Sections_i/zynq_ultra_ps_e_1/inst/pl_clk_unbuffered[0]
    BUFG_PS_X0Y77        BUFG_PS (Prop_BUFG_PS_I_O)
                                                      0.028     0.199 r  Sections_i/zynq_ultra_ps_e_1/inst/buffer_pl_clk_0.PL_CLK_0_BUFG/O
    X1Y2 (CLOCK_ROOT)    net (fo=3402, routed)        2.206     2.405    Sections_i/ila_0/inst/ila_core_inst/u_trig/U_TM/N_DDR_MODE.G_NMU[3].U_M/allx_typeA_match_detection.ltlib_v1_0_0_allx_typeA_inst/DESIGN_CLK_I
    SLICE_X53Y191        FDRE                                         r  Sections_i/ila_0/inst/ila_core_inst/u_trig/U_TM/N_DDR_MODE.G_NMU[3].U_M/allx_typeA_match_detection.ltlib_v1_0_0_allx_typeA_inst/i_use_input_reg_eq1.probeDelay2_reg[17]/C
                         clock pessimism             -0.192     2.213    
    SLICE_X53Y191        FDRE (Hold_FFF_SLICEM_C_D)
                                                      0.060     2.273    Sections_i/ila_0/inst/ila_core_inst/u_trig/U_TM/N_DDR_MODE.G_NMU[3].U_M/allx_typeA_match_detection.ltlib_v1_0_0_allx_typeA_inst/i_use_input_reg_eq1.probeDelay2_reg[17]
  -------------------------------------------------------------------
                         required time                         -2.273    
                         arrival time                           2.290    
  -------------------------------------------------------------------
                         slack                                  0.017    

Slack (MET) :             0.017ns  (arrival time - required time)
  Source:                 Sections_i/ila_0/inst/ila_core_inst/u_trig/U_TM/N_DDR_MODE.G_NMU[3].U_M/allx_typeA_match_detection.ltlib_v1_0_0_allx_typeA_inst/probeDelay1_reg[14]/C
                            (rising edge-triggered cell FDRE clocked by clk_pl_0  {rise@0.000ns fall@50.000ns period=100.001ns})
  Destination:            Sections_i/ila_0/inst/ila_core_inst/u_trig/U_TM/N_DDR_MODE.G_NMU[3].U_M/allx_typeA_match_detection.ltlib_v1_0_0_allx_typeA_inst/i_use_input_reg_eq1.probeDelay2_reg[14]/D
                            (rising edge-triggered cell FDRE clocked by clk_pl_0  {rise@0.000ns fall@50.000ns period=100.001ns})
  Path Group:             clk_pl_0
  Path Type:              Hold (Min at Slow Process Corner)
  Requirement:            0.000ns  (clk_pl_0 rise@0.000ns - clk_pl_0 rise@0.000ns)
  Data Path Delay:        0.187ns  (logic 0.058ns (31.016%)  route 0.129ns (68.984%))
  Logic Levels:           0  
  Clock Path Skew:        0.110ns (DCD - SCD - CPR)
    Destination Clock Delay (DCD):    2.406ns
    Source Clock Delay      (SCD):    2.104ns
    Clock Pessimism Removal (CPR):    0.192ns
  Clock Net Delay (Source):      1.944ns (routing 0.905ns, distribution 1.039ns)
  Clock Net Delay (Destination): 2.207ns (routing 0.998ns, distribution 1.209ns)

    Location             Delay type                Incr(ns)  Path(ns)    Netlist Resource(s)
  -------------------------------------------------------------------    -------------------
                         (clock clk_pl_0 rise edge)
                                                      0.000     0.000 r  
    PS8_X0Y0             PS8                          0.000     0.000 r  Sections_i/zynq_ultra_ps_e_1/inst/PS8_i/PLCLK[0]
                         net (fo=1, routed)           0.135     0.135    Sections_i/zynq_ultra_ps_e_1/inst/pl_clk_unbuffered[0]
    BUFG_PS_X0Y77        BUFG_PS (Prop_BUFG_PS_I_O)
                                                      0.025     0.160 r  Sections_i/zynq_ultra_ps_e_1/inst/buffer_pl_clk_0.PL_CLK_0_BUFG/O
    X1Y2 (CLOCK_ROOT)    net (fo=3402, routed)        1.944     2.104    Sections_i/ila_0/inst/ila_core_inst/u_trig/U_TM/N_DDR_MODE.G_NMU[3].U_M/allx_typeA_match_detection.ltlib_v1_0_0_allx_typeA_inst/DESIGN_CLK_I
    SLICE_X52Y190        FDRE                                         r  Sections_i/ila_0/inst/ila_core_inst/u_trig/U_TM/N_DDR_MODE.G_NMU[3].U_M/allx_typeA_match_detection.ltlib_v1_0_0_allx_typeA_inst/probeDelay1_reg[14]/C
  -------------------------------------------------------------------    -------------------
    SLICE_X52Y190        FDRE (Prop_CFF_SLICEL_C_Q)
                                                      0.058     2.162 r  Sections_i/ila_0/inst/ila_core_inst/u_trig/U_TM/N_DDR_MODE.G_NMU[3].U_M/allx_typeA_match_detection.ltlib_v1_0_0_allx_typeA_inst/probeDelay1_reg[14]/Q
                         net (fo=3, routed)           0.129     2.291    Sections_i/ila_0/inst/ila_core_inst/u_trig/U_TM/N_DDR_MODE.G_NMU[3].U_M/allx_typeA_match_detection.ltlib_v1_0_0_allx_typeA_inst/all_in[28]
    SLICE_X53Y191        FDRE                                         r  Sections_i/ila_0/inst/ila_core_inst/u_trig/U_TM/N_DDR_MODE.G_NMU[3].U_M/allx_typeA_match_detection.ltlib_v1_0_0_allx_typeA_inst/i_use_input_reg_eq1.probeDelay2_reg[14]/D
  -------------------------------------------------------------------    -------------------

                         (clock clk_pl_0 rise edge)
                                                      0.000     0.000 r  
    PS8_X0Y0             PS8                          0.000     0.000 r  Sections_i/zynq_ultra_ps_e_1/inst/PS8_i/PLCLK[0]
                         net (fo=1, routed)           0.171     0.171    Sections_i/zynq_ultra_ps_e_1/inst/pl_clk_unbuffered[0]
    BUFG_PS_X0Y77        BUFG_PS (Prop_BUFG_PS_I_O)
                                                      0.028     0.199 r  Sections_i/zynq_ultra_ps_e_1/inst/buffer_pl_clk_0.PL_CLK_0_BUFG/O
    X1Y2 (CLOCK_ROOT)    net (fo=3402, routed)        2.207     2.406    Sections_i/ila_0/inst/ila_core_inst/u_trig/U_TM/N_DDR_MODE.G_NMU[3].U_M/allx_typeA_match_detection.ltlib_v1_0_0_allx_typeA_inst/DESIGN_CLK_I
    SLICE_X53Y191        FDRE                                         r  Sections_i/ila_0/inst/ila_core_inst/u_trig/U_TM/N_DDR_MODE.G_NMU[3].U_M/allx_typeA_match_detection.ltlib_v1_0_0_allx_typeA_inst/i_use_input_reg_eq1.probeDelay2_reg[14]/C
                         clock pessimism             -0.192     2.214    
    SLICE_X53Y191        FDRE (Hold_CFF_SLICEM_C_D)
                                                      0.060     2.274    Sections_i/ila_0/inst/ila_core_inst/u_trig/U_TM/N_DDR_MODE.G_NMU[3].U_M/allx_typeA_match_detection.ltlib_v1_0_0_allx_typeA_inst/i_use_input_reg_eq1.probeDelay2_reg[14]
  -------------------------------------------------------------------
                         required time                         -2.274    
                         arrival time                           2.291    
  -------------------------------------------------------------------
                         slack                                  0.017    

Slack (MET) :             0.018ns  (arrival time - required time)
  Source:                 Sections_i/ila_0/inst/ila_core_inst/xsdb_memory_read_inst/curr_read_block_reg[3]/C
                            (rising edge-triggered cell FDRE clocked by clk_pl_0  {rise@0.000ns fall@50.000ns period=100.001ns})
  Destination:            Sections_i/ila_0/inst/ila_core_inst/u_ila_regs/reg_stream_ffe/I_EN_STAT_EQ1.U_STAT/xsdb_reg_reg[9]/D
                            (rising edge-triggered cell FDRE clocked by clk_pl_0  {rise@0.000ns fall@50.000ns period=100.001ns})
  Path Group:             clk_pl_0
  Path Type:              Hold (Min at Slow Process Corner)
  Requirement:            0.000ns  (clk_pl_0 rise@0.000ns - clk_pl_0 rise@0.000ns)
  Data Path Delay:        0.192ns  (logic 0.082ns (42.708%)  route 0.110ns (57.292%))
  Logic Levels:           1  (LUT6=1)
  Clock Path Skew:        0.114ns (DCD - SCD - CPR)
    Destination Clock Delay (DCD):    2.392ns
    Source Clock Delay      (SCD):    2.086ns
    Clock Pessimism Removal (CPR):    0.192ns
  Clock Net Delay (Source):      1.926ns (routing 0.905ns, distribution 1.021ns)
  Clock Net Delay (Destination): 2.193ns (routing 0.998ns, distribution 1.195ns)

    Location             Delay type                Incr(ns)  Path(ns)    Netlist Resource(s)
  -------------------------------------------------------------------    -------------------
                         (clock clk_pl_0 rise edge)
                                                      0.000     0.000 r  
    PS8_X0Y0             PS8                          0.000     0.000 r  Sections_i/zynq_ultra_ps_e_1/inst/PS8_i/PLCLK[0]
                         net (fo=1, routed)           0.135     0.135    Sections_i/zynq_ultra_ps_e_1/inst/pl_clk_unbuffered[0]
    BUFG_PS_X0Y77        BUFG_PS (Prop_BUFG_PS_I_O)
                                                      0.025     0.160 r  Sections_i/zynq_ultra_ps_e_1/inst/buffer_pl_clk_0.PL_CLK_0_BUFG/O
    X1Y2 (CLOCK_ROOT)    net (fo=3402, routed)        1.926     2.086    Sections_i/ila_0/inst/ila_core_inst/xsdb_memory_read_inst/s_dclk_o
    SLICE_X49Y200        FDRE                                         r  Sections_i/ila_0/inst/ila_core_inst/xsdb_memory_read_inst/curr_read_block_reg[3]/C
  -------------------------------------------------------------------    -------------------
    SLICE_X49Y200        FDRE (Prop_CFF2_SLICEL_C_Q)
                                                      0.059     2.145 r  Sections_i/ila_0/inst/ila_core_inst/xsdb_memory_read_inst/curr_read_block_reg[3]/Q
                         net (fo=23, routed)          0.088     2.233    Sections_i/ila_0/inst/ila_core_inst/xsdb_memory_read_inst/curr_read_block[3]
    SLICE_X50Y201        LUT6 (Prop_B6LUT_SLICEL_I4_O)
                                                      0.023     2.256 r  Sections_i/ila_0/inst/ila_core_inst/xsdb_memory_read_inst/xsdb_reg[9]_i_1/O
                         net (fo=1, routed)           0.022     2.278    Sections_i/ila_0/inst/ila_core_inst/u_ila_regs/reg_stream_ffe/I_EN_STAT_EQ1.U_STAT/xsdb_reg_reg[15]_1[9]
    SLICE_X50Y201        FDRE                                         r  Sections_i/ila_0/inst/ila_core_inst/u_ila_regs/reg_stream_ffe/I_EN_STAT_EQ1.U_STAT/xsdb_reg_reg[9]/D
  -------------------------------------------------------------------    -------------------

                         (clock clk_pl_0 rise edge)
                                                      0.000     0.000 r  
    PS8_X0Y0             PS8                          0.000     0.000 r  Sections_i/zynq_ultra_ps_e_1/inst/PS8_i/PLCLK[0]
                         net (fo=1, routed)           0.171     0.171    Sections_i/zynq_ultra_ps_e_1/inst/pl_clk_unbuffered[0]
    BUFG_PS_X0Y77        BUFG_PS (Prop_BUFG_PS_I_O)
                                                      0.028     0.199 r  Sections_i/zynq_ultra_ps_e_1/inst/buffer_pl_clk_0.PL_CLK_0_BUFG/O
    X1Y2 (CLOCK_ROOT)    net (fo=3402, routed)        2.193     2.392    Sections_i/ila_0/inst/ila_core_inst/u_ila_regs/reg_stream_ffe/I_EN_STAT_EQ1.U_STAT/s_dclk_o
    SLICE_X50Y201        FDRE                                         r  Sections_i/ila_0/inst/ila_core_inst/u_ila_regs/reg_stream_ffe/I_EN_STAT_EQ1.U_STAT/xsdb_reg_reg[9]/C
                         clock pessimism             -0.192     2.200    
    SLICE_X50Y201        FDRE (Hold_BFF_SLICEL_C_D)
                                                      0.060     2.260    Sections_i/ila_0/inst/ila_core_inst/u_ila_regs/reg_stream_ffe/I_EN_STAT_EQ1.U_STAT/xsdb_reg_reg[9]
  -------------------------------------------------------------------
                         required time                         -2.260    
                         arrival time                           2.278    
  -------------------------------------------------------------------
                         slack                                  0.018    

Slack (MET) :             0.022ns  (arrival time - required time)
  Source:                 Sections_i/ila_0/inst/ila_core_inst/u_ila_regs/reg_srl_fff/parallel_dout_reg[9]/C
                            (rising edge-triggered cell FDRE clocked by clk_pl_0  {rise@0.000ns fall@50.000ns period=100.001ns})
  Destination:            Sections_i/ila_0/inst/ila_core_inst/u_ila_regs/reg_srl_fff/parallel_dout_reg[8]/D
                            (rising edge-triggered cell FDRE clocked by clk_pl_0  {rise@0.000ns fall@50.000ns period=100.001ns})
  Path Group:             clk_pl_0
  Path Type:              Hold (Min at Slow Process Corner)
  Requirement:            0.000ns  (clk_pl_0 rise@0.000ns - clk_pl_0 rise@0.000ns)
  Data Path Delay:        0.130ns  (logic 0.058ns (44.615%)  route 0.072ns (55.385%))
  Logic Levels:           0  
  Clock Path Skew:        0.046ns (DCD - SCD - CPR)
    Destination Clock Delay (DCD):    2.366ns
    Source Clock Delay      (SCD):    2.075ns
    Clock Pessimism Removal (CPR):    0.245ns
  Clock Net Delay (Source):      1.915ns (routing 0.905ns, distribution 1.010ns)
  Clock Net Delay (Destination): 2.167ns (routing 0.998ns, distribution 1.169ns)

    Location             Delay type                Incr(ns)  Path(ns)    Netlist Resource(s)
  -------------------------------------------------------------------    -------------------
                         (clock clk_pl_0 rise edge)
                                                      0.000     0.000 r  
    PS8_X0Y0             PS8                          0.000     0.000 r  Sections_i/zynq_ultra_ps_e_1/inst/PS8_i/PLCLK[0]
                         net (fo=1, routed)           0.135     0.135    Sections_i/zynq_ultra_ps_e_1/inst/pl_clk_unbuffered[0]
    BUFG_PS_X0Y77        BUFG_PS (Prop_BUFG_PS_I_O)
                                                      0.025     0.160 r  Sections_i/zynq_ultra_ps_e_1/inst/buffer_pl_clk_0.PL_CLK_0_BUFG/O
    X1Y2 (CLOCK_ROOT)    net (fo=3402, routed)        1.915     2.075    Sections_i/ila_0/inst/ila_core_inst/u_ila_regs/reg_srl_fff/s_dclk_o
    SLICE_X47Y201        FDRE                                         r  Sections_i/ila_0/inst/ila_core_inst/u_ila_regs/reg_srl_fff/parallel_dout_reg[9]/C
  -------------------------------------------------------------------    -------------------
    SLICE_X47Y201        FDRE (Prop_FFF_SLICEL_C_Q)
                                                      0.058     2.133 r  Sections_i/ila_0/inst/ila_core_inst/u_ila_regs/reg_srl_fff/parallel_dout_reg[9]/Q
                         net (fo=2, routed)           0.072     2.205    Sections_i/ila_0/inst/ila_core_inst/u_ila_regs/reg_srl_fff/parallel_dout[9]
    SLICE_X47Y203        FDRE                                         r  Sections_i/ila_0/inst/ila_core_inst/u_ila_regs/reg_srl_fff/parallel_dout_reg[8]/D
  -------------------------------------------------------------------    -------------------

                         (clock clk_pl_0 rise edge)
                                                      0.000     0.000 r  
    PS8_X0Y0             PS8                          0.000     0.000 r  Sections_i/zynq_ultra_ps_e_1/inst/PS8_i/PLCLK[0]
                         net (fo=1, routed)           0.171     0.171    Sections_i/zynq_ultra_ps_e_1/inst/pl_clk_unbuffered[0]
    BUFG_PS_X0Y77        BUFG_PS (Prop_BUFG_PS_I_O)
                                                      0.028     0.199 r  Sections_i/zynq_ultra_ps_e_1/inst/buffer_pl_clk_0.PL_CLK_0_BUFG/O
    X1Y2 (CLOCK_ROOT)    net (fo=3402, routed)        2.167     2.366    Sections_i/ila_0/inst/ila_core_inst/u_ila_regs/reg_srl_fff/s_dclk_o
    SLICE_X47Y203        FDRE                                         r  Sections_i/ila_0/inst/ila_core_inst/u_ila_regs/reg_srl_fff/parallel_dout_reg[8]/C
                         clock pessimism             -0.245     2.121    
    SLICE_X47Y203        FDRE (Hold_GFF2_SLICEL_C_D)
                                                      0.062     2.183    Sections_i/ila_0/inst/ila_core_inst/u_ila_regs/reg_srl_fff/parallel_dout_reg[8]
  -------------------------------------------------------------------
                         required time                         -2.183    
                         arrival time                           2.205    
  -------------------------------------------------------------------
                         slack                                  0.022    

Slack (MET) :             0.023ns  (arrival time - required time)
  Source:                 Sections_i/ila_0/inst/ila_core_inst/u_ila_regs/TC_SRL[0].tc_srl_reg/parallel_dout_reg[2]/C
                            (rising edge-triggered cell FDRE clocked by clk_pl_0  {rise@0.000ns fall@50.000ns period=100.001ns})
  Destination:            Sections_i/ila_0/inst/ila_core_inst/u_ila_regs/slaveRegDo_mux_5_reg[2]/D
                            (rising edge-triggered cell FDRE clocked by clk_pl_0  {rise@0.000ns fall@50.000ns period=100.001ns})
  Path Group:             clk_pl_0
  Path Type:              Hold (Min at Slow Process Corner)
  Requirement:            0.000ns  (clk_pl_0 rise@0.000ns - clk_pl_0 rise@0.000ns)
  Data Path Delay:        0.130ns  (logic 0.059ns (45.385%)  route 0.071ns (54.615%))
  Logic Levels:           0  
  Clock Path Skew:        0.045ns (DCD - SCD - CPR)
    Destination Clock Delay (DCD):    2.339ns
    Source Clock Delay      (SCD):    2.051ns
    Clock Pessimism Removal (CPR):    0.243ns
  Clock Net Delay (Source):      1.891ns (routing 0.905ns, distribution 0.986ns)
  Clock Net Delay (Destination): 2.140ns (routing 0.998ns, distribution 1.142ns)

    Location             Delay type                Incr(ns)  Path(ns)    Netlist Resource(s)
  -------------------------------------------------------------------    -------------------
                         (clock clk_pl_0 rise edge)
                                                      0.000     0.000 r  
    PS8_X0Y0             PS8                          0.000     0.000 r  Sections_i/zynq_ultra_ps_e_1/inst/PS8_i/PLCLK[0]
                         net (fo=1, routed)           0.135     0.135    Sections_i/zynq_ultra_ps_e_1/inst/pl_clk_unbuffered[0]
    BUFG_PS_X0Y77        BUFG_PS (Prop_BUFG_PS_I_O)
                                                      0.025     0.160 r  Sections_i/zynq_ultra_ps_e_1/inst/buffer_pl_clk_0.PL_CLK_0_BUFG/O
    X1Y2 (CLOCK_ROOT)    net (fo=3402, routed)        1.891     2.051    Sections_i/ila_0/inst/ila_core_inst/u_ila_regs/TC_SRL[0].tc_srl_reg/s_dclk_o
    SLICE_X46Y211        FDRE                                         r  Sections_i/ila_0/inst/ila_core_inst/u_ila_regs/TC_SRL[0].tc_srl_reg/parallel_dout_reg[2]/C
  -------------------------------------------------------------------    -------------------
    SLICE_X46Y211        FDRE (Prop_GFF_SLICEL_C_Q)
                                                      0.059     2.110 r  Sections_i/ila_0/inst/ila_core_inst/u_ila_regs/TC_SRL[0].tc_srl_reg/parallel_dout_reg[2]/Q
                         net (fo=2, routed)           0.071     2.181    Sections_i/ila_0/inst/ila_core_inst/u_ila_regs/TC_SRL[0].tc_srl_reg_n_15
    SLICE_X46Y210        FDRE                                         r  Sections_i/ila_0/inst/ila_core_inst/u_ila_regs/slaveRegDo_mux_5_reg[2]/D
  -------------------------------------------------------------------    -------------------

                         (clock clk_pl_0 rise edge)
                                                      0.000     0.000 r  
    PS8_X0Y0             PS8                          0.000     0.000 r  Sections_i/zynq_ultra_ps_e_1/inst/PS8_i/PLCLK[0]
                         net (fo=1, routed)           0.171     0.171    Sections_i/zynq_ultra_ps_e_1/inst/pl_clk_unbuffered[0]
    BUFG_PS_X0Y77        BUFG_PS (Prop_BUFG_PS_I_O)
                                                      0.028     0.199 r  Sections_i/zynq_ultra_ps_e_1/inst/buffer_pl_clk_0.PL_CLK_0_BUFG/O
    X1Y2 (CLOCK_ROOT)    net (fo=3402, routed)        2.140     2.339    Sections_i/ila_0/inst/ila_core_inst/u_ila_regs/s_dclk_o
    SLICE_X46Y210        FDRE                                         r  Sections_i/ila_0/inst/ila_core_inst/u_ila_regs/slaveRegDo_mux_5_reg[2]/C
                         clock pessimism             -0.243     2.096    
    SLICE_X46Y210        FDRE (Hold_EFF2_SLICEL_C_D)
                                                      0.062     2.158    Sections_i/ila_0/inst/ila_core_inst/u_ila_regs/slaveRegDo_mux_5_reg[2]
  -------------------------------------------------------------------
                         required time                         -2.158    
                         arrival time                           2.181    
  -------------------------------------------------------------------
                         slack                                  0.023    

Slack (MET) :             0.024ns  (arrival time - required time)
  Source:                 Sections_i/ila_0/inst/ila_core_inst/u_trig/U_TM/N_DDR_MODE.G_NMU[2].U_M/allx_typeA_match_detection.ltlib_v1_0_0_allx_typeA_inst/probeDelay1_reg[30]/C
                            (rising edge-triggered cell FDRE clocked by clk_pl_0  {rise@0.000ns fall@50.000ns period=100.001ns})
  Destination:            Sections_i/ila_0/inst/ila_core_inst/u_trig/U_TM/N_DDR_MODE.G_NMU[2].U_M/allx_typeA_match_detection.ltlib_v1_0_0_allx_typeA_inst/i_use_input_reg_eq1.probeDelay2_reg[30]/D
                            (rising edge-triggered cell FDRE clocked by clk_pl_0  {rise@0.000ns fall@50.000ns period=100.001ns})
  Path Group:             clk_pl_0
  Path Type:              Hold (Min at Slow Process Corner)
  Requirement:            0.000ns  (clk_pl_0 rise@0.000ns - clk_pl_0 rise@0.000ns)
  Data Path Delay:        0.175ns  (logic 0.060ns (34.286%)  route 0.115ns (65.714%))
  Logic Levels:           0  
  Clock Path Skew:        0.089ns (DCD - SCD - CPR)
    Destination Clock Delay (DCD):    2.339ns
    Source Clock Delay      (SCD):    2.118ns
    Clock Pessimism Removal (CPR):    0.132ns
  Clock Net Delay (Source):      1.958ns (routing 0.905ns, distribution 1.053ns)
  Clock Net Delay (Destination): 2.140ns (routing 0.998ns, distribution 1.142ns)

    Location             Delay type                Incr(ns)  Path(ns)    Netlist Resource(s)
  -------------------------------------------------------------------    -------------------
                         (clock clk_pl_0 rise edge)
                                                      0.000     0.000 r  
    PS8_X0Y0             PS8                          0.000     0.000 r  Sections_i/zynq_ultra_ps_e_1/inst/PS8_i/PLCLK[0]
                         net (fo=1, routed)           0.135     0.135    Sections_i/zynq_ultra_ps_e_1/inst/pl_clk_unbuffered[0]
    BUFG_PS_X0Y77        BUFG_PS (Prop_BUFG_PS_I_O)
                                                      0.025     0.160 r  Sections_i/zynq_ultra_ps_e_1/inst/buffer_pl_clk_0.PL_CLK_0_BUFG/O
    X1Y2 (CLOCK_ROOT)    net (fo=3402, routed)        1.958     2.118    Sections_i/ila_0/inst/ila_core_inst/u_trig/U_TM/N_DDR_MODE.G_NMU[2].U_M/allx_typeA_match_detection.ltlib_v1_0_0_allx_typeA_inst/DESIGN_CLK_I
    SLICE_X53Y180        FDRE                                         r  Sections_i/ila_0/inst/ila_core_inst/u_trig/U_TM/N_DDR_MODE.G_NMU[2].U_M/allx_typeA_match_detection.ltlib_v1_0_0_allx_typeA_inst/probeDelay1_reg[30]/C
  -------------------------------------------------------------------    -------------------
    SLICE_X53Y180        FDRE (Prop_FFF2_SLICEM_C_Q)
                                                      0.060     2.178 r  Sections_i/ila_0/inst/ila_core_inst/u_trig/U_TM/N_DDR_MODE.G_NMU[2].U_M/allx_typeA_match_detection.ltlib_v1_0_0_allx_typeA_inst/probeDelay1_reg[30]/Q
                         net (fo=3, routed)           0.115     2.293    Sections_i/ila_0/inst/ila_core_inst/u_trig/U_TM/N_DDR_MODE.G_NMU[2].U_M/allx_typeA_match_detection.ltlib_v1_0_0_allx_typeA_inst/all_in[60]
    SLICE_X53Y176        FDRE                                         r  Sections_i/ila_0/inst/ila_core_inst/u_trig/U_TM/N_DDR_MODE.G_NMU[2].U_M/allx_typeA_match_detection.ltlib_v1_0_0_allx_typeA_inst/i_use_input_reg_eq1.probeDelay2_reg[30]/D
  -------------------------------------------------------------------    -------------------

                         (clock clk_pl_0 rise edge)
                                                      0.000     0.000 r  
    PS8_X0Y0             PS8                          0.000     0.000 r  Sections_i/zynq_ultra_ps_e_1/inst/PS8_i/PLCLK[0]
                         net (fo=1, routed)           0.171     0.171    Sections_i/zynq_ultra_ps_e_1/inst/pl_clk_unbuffered[0]
    BUFG_PS_X0Y77        BUFG_PS (Prop_BUFG_PS_I_O)
                                                      0.028     0.199 r  Sections_i/zynq_ultra_ps_e_1/inst/buffer_pl_clk_0.PL_CLK_0_BUFG/O
    X1Y2 (CLOCK_ROOT)    net (fo=3402, routed)        2.140     2.339    Sections_i/ila_0/inst/ila_core_inst/u_trig/U_TM/N_DDR_MODE.G_NMU[2].U_M/allx_typeA_match_detection.ltlib_v1_0_0_allx_typeA_inst/DESIGN_CLK_I
    SLICE_X53Y176        FDRE                                         r  Sections_i/ila_0/inst/ila_core_inst/u_trig/U_TM/N_DDR_MODE.G_NMU[2].U_M/allx_typeA_match_detection.ltlib_v1_0_0_allx_typeA_inst/i_use_input_reg_eq1.probeDelay2_reg[30]/C
                         clock pessimism             -0.132     2.207    
    SLICE_X53Y176        FDRE (Hold_GFF2_SLICEM_C_D)
                                                      0.062     2.269    Sections_i/ila_0/inst/ila_core_inst/u_trig/U_TM/N_DDR_MODE.G_NMU[2].U_M/allx_typeA_match_detection.ltlib_v1_0_0_allx_typeA_inst/i_use_input_reg_eq1.probeDelay2_reg[30]
  -------------------------------------------------------------------
                         required time                         -2.269    
                         arrival time                           2.293    
  -------------------------------------------------------------------
                         slack                                  0.024    

Slack (MET) :             0.029ns  (arrival time - required time)
  Source:                 Sections_i/ila_0/inst/ila_core_inst/u_ila_regs/MU_SRL[5].mu_srl_reg/parallel_dout_reg[12]/C
                            (rising edge-triggered cell FDRE clocked by clk_pl_0  {rise@0.000ns fall@50.000ns period=100.001ns})
  Destination:            Sections_i/ila_0/inst/ila_core_inst/u_ila_regs/MU_SRL[5].mu_srl_reg/parallel_dout_reg[11]/D
                            (rising edge-triggered cell FDRE clocked by clk_pl_0  {rise@0.000ns fall@50.000ns period=100.001ns})
  Path Group:             clk_pl_0
  Path Type:              Hold (Min at Fast Process Corner)
  Requirement:            0.000ns  (clk_pl_0 rise@0.000ns - clk_pl_0 rise@0.000ns)
  Data Path Delay:        0.081ns  (logic 0.039ns (48.148%)  route 0.042ns (51.852%))
  Logic Levels:           0  
  Clock Path Skew:        0.006ns (DCD - SCD - CPR)
    Destination Clock Delay (DCD):    1.473ns
    Source Clock Delay      (SCD):    1.296ns
    Clock Pessimism Removal (CPR):    0.171ns
  Clock Net Delay (Source):      1.185ns (routing 0.539ns, distribution 0.646ns)
  Clock Net Delay (Destination): 1.335ns (routing 0.601ns, distribution 0.734ns)

    Location             Delay type                Incr(ns)  Path(ns)    Netlist Resource(s)
  -------------------------------------------------------------------    -------------------
                         (clock clk_pl_0 rise edge)
                                                      0.000     0.000 r  
    PS8_X0Y0             PS8                          0.000     0.000 r  Sections_i/zynq_ultra_ps_e_1/inst/PS8_i/PLCLK[0]
                         net (fo=1, routed)           0.094     0.094    Sections_i/zynq_ultra_ps_e_1/inst/pl_clk_unbuffered[0]
    BUFG_PS_X0Y77        BUFG_PS (Prop_BUFG_PS_I_O)
                                                      0.017     0.111 r  Sections_i/zynq_ultra_ps_e_1/inst/buffer_pl_clk_0.PL_CLK_0_BUFG/O
    X1Y2 (CLOCK_ROOT)    net (fo=3402, routed)        1.185     1.296    Sections_i/ila_0/inst/ila_core_inst/u_ila_regs/MU_SRL[5].mu_srl_reg/s_dclk_o
    SLICE_X50Y207        FDRE                                         r  Sections_i/ila_0/inst/ila_core_inst/u_ila_regs/MU_SRL[5].mu_srl_reg/parallel_dout_reg[12]/C
  -------------------------------------------------------------------    -------------------
    SLICE_X50Y207        FDRE (Prop_BFF_SLICEL_C_Q)
                                                      0.039     1.335 r  Sections_i/ila_0/inst/ila_core_inst/u_ila_regs/MU_SRL[5].mu_srl_reg/parallel_dout_reg[12]/Q
                         net (fo=2, routed)           0.042     1.377    Sections_i/ila_0/inst/ila_core_inst/u_ila_regs/MU_SRL[5].mu_srl_reg/Q[12]
    SLICE_X50Y207        FDRE                                         r  Sections_i/ila_0/inst/ila_core_inst/u_ila_regs/MU_SRL[5].mu_srl_reg/parallel_dout_reg[11]/D
  -------------------------------------------------------------------    -------------------

                         (clock clk_pl_0 rise edge)
                                                      0.000     0.000 r  
    PS8_X0Y0             PS8                          0.000     0.000 r  Sections_i/zynq_ultra_ps_e_1/inst/PS8_i/PLCLK[0]
                         net (fo=1, routed)           0.120     0.120    Sections_i/zynq_ultra_ps_e_1/inst/pl_clk_unbuffered[0]
    BUFG_PS_X0Y77        BUFG_PS (Prop_BUFG_PS_I_O)
                                                      0.018     0.138 r  Sections_i/zynq_ultra_ps_e_1/inst/buffer_pl_clk_0.PL_CLK_0_BUFG/O
    X1Y2 (CLOCK_ROOT)    net (fo=3402, routed)        1.335     1.473    Sections_i/ila_0/inst/ila_core_inst/u_ila_regs/MU_SRL[5].mu_srl_reg/s_dclk_o
    SLICE_X50Y207        FDRE                                         r  Sections_i/ila_0/inst/ila_core_inst/u_ila_regs/MU_SRL[5].mu_srl_reg/parallel_dout_reg[11]/C
                         clock pessimism             -0.171     1.302    
    SLICE_X50Y207        FDRE (Hold_CFF_SLICEL_C_D)
                                                      0.046     1.348    Sections_i/ila_0/inst/ila_core_inst/u_ila_regs/MU_SRL[5].mu_srl_reg/parallel_dout_reg[11]
  -------------------------------------------------------------------
                         required time                         -1.348    
                         arrival time                           1.377    
  -------------------------------------------------------------------
                         slack                                  0.029    

Slack (MET) :             0.030ns  (arrival time - required time)
  Source:                 Sections_i/ila_0/inst/ila_core_inst/u_ila_regs/MU_SRL[6].mu_srl_reg/parallel_dout_reg[10]/C
                            (rising edge-triggered cell FDRE clocked by clk_pl_0  {rise@0.000ns fall@50.000ns period=100.001ns})
  Destination:            Sections_i/ila_0/inst/ila_core_inst/u_ila_regs/MU_SRL[6].mu_srl_reg/parallel_dout_reg[9]/D
                            (rising edge-triggered cell FDRE clocked by clk_pl_0  {rise@0.000ns fall@50.000ns period=100.001ns})
  Path Group:             clk_pl_0
  Path Type:              Hold (Min at Fast Process Corner)
  Requirement:            0.000ns  (clk_pl_0 rise@0.000ns - clk_pl_0 rise@0.000ns)
  Data Path Delay:        0.082ns  (logic 0.039ns (47.561%)  route 0.043ns (52.439%))
  Logic Levels:           0  
  Clock Path Skew:        0.006ns (DCD - SCD - CPR)
    Destination Clock Delay (DCD):    1.472ns
    Source Clock Delay      (SCD):    1.295ns
    Clock Pessimism Removal (CPR):    0.171ns
  Clock Net Delay (Source):      1.184ns (routing 0.539ns, distribution 0.645ns)
  Clock Net Delay (Destination): 1.334ns (routing 0.601ns, distribution 0.733ns)

    Location             Delay type                Incr(ns)  Path(ns)    Netlist Resource(s)
  -------------------------------------------------------------------    -------------------
                         (clock clk_pl_0 rise edge)
                                                      0.000     0.000 r  
    PS8_X0Y0             PS8                          0.000     0.000 r  Sections_i/zynq_ultra_ps_e_1/inst/PS8_i/PLCLK[0]
                         net (fo=1, routed)           0.094     0.094    Sections_i/zynq_ultra_ps_e_1/inst/pl_clk_unbuffered[0]
    BUFG_PS_X0Y77        BUFG_PS (Prop_BUFG_PS_I_O)
                                                      0.017     0.111 r  Sections_i/zynq_ultra_ps_e_1/inst/buffer_pl_clk_0.PL_CLK_0_BUFG/O
    X1Y2 (CLOCK_ROOT)    net (fo=3402, routed)        1.184     1.295    Sections_i/ila_0/inst/ila_core_inst/u_ila_regs/MU_SRL[6].mu_srl_reg/s_dclk_o
    SLICE_X51Y208        FDRE                                         r  Sections_i/ila_0/inst/ila_core_inst/u_ila_regs/MU_SRL[6].mu_srl_reg/parallel_dout_reg[10]/C
  -------------------------------------------------------------------    -------------------
    SLICE_X51Y208        FDRE (Prop_DFF_SLICEL_C_Q)
                                                      0.039     1.334 r  Sections_i/ila_0/inst/ila_core_inst/u_ila_regs/MU_SRL[6].mu_srl_reg/parallel_dout_reg[10]/Q
                         net (fo=2, routed)           0.043     1.377    Sections_i/ila_0/inst/ila_core_inst/u_ila_regs/MU_SRL[6].mu_srl_reg/Q[10]
    SLICE_X51Y208        FDRE                                         r  Sections_i/ila_0/inst/ila_core_inst/u_ila_regs/MU_SRL[6].mu_srl_reg/parallel_dout_reg[9]/D
  -------------------------------------------------------------------    -------------------

                         (clock clk_pl_0 rise edge)
                                                      0.000     0.000 r  
    PS8_X0Y0             PS8                          0.000     0.000 r  Sections_i/zynq_ultra_ps_e_1/inst/PS8_i/PLCLK[0]
                         net (fo=1, routed)           0.120     0.120    Sections_i/zynq_ultra_ps_e_1/inst/pl_clk_unbuffered[0]
    BUFG_PS_X0Y77        BUFG_PS (Prop_BUFG_PS_I_O)
                                                      0.018     0.138 r  Sections_i/zynq_ultra_ps_e_1/inst/buffer_pl_clk_0.PL_CLK_0_BUFG/O
    X1Y2 (CLOCK_ROOT)    net (fo=3402, routed)        1.334     1.472    Sections_i/ila_0/inst/ila_core_inst/u_ila_regs/MU_SRL[6].mu_srl_reg/s_dclk_o
    SLICE_X51Y208        FDRE                                         r  Sections_i/ila_0/inst/ila_core_inst/u_ila_regs/MU_SRL[6].mu_srl_reg/parallel_dout_reg[9]/C
                         clock pessimism             -0.171     1.301    
    SLICE_X51Y208        FDRE (Hold_CFF_SLICEL_C_D)
                                                      0.046     1.347    Sections_i/ila_0/inst/ila_core_inst/u_ila_regs/MU_SRL[6].mu_srl_reg/parallel_dout_reg[9]
  -------------------------------------------------------------------
                         required time                         -1.347    
                         arrival time                           1.377    
  -------------------------------------------------------------------
                         slack                                  0.030    





Pulse Width Checks
--------------------------------------------------------------------------------------
Clock Name:         clk_pl_0
Waveform(ns):       { 0.000 50.000 }
Period(ns):         100.001
Sources:            { Sections_i/zynq_ultra_ps_e_1/inst/PS8_i/PLCLK[0] }

Check Type        Corner  Lib Pin             Reference Pin  Required(ns)  Actual(ns)  Slack(ns)  Location      Pin
Min Period        n/a     PS8/MAXIGP0ACLK     n/a            3.000         100.001     97.001     PS8_X0Y0      Sections_i/zynq_ultra_ps_e_1/inst/PS8_i/MAXIGP0ACLK
Min Period        n/a     RAMB18E2/CLKARDCLK  n/a            1.569         100.001     98.432     RAMB18_X1Y72  Sections_i/RV32I_MEM/rv32i_ram_datav_0/inst/mem1_reg_bram_0/CLKARDCLK
Min Period        n/a     RAMB36E2/CLKARDCLK  n/a            1.569         100.001     98.432     RAMB36_X2Y40  Sections_i/ila_0/inst/ila_core_inst/ila_trace_memory_inst/SUBCORE_RAM_BLK_MEM_1.trace_block_memory/inst_blk_mem_gen/gnbram.gnativebmg.native_blk_mem_gen/valid.cstr/ramloop[3].ram.r/prim_noinit.ram/DEVICE_8SERIES.NO_BMM_INFO.SDP.SIMPLE_PRIM36.ram/CLKARDCLK
Min Period        n/a     RAMB36E2/CLKBWRCLK  n/a            1.569         100.001     98.432     RAMB36_X2Y40  Sections_i/ila_0/inst/ila_core_inst/ila_trace_memory_inst/SUBCORE_RAM_BLK_MEM_1.trace_block_memory/inst_blk_mem_gen/gnbram.gnativebmg.native_blk_mem_gen/valid.cstr/ramloop[3].ram.r/prim_noinit.ram/DEVICE_8SERIES.NO_BMM_INFO.SDP.SIMPLE_PRIM36.ram/CLKBWRCLK
Min Period        n/a     RAMB18E2/CLKARDCLK  n/a            1.569         100.001     98.432     RAMB18_X1Y73  Sections_i/RV32I_MEM/rv32i_ram_datav_0/inst/mem2_reg_bram_0/CLKARDCLK
Min Period        n/a     RAMB18E2/CLKARDCLK  n/a            1.569         100.001     98.432     RAMB18_X1Y75  Sections_i/RV32I_MEM/rv32i_ram_datav_0/inst/mem3_reg_bram_0/CLKARDCLK
Min Period        n/a     RAMB36E2/CLKARDCLK  n/a            1.569         100.001     98.432     RAMB36_X1Y40  Sections_i/ila_0/inst/ila_core_inst/ila_trace_memory_inst/SUBCORE_RAM_BLK_MEM_1.trace_block_memory/inst_blk_mem_gen/gnbram.gnativebmg.native_blk_mem_gen/valid.cstr/ramloop[4].ram.r/prim_noinit.ram/DEVICE_8SERIES.NO_BMM_INFO.SDP.SIMPLE_PRIM36.ram/CLKARDCLK
Min Period        n/a     RAMB36E2/CLKBWRCLK  n/a            1.569         100.001     98.432     RAMB36_X1Y40  Sections_i/ila_0/inst/ila_core_inst/ila_trace_memory_inst/SUBCORE_RAM_BLK_MEM_1.trace_block_memory/inst_blk_mem_gen/gnbram.gnativebmg.native_blk_mem_gen/valid.cstr/ramloop[4].ram.r/prim_noinit.ram/DEVICE_8SERIES.NO_BMM_INFO.SDP.SIMPLE_PRIM36.ram/CLKBWRCLK
Min Period        n/a     RAMB36E2/CLKARDCLK  n/a            1.569         100.001     98.432     RAMB36_X2Y39  Sections_i/ila_0/inst/ila_core_inst/ila_trace_memory_inst/SUBCORE_RAM_BLK_MEM_1.trace_block_memory/inst_blk_mem_gen/gnbram.gnativebmg.native_blk_mem_gen/valid.cstr/ramloop[0].ram.r/prim_noinit.ram/DEVICE_8SERIES.NO_BMM_INFO.SDP.SIMPLE_PRIM36.ram/CLKARDCLK
Min Period        n/a     RAMB36E2/CLKBWRCLK  n/a            1.569         100.001     98.432     RAMB36_X2Y39  Sections_i/ila_0/inst/ila_core_inst/ila_trace_memory_inst/SUBCORE_RAM_BLK_MEM_1.trace_block_memory/inst_blk_mem_gen/gnbram.gnativebmg.native_blk_mem_gen/valid.cstr/ramloop[0].ram.r/prim_noinit.ram/DEVICE_8SERIES.NO_BMM_INFO.SDP.SIMPLE_PRIM36.ram/CLKBWRCLK
Low Pulse Width   Fast    PS8/MAXIGP0ACLK     n/a            1.500         50.000      48.500     PS8_X0Y0      Sections_i/zynq_ultra_ps_e_1/inst/PS8_i/MAXIGP0ACLK
Low Pulse Width   Slow    PS8/MAXIGP0ACLK     n/a            1.500         50.000      48.500     PS8_X0Y0      Sections_i/zynq_ultra_ps_e_1/inst/PS8_i/MAXIGP0ACLK
Low Pulse Width   Fast    RAMB18E2/CLKARDCLK  n/a            0.542         50.000      49.458     RAMB18_X1Y74  Sections_i/RV32I_MEM/rv32i_ram_datav_0/inst/mem0_reg_bram_0/CLKARDCLK
Low Pulse Width   Fast    RAMB18E2/CLKARDCLK  n/a            0.542         50.000      49.458     RAMB18_X1Y72  Sections_i/RV32I_MEM/rv32i_ram_datav_0/inst/mem1_reg_bram_0/CLKARDCLK
Low Pulse Width   Fast    RAMB36E2/CLKBWRCLK  n/a            0.542         50.000      49.458     RAMB36_X2Y40  Sections_i/ila_0/inst/ila_core_inst/ila_trace_memory_inst/SUBCORE_RAM_BLK_MEM_1.trace_block_memory/inst_blk_mem_gen/gnbram.gnativebmg.native_blk_mem_gen/valid.cstr/ramloop[3].ram.r/prim_noinit.ram/DEVICE_8SERIES.NO_BMM_INFO.SDP.SIMPLE_PRIM36.ram/CLKBWRCLK
Low Pulse Width   Fast    RAMB18E2/CLKARDCLK  n/a            0.542         50.000      49.458     RAMB18_X1Y75  Sections_i/RV32I_MEM/rv32i_ram_datav_0/inst/mem3_reg_bram_0/CLKARDCLK
Low Pulse Width   Fast    RAMB36E2/CLKBWRCLK  n/a            0.542         50.000      49.458     RAMB36_X2Y37  Sections_i/ila_0/inst/ila_core_inst/ila_trace_memory_inst/SUBCORE_RAM_BLK_MEM_1.trace_block_memory/inst_blk_mem_gen/gnbram.gnativebmg.native_blk_mem_gen/valid.cstr/ramloop[1].ram.r/prim_noinit.ram/DEVICE_8SERIES.NO_BMM_INFO.SDP.SIMPLE_PRIM36.ram/CLKBWRCLK
Low Pulse Width   Fast    RAMB36E2/CLKARDCLK  n/a            0.542         50.000      49.458     RAMB36_X2Y38  Sections_i/ila_0/inst/ila_core_inst/ila_trace_memory_inst/SUBCORE_RAM_BLK_MEM_1.trace_block_memory/inst_blk_mem_gen/gnbram.gnativebmg.native_blk_mem_gen/valid.cstr/ramloop[2].ram.r/prim_noinit.ram/DEVICE_8SERIES.NO_BMM_INFO.SDP.SIMPLE_PRIM36.ram/CLKARDCLK
Low Pulse Width   Fast    RAMB36E2/CLKBWRCLK  n/a            0.542         50.000      49.458     RAMB36_X2Y38  Sections_i/ila_0/inst/ila_core_inst/ila_trace_memory_inst/SUBCORE_RAM_BLK_MEM_1.trace_block_memory/inst_blk_mem_gen/gnbram.gnativebmg.native_blk_mem_gen/valid.cstr/ramloop[2].ram.r/prim_noinit.ram/DEVICE_8SERIES.NO_BMM_INFO.SDP.SIMPLE_PRIM36.ram/CLKBWRCLK
Low Pulse Width   Slow    RAMB18E2/CLKARDCLK  n/a            0.542         50.000      49.458     RAMB18_X1Y72  Sections_i/RV32I_MEM/rv32i_ram_datav_0/inst/mem1_reg_bram_0/CLKARDCLK
High Pulse Width  Slow    PS8/MAXIGP0ACLK     n/a            1.500         50.000      48.500     PS8_X0Y0      Sections_i/zynq_ultra_ps_e_1/inst/PS8_i/MAXIGP0ACLK
High Pulse Width  Fast    PS8/MAXIGP0ACLK     n/a            1.500         50.000      48.500     PS8_X0Y0      Sections_i/zynq_ultra_ps_e_1/inst/PS8_i/MAXIGP0ACLK
High Pulse Width  Slow    RAMB36E2/CLKBWRCLK  n/a            0.542         50.000      49.458     RAMB36_X2Y40  Sections_i/ila_0/inst/ila_core_inst/ila_trace_memory_inst/SUBCORE_RAM_BLK_MEM_1.trace_block_memory/inst_blk_mem_gen/gnbram.gnativebmg.native_blk_mem_gen/valid.cstr/ramloop[3].ram.r/prim_noinit.ram/DEVICE_8SERIES.NO_BMM_INFO.SDP.SIMPLE_PRIM36.ram/CLKBWRCLK
High Pulse Width  Slow    RAMB18E2/CLKARDCLK  n/a            0.542         50.000      49.458     RAMB18_X1Y73  Sections_i/RV32I_MEM/rv32i_ram_datav_0/inst/mem2_reg_bram_0/CLKARDCLK
High Pulse Width  Slow    RAMB36E2/CLKARDCLK  n/a            0.542         50.000      49.458     RAMB36_X1Y40  Sections_i/ila_0/inst/ila_core_inst/ila_trace_memory_inst/SUBCORE_RAM_BLK_MEM_1.trace_block_memory/inst_blk_mem_gen/gnbram.gnativebmg.native_blk_mem_gen/valid.cstr/ramloop[4].ram.r/prim_noinit.ram/DEVICE_8SERIES.NO_BMM_INFO.SDP.SIMPLE_PRIM36.ram/CLKARDCLK
High Pulse Width  Slow    RAMB36E2/CLKBWRCLK  n/a            0.542         50.000      49.458     RAMB36_X1Y40  Sections_i/ila_0/inst/ila_core_inst/ila_trace_memory_inst/SUBCORE_RAM_BLK_MEM_1.trace_block_memory/inst_blk_mem_gen/gnbram.gnativebmg.native_blk_mem_gen/valid.cstr/ramloop[4].ram.r/prim_noinit.ram/DEVICE_8SERIES.NO_BMM_INFO.SDP.SIMPLE_PRIM36.ram/CLKBWRCLK
High Pulse Width  Slow    RAMB36E2/CLKARDCLK  n/a            0.542         50.000      49.458     RAMB36_X2Y39  Sections_i/ila_0/inst/ila_core_inst/ila_trace_memory_inst/SUBCORE_RAM_BLK_MEM_1.trace_block_memory/inst_blk_mem_gen/gnbram.gnativebmg.native_blk_mem_gen/valid.cstr/ramloop[0].ram.r/prim_noinit.ram/DEVICE_8SERIES.NO_BMM_INFO.SDP.SIMPLE_PRIM36.ram/CLKARDCLK
High Pulse Width  Slow    RAMB36E2/CLKARDCLK  n/a            0.542         50.000      49.458     RAMB36_X2Y37  Sections_i/ila_0/inst/ila_core_inst/ila_trace_memory_inst/SUBCORE_RAM_BLK_MEM_1.trace_block_memory/inst_blk_mem_gen/gnbram.gnativebmg.native_blk_mem_gen/valid.cstr/ramloop[1].ram.r/prim_noinit.ram/DEVICE_8SERIES.NO_BMM_INFO.SDP.SIMPLE_PRIM36.ram/CLKARDCLK
High Pulse Width  Slow    RAMB36E2/CLKARDCLK  n/a            0.542         50.000      49.458     RAMB36_X2Y38  Sections_i/ila_0/inst/ila_core_inst/ila_trace_memory_inst/SUBCORE_RAM_BLK_MEM_1.trace_block_memory/inst_blk_mem_gen/gnbram.gnativebmg.native_blk_mem_gen/valid.cstr/ramloop[2].ram.r/prim_noinit.ram/DEVICE_8SERIES.NO_BMM_INFO.SDP.SIMPLE_PRIM36.ram/CLKARDCLK
High Pulse Width  Slow    RAMB18E2/CLKARDCLK  n/a            0.542         50.000      49.458     RAMB18_X1Y74  Sections_i/RV32I_MEM/rv32i_ram_datav_0/inst/mem0_reg_bram_0/CLKARDCLK



---------------------------------------------------------------------------------------------------
From Clock:  dbg_hub/inst/BSCANID.u_xsdbm_id/SWITCH_N_EXT_BSCAN.bscan_inst/SERIES7_BSCAN.bscan_inst/INTERNAL_TCK
  To Clock:  dbg_hub/inst/BSCANID.u_xsdbm_id/SWITCH_N_EXT_BSCAN.bscan_inst/SERIES7_BSCAN.bscan_inst/INTERNAL_TCK

Setup :            0  Failing Endpoints,  Worst Slack       14.617ns,  Total Violation        0.000ns
Hold  :            0  Failing Endpoints,  Worst Slack        0.017ns,  Total Violation        0.000ns
PW    :            0  Failing Endpoints,  Worst Slack       24.468ns,  Total Violation        0.000ns
---------------------------------------------------------------------------------------------------


Max Delay Paths
--------------------------------------------------------------------------------------
Slack (MET) :             14.617ns  (required time - arrival time)
  Source:                 dbg_hub/inst/BSCANID.u_xsdbm_id/SWITCH_N_EXT_BSCAN.bscan_switch/state_reg[0]/C
                            (rising edge-triggered cell FDRE clocked by dbg_hub/inst/BSCANID.u_xsdbm_id/SWITCH_N_EXT_BSCAN.bscan_inst/SERIES7_BSCAN.bscan_inst/INTERNAL_TCK  {rise@0.000ns fall@25.000ns period=50.000ns})
  Destination:            dbg_hub/inst/BSCANID.u_xsdbm_id/SWITCH_N_EXT_BSCAN.bscan_inst/SERIES7_BSCAN.bscan_inst/TDO
                            (falling edge-triggered cell BSCANE2 clocked by dbg_hub/inst/BSCANID.u_xsdbm_id/SWITCH_N_EXT_BSCAN.bscan_inst/SERIES7_BSCAN.bscan_inst/INTERNAL_TCK  {rise@0.000ns fall@25.000ns period=50.000ns})
  Path Group:             dbg_hub/inst/BSCANID.u_xsdbm_id/SWITCH_N_EXT_BSCAN.bscan_inst/SERIES7_BSCAN.bscan_inst/INTERNAL_TCK
  Path Type:              Setup (Max at Slow Process Corner)
  Requirement:            25.000ns  (dbg_hub/inst/BSCANID.u_xsdbm_id/SWITCH_N_EXT_BSCAN.bscan_inst/SERIES7_BSCAN.bscan_inst/INTERNAL_TCK fall@25.000ns - dbg_hub/inst/BSCANID.u_xsdbm_id/SWITCH_N_EXT_BSCAN.bscan_inst/SERIES7_BSCAN.bscan_inst/INTERNAL_TCK rise@0.000ns)
  Data Path Delay:        3.154ns  (logic 0.423ns (13.412%)  route 2.731ns (86.588%))
  Logic Levels:           3  (LUT3=1 LUT5=1 LUT6=1)
  Clock Path Skew:        -6.994ns (DCD - SCD + CPR)
    Destination Clock Delay (DCD):    0.000ns = ( 25.000 - 25.000 ) 
    Source Clock Delay      (SCD):    6.994ns
    Clock Pessimism Removal (CPR):    0.000ns
  Clock Uncertainty:      0.235ns  ((TSJ^2 + TIJ^2)^1/2 + DJ) / 2 + PE + DCD
    Total System Jitter     (TSJ):    0.071ns
    Total Input Jitter      (TIJ):    0.000ns
    Discrete Jitter          (DJ):    0.000ns
    Phase Error              (PE):    0.000ns
    Duty Cycle Distortion   (DCD):    0.200ns
  Clock Net Delay (Source):      1.526ns (routing 0.716ns, distribution 0.810ns)

    Location             Delay type                Incr(ns)  Path(ns)    Netlist Resource(s)
  -------------------------------------------------------------------    -------------------
                         (clock dbg_hub/inst/BSCANID.u_xsdbm_id/SWITCH_N_EXT_BSCAN.bscan_inst/SERIES7_BSCAN.bscan_inst/INTERNAL_TCK rise edge)
                                                      0.000     0.000 r  
    CONFIG_SITE_X0Y0     BSCANE2                      0.000     0.000 r  dbg_hub/inst/BSCANID.u_xsdbm_id/SWITCH_N_EXT_BSCAN.bscan_inst/SERIES7_BSCAN.bscan_inst/INTERNAL_TCK
    CONFIG_SITE_X0Y0     BSCANE2 (Prop_BSCAN1_CONFIG_SITE_INTERNAL_TCK_TCK)
                                                      4.300     4.300 r  dbg_hub/inst/BSCANID.u_xsdbm_id/SWITCH_N_EXT_BSCAN.bscan_inst/SERIES7_BSCAN.bscan_inst/TCK
                         net (fo=1, routed)           1.140     5.440    dbg_hub/inst/BSCANID.u_xsdbm_id/tck_bs
    BUFGCE_X0Y50         BUFGCE (Prop_BUFCE_BUFGCE_I_O)
                                                      0.028     5.468 r  dbg_hub/inst/BSCANID.u_xsdbm_id/SWITCH_N_EXT_BSCAN.u_bufg_icon_tck/O
    X2Y3 (CLOCK_ROOT)    net (fo=494, routed)         1.526     6.994    dbg_hub/inst/BSCANID.u_xsdbm_id/SWITCH_N_EXT_BSCAN.bscan_switch/s_bscan_tck
    SLICE_X48Y212        FDRE                                         r  dbg_hub/inst/BSCANID.u_xsdbm_id/SWITCH_N_EXT_BSCAN.bscan_switch/state_reg[0]/C
  -------------------------------------------------------------------    -------------------
    SLICE_X48Y212        FDRE (Prop_EFF_SLICEL_C_Q)
                                                      0.079     7.073 r  dbg_hub/inst/BSCANID.u_xsdbm_id/SWITCH_N_EXT_BSCAN.bscan_switch/state_reg[0]/Q
                         net (fo=50, routed)          0.504     7.577    dbg_hub/inst/BSCANID.u_xsdbm_id/SWITCH_N_EXT_BSCAN.bscan_switch/state[0]
    SLICE_X49Y212        LUT5 (Prop_C6LUT_SLICEL_I2_O)
                                                      0.123     7.700 r  dbg_hub/inst/BSCANID.u_xsdbm_id/SWITCH_N_EXT_BSCAN.bscan_switch/m_bscan_bscanid_en_INST_0/O
                         net (fo=35, routed)          0.383     8.083    dbg_hub/inst/BSCANID.u_xsdbm_id/bscanid_en_int
    SLICE_X48Y212        LUT3 (Prop_E6LUT_SLICEL_I1_O)
                                                      0.123     8.206 r  dbg_hub/inst/BSCANID.u_xsdbm_id/SWITCH_N_EXT_BSCAN.bscan_switch_i_1/O
                         net (fo=2, routed)           0.418     8.624    dbg_hub/inst/BSCANID.u_xsdbm_id/SWITCH_N_EXT_BSCAN.bscan_switch/m_bscan_tdo[0]
    SLICE_X49Y212        LUT6 (Prop_B6LUT_SLICEL_I5_O)
                                                      0.098     8.722 r  dbg_hub/inst/BSCANID.u_xsdbm_id/SWITCH_N_EXT_BSCAN.bscan_switch/s_bscan_tdo_INST_0/O
                         net (fo=1, routed)           1.426    10.148    dbg_hub/inst/BSCANID.u_xsdbm_id/SWITCH_N_EXT_BSCAN.bscan_inst/s_bscan_tdo
    CONFIG_SITE_X0Y0     BSCANE2                                      r  dbg_hub/inst/BSCANID.u_xsdbm_id/SWITCH_N_EXT_BSCAN.bscan_inst/SERIES7_BSCAN.bscan_inst/TDO
  -------------------------------------------------------------------    -------------------

                         (clock dbg_hub/inst/BSCANID.u_xsdbm_id/SWITCH_N_EXT_BSCAN.bscan_inst/SERIES7_BSCAN.bscan_inst/INTERNAL_TCK fall edge)
                                                     25.000    25.000 f  
    CONFIG_SITE_X0Y0     BSCANE2                      0.000    25.000 f  dbg_hub/inst/BSCANID.u_xsdbm_id/SWITCH_N_EXT_BSCAN.bscan_inst/SERIES7_BSCAN.bscan_inst/INTERNAL_TCK
                         clock pessimism              0.000    25.000    
                         clock uncertainty           -0.235    24.765    
    CONFIG_SITE_X0Y0     BSCANE2 (Setup_BSCAN1_CONFIG_SITE_INTERNAL_TCK_TDO)
                                                      0.000    24.765    dbg_hub/inst/BSCANID.u_xsdbm_id/SWITCH_N_EXT_BSCAN.bscan_inst/SERIES7_BSCAN.bscan_inst
  -------------------------------------------------------------------
                         required time                         24.765    
                         arrival time                         -10.148    
  -------------------------------------------------------------------
                         slack                                 14.617    

Slack (MET) :             19.915ns  (required time - arrival time)
  Source:                 dbg_hub/inst/BSCANID.u_xsdbm_id/SWITCH_N_EXT_BSCAN.bscan_inst/SERIES7_BSCAN.bscan_inst/INTERNAL_TCK
                            (falling edge-triggered cell BSCANE2 clocked by dbg_hub/inst/BSCANID.u_xsdbm_id/SWITCH_N_EXT_BSCAN.bscan_inst/SERIES7_BSCAN.bscan_inst/INTERNAL_TCK  {rise@0.000ns fall@25.000ns period=50.000ns})
  Destination:            dbg_hub/inst/BSCANID.u_xsdbm_id/SWITCH_N_EXT_BSCAN.bscan_switch/temp_curid_reg[31]/D
                            (rising edge-triggered cell FDRE clocked by dbg_hub/inst/BSCANID.u_xsdbm_id/SWITCH_N_EXT_BSCAN.bscan_inst/SERIES7_BSCAN.bscan_inst/INTERNAL_TCK  {rise@0.000ns fall@25.000ns period=50.000ns})
  Path Group:             dbg_hub/inst/BSCANID.u_xsdbm_id/SWITCH_N_EXT_BSCAN.bscan_inst/SERIES7_BSCAN.bscan_inst/INTERNAL_TCK
  Path Type:              Setup (Max at Slow Process Corner)
  Requirement:            25.000ns  (dbg_hub/inst/BSCANID.u_xsdbm_id/SWITCH_N_EXT_BSCAN.bscan_inst/SERIES7_BSCAN.bscan_inst/INTERNAL_TCK rise@50.000ns - dbg_hub/inst/BSCANID.u_xsdbm_id/SWITCH_N_EXT_BSCAN.bscan_inst/SERIES7_BSCAN.bscan_inst/INTERNAL_TCK fall@25.000ns)
  Data Path Delay:        7.540ns  (logic 5.319ns (70.544%)  route 2.221ns (29.456%))
  Logic Levels:           2  (LUT3=1 LUT5=1)
  Clock Path Skew:        2.665ns (DCD - SCD + CPR)
    Destination Clock Delay (DCD):    2.665ns = ( 52.665 - 50.000 ) 
    Source Clock Delay      (SCD):    0.000ns = ( 25.000 - 25.000 ) 
    Clock Pessimism Removal (CPR):    0.000ns
  Clock Uncertainty:      0.235ns  ((TSJ^2 + TIJ^2)^1/2 + DJ) / 2 + PE + DCD
    Total System Jitter     (TSJ):    0.071ns
    Total Input Jitter      (TIJ):    0.000ns
    Discrete Jitter          (DJ):    0.000ns
    Phase Error              (PE):    0.000ns
    Duty Cycle Distortion   (DCD):    0.200ns
  Clock Net Delay (Destination): 1.368ns (routing 0.651ns, distribution 0.717ns)

    Location             Delay type                Incr(ns)  Path(ns)    Netlist Resource(s)
  -------------------------------------------------------------------    -------------------
                         (clock dbg_hub/inst/BSCANID.u_xsdbm_id/SWITCH_N_EXT_BSCAN.bscan_inst/SERIES7_BSCAN.bscan_inst/INTERNAL_TCK fall edge)
                                                     25.000    25.000 f  
    CONFIG_SITE_X0Y0     BSCANE2                      0.000    25.000 f  dbg_hub/inst/BSCANID.u_xsdbm_id/SWITCH_N_EXT_BSCAN.bscan_inst/SERIES7_BSCAN.bscan_inst/INTERNAL_TCK
  -------------------------------------------------------------------    -------------------
    CONFIG_SITE_X0Y0     BSCANE2 (Prop_BSCAN1_CONFIG_SITE_INTERNAL_TCK_CAPTURE)
                                                      5.100    30.100 r  dbg_hub/inst/BSCANID.u_xsdbm_id/SWITCH_N_EXT_BSCAN.bscan_inst/SERIES7_BSCAN.bscan_inst/CAPTURE
                         net (fo=35, routed)          1.274    31.374    dbg_hub/inst/BSCANID.u_xsdbm_id/SWITCH_N_EXT_BSCAN.bscan_switch/s_bscan_capture
    SLICE_X49Y212        LUT5 (Prop_C6LUT_SLICEL_I1_O)
                                                      0.096    31.470 r  dbg_hub/inst/BSCANID.u_xsdbm_id/SWITCH_N_EXT_BSCAN.bscan_switch/m_bscan_bscanid_en_INST_0/O
                         net (fo=35, routed)          0.383    31.853    dbg_hub/inst/BSCANID.u_xsdbm_id/bscanid_en_int
    SLICE_X48Y212        LUT3 (Prop_E6LUT_SLICEL_I1_O)
                                                      0.123    31.976 r  dbg_hub/inst/BSCANID.u_xsdbm_id/SWITCH_N_EXT_BSCAN.bscan_switch_i_1/O
                         net (fo=2, routed)           0.564    32.540    dbg_hub/inst/BSCANID.u_xsdbm_id/SWITCH_N_EXT_BSCAN.bscan_switch/m_bscan_tdo[0]
    SLICE_X49Y214        FDRE                                         r  dbg_hub/inst/BSCANID.u_xsdbm_id/SWITCH_N_EXT_BSCAN.bscan_switch/temp_curid_reg[31]/D
  -------------------------------------------------------------------    -------------------

                         (clock dbg_hub/inst/BSCANID.u_xsdbm_id/SWITCH_N_EXT_BSCAN.bscan_inst/SERIES7_BSCAN.bscan_inst/INTERNAL_TCK rise edge)
                                                     50.000    50.000 r  
    CONFIG_SITE_X0Y0     BSCANE2                      0.000    50.000 r  dbg_hub/inst/BSCANID.u_xsdbm_id/SWITCH_N_EXT_BSCAN.bscan_inst/SERIES7_BSCAN.bscan_inst/INTERNAL_TCK
    CONFIG_SITE_X0Y0     BSCANE2 (Prop_BSCAN1_CONFIG_SITE_INTERNAL_TCK_TCK)
                                                      0.465    50.465 r  dbg_hub/inst/BSCANID.u_xsdbm_id/SWITCH_N_EXT_BSCAN.bscan_inst/SERIES7_BSCAN.bscan_inst/TCK
                         net (fo=1, routed)           0.808    51.273    dbg_hub/inst/BSCANID.u_xsdbm_id/tck_bs
    BUFGCE_X0Y50         BUFGCE (Prop_BUFCE_BUFGCE_I_O)
                                                      0.024    51.297 r  dbg_hub/inst/BSCANID.u_xsdbm_id/SWITCH_N_EXT_BSCAN.u_bufg_icon_tck/O
    X2Y3 (CLOCK_ROOT)    net (fo=494, routed)         1.368    52.665    dbg_hub/inst/BSCANID.u_xsdbm_id/SWITCH_N_EXT_BSCAN.bscan_switch/s_bscan_tck
    SLICE_X49Y214        FDRE                                         r  dbg_hub/inst/BSCANID.u_xsdbm_id/SWITCH_N_EXT_BSCAN.bscan_switch/temp_curid_reg[31]/C
                         clock pessimism              0.000    52.665    
                         clock uncertainty           -0.235    52.430    
    SLICE_X49Y214        FDRE (Setup_HFF_SLICEL_C_D)
                                                      0.025    52.455    dbg_hub/inst/BSCANID.u_xsdbm_id/SWITCH_N_EXT_BSCAN.bscan_switch/temp_curid_reg[31]
  -------------------------------------------------------------------
                         required time                         52.455    
                         arrival time                         -32.540    
  -------------------------------------------------------------------
                         slack                                 19.915    

Slack (MET) :             20.156ns  (required time - arrival time)
  Source:                 dbg_hub/inst/BSCANID.u_xsdbm_id/SWITCH_N_EXT_BSCAN.bscan_inst/SERIES7_BSCAN.bscan_inst/INTERNAL_TCK
                            (falling edge-triggered cell BSCANE2 clocked by dbg_hub/inst/BSCANID.u_xsdbm_id/SWITCH_N_EXT_BSCAN.bscan_inst/SERIES7_BSCAN.bscan_inst/INTERNAL_TCK  {rise@0.000ns fall@25.000ns period=50.000ns})
  Destination:            dbg_hub/inst/BSCANID.u_xsdbm_id/SWITCH_N_EXT_BSCAN.bscanid_reg[26]/D
                            (rising edge-triggered cell FDSE clocked by dbg_hub/inst/BSCANID.u_xsdbm_id/SWITCH_N_EXT_BSCAN.bscan_inst/SERIES7_BSCAN.bscan_inst/INTERNAL_TCK  {rise@0.000ns fall@25.000ns period=50.000ns})
  Path Group:             dbg_hub/inst/BSCANID.u_xsdbm_id/SWITCH_N_EXT_BSCAN.bscan_inst/SERIES7_BSCAN.bscan_inst/INTERNAL_TCK
  Path Type:              Setup (Max at Fast Process Corner)
  Requirement:            25.000ns  (dbg_hub/inst/BSCANID.u_xsdbm_id/SWITCH_N_EXT_BSCAN.bscan_inst/SERIES7_BSCAN.bscan_inst/INTERNAL_TCK rise@50.000ns - dbg_hub/inst/BSCANID.u_xsdbm_id/SWITCH_N_EXT_BSCAN.bscan_inst/SERIES7_BSCAN.bscan_inst/INTERNAL_TCK fall@25.000ns)
  Data Path Delay:        6.567ns  (logic 5.236ns (79.732%)  route 1.331ns (20.268%))
  Logic Levels:           2  (LUT4=1 LUT5=1)
  Clock Path Skew:        1.935ns (DCD - SCD + CPR)
    Destination Clock Delay (DCD):    1.935ns = ( 51.935 - 50.000 ) 
    Source Clock Delay      (SCD):    0.000ns = ( 25.000 - 25.000 ) 
    Clock Pessimism Removal (CPR):    0.000ns
  Clock Uncertainty:      0.235ns  ((TSJ^2 + TIJ^2)^1/2 + DJ) / 2 + PE + DCD
    Total System Jitter     (TSJ):    0.071ns
    Total Input Jitter      (TIJ):    0.000ns
    Discrete Jitter          (DJ):    0.000ns
    Phase Error              (PE):    0.000ns
    Duty Cycle Distortion   (DCD):    0.200ns
  Clock Net Delay (Destination): 0.850ns (routing 0.393ns, distribution 0.457ns)

    Location             Delay type                Incr(ns)  Path(ns)    Netlist Resource(s)
  -------------------------------------------------------------------    -------------------
                         (clock dbg_hub/inst/BSCANID.u_xsdbm_id/SWITCH_N_EXT_BSCAN.bscan_inst/SERIES7_BSCAN.bscan_inst/INTERNAL_TCK fall edge)
                                                     25.000    25.000 f  
    CONFIG_SITE_X0Y0     BSCANE2                      0.000    25.000 f  dbg_hub/inst/BSCANID.u_xsdbm_id/SWITCH_N_EXT_BSCAN.bscan_inst/SERIES7_BSCAN.bscan_inst/INTERNAL_TCK
  -------------------------------------------------------------------    -------------------
    CONFIG_SITE_X0Y0     BSCANE2 (Prop_BSCAN1_CONFIG_SITE_INTERNAL_TCK_CAPTURE)
                                                      5.100    30.100 r  dbg_hub/inst/BSCANID.u_xsdbm_id/SWITCH_N_EXT_BSCAN.bscan_inst/SERIES7_BSCAN.bscan_inst/CAPTURE
                         net (fo=35, routed)          0.863    30.963    dbg_hub/inst/BSCANID.u_xsdbm_id/SWITCH_N_EXT_BSCAN.bscan_switch/s_bscan_capture
    SLICE_X49Y212        LUT5 (Prop_C6LUT_SLICEL_I1_O)
                                                      0.060    31.023 r  dbg_hub/inst/BSCANID.u_xsdbm_id/SWITCH_N_EXT_BSCAN.bscan_switch/m_bscan_bscanid_en_INST_0/O
                         net (fo=35, routed)          0.421    31.444    dbg_hub/inst/BSCANID.u_xsdbm_id/bscanid_en_int
    SLICE_X49Y210        LUT4 (Prop_C6LUT_SLICEL_I1_O)
                                                      0.076    31.520 r  dbg_hub/inst/BSCANID.u_xsdbm_id/SWITCH_N_EXT_BSCAN.bscanid[26]_i_1/O
                         net (fo=1, routed)           0.047    31.567    dbg_hub/inst/BSCANID.u_xsdbm_id/p_2_in[26]
    SLICE_X49Y210        FDSE                                         r  dbg_hub/inst/BSCANID.u_xsdbm_id/SWITCH_N_EXT_BSCAN.bscanid_reg[26]/D
  -------------------------------------------------------------------    -------------------

                         (clock dbg_hub/inst/BSCANID.u_xsdbm_id/SWITCH_N_EXT_BSCAN.bscan_inst/SERIES7_BSCAN.bscan_inst/INTERNAL_TCK rise edge)
                                                     50.000    50.000 r  
    CONFIG_SITE_X0Y0     BSCANE2                      0.000    50.000 r  dbg_hub/inst/BSCANID.u_xsdbm_id/SWITCH_N_EXT_BSCAN.bscan_inst/SERIES7_BSCAN.bscan_inst/INTERNAL_TCK
    CONFIG_SITE_X0Y0     BSCANE2 (Prop_BSCAN1_CONFIG_SITE_INTERNAL_TCK_TCK)
                                                      0.465    50.465 r  dbg_hub/inst/BSCANID.u_xsdbm_id/SWITCH_N_EXT_BSCAN.bscan_inst/SERIES7_BSCAN.bscan_inst/TCK
                         net (fo=1, routed)           0.603    51.068    dbg_hub/inst/BSCANID.u_xsdbm_id/tck_bs
    BUFGCE_X0Y50         BUFGCE (Prop_BUFCE_BUFGCE_I_O)
                                                      0.017    51.085 r  dbg_hub/inst/BSCANID.u_xsdbm_id/SWITCH_N_EXT_BSCAN.u_bufg_icon_tck/O
    X2Y3 (CLOCK_ROOT)    net (fo=494, routed)         0.850    51.935    dbg_hub/inst/BSCANID.u_xsdbm_id/itck_i
    SLICE_X49Y210        FDSE                                         r  dbg_hub/inst/BSCANID.u_xsdbm_id/SWITCH_N_EXT_BSCAN.bscanid_reg[26]/C
                         clock pessimism              0.000    51.935    
                         clock uncertainty           -0.235    51.700    
    SLICE_X49Y210        FDSE (Setup_CFF_SLICEL_C_D)
                                                      0.023    51.723    dbg_hub/inst/BSCANID.u_xsdbm_id/SWITCH_N_EXT_BSCAN.bscanid_reg[26]
  -------------------------------------------------------------------
                         required time                         51.723    
                         arrival time                         -31.567    
  -------------------------------------------------------------------
                         slack                                 20.156    

Slack (MET) :             20.176ns  (required time - arrival time)
  Source:                 dbg_hub/inst/BSCANID.u_xsdbm_id/SWITCH_N_EXT_BSCAN.bscan_inst/SERIES7_BSCAN.bscan_inst/INTERNAL_TCK
                            (falling edge-triggered cell BSCANE2 clocked by dbg_hub/inst/BSCANID.u_xsdbm_id/SWITCH_N_EXT_BSCAN.bscan_inst/SERIES7_BSCAN.bscan_inst/INTERNAL_TCK  {rise@0.000ns fall@25.000ns period=50.000ns})
  Destination:            dbg_hub/inst/BSCANID.u_xsdbm_id/SWITCH_N_EXT_BSCAN.bscanid_reg[5]/D
                            (rising edge-triggered cell FDSE clocked by dbg_hub/inst/BSCANID.u_xsdbm_id/SWITCH_N_EXT_BSCAN.bscan_inst/SERIES7_BSCAN.bscan_inst/INTERNAL_TCK  {rise@0.000ns fall@25.000ns period=50.000ns})
  Path Group:             dbg_hub/inst/BSCANID.u_xsdbm_id/SWITCH_N_EXT_BSCAN.bscan_inst/SERIES7_BSCAN.bscan_inst/INTERNAL_TCK
  Path Type:              Setup (Max at Fast Process Corner)
  Requirement:            25.000ns  (dbg_hub/inst/BSCANID.u_xsdbm_id/SWITCH_N_EXT_BSCAN.bscan_inst/SERIES7_BSCAN.bscan_inst/INTERNAL_TCK rise@50.000ns - dbg_hub/inst/BSCANID.u_xsdbm_id/SWITCH_N_EXT_BSCAN.bscan_inst/SERIES7_BSCAN.bscan_inst/INTERNAL_TCK fall@25.000ns)
  Data Path Delay:        6.538ns  (logic 5.252ns (80.330%)  route 1.286ns (19.670%))
  Logic Levels:           2  (LUT4=1 LUT5=1)
  Clock Path Skew:        1.926ns (DCD - SCD + CPR)
    Destination Clock Delay (DCD):    1.926ns = ( 51.926 - 50.000 ) 
    Source Clock Delay      (SCD):    0.000ns = ( 25.000 - 25.000 ) 
    Clock Pessimism Removal (CPR):    0.000ns
  Clock Uncertainty:      0.235ns  ((TSJ^2 + TIJ^2)^1/2 + DJ) / 2 + PE + DCD
    Total System Jitter     (TSJ):    0.071ns
    Total Input Jitter      (TIJ):    0.000ns
    Discrete Jitter          (DJ):    0.000ns
    Phase Error              (PE):    0.000ns
    Duty Cycle Distortion   (DCD):    0.200ns
  Clock Net Delay (Destination): 0.841ns (routing 0.393ns, distribution 0.448ns)

    Location             Delay type                Incr(ns)  Path(ns)    Netlist Resource(s)
  -------------------------------------------------------------------    -------------------
                         (clock dbg_hub/inst/BSCANID.u_xsdbm_id/SWITCH_N_EXT_BSCAN.bscan_inst/SERIES7_BSCAN.bscan_inst/INTERNAL_TCK fall edge)
                                                     25.000    25.000 f  
    CONFIG_SITE_X0Y0     BSCANE2                      0.000    25.000 f  dbg_hub/inst/BSCANID.u_xsdbm_id/SWITCH_N_EXT_BSCAN.bscan_inst/SERIES7_BSCAN.bscan_inst/INTERNAL_TCK
  -------------------------------------------------------------------    -------------------
    CONFIG_SITE_X0Y0     BSCANE2 (Prop_BSCAN1_CONFIG_SITE_INTERNAL_TCK_CAPTURE)
                                                      5.100    30.100 r  dbg_hub/inst/BSCANID.u_xsdbm_id/SWITCH_N_EXT_BSCAN.bscan_inst/SERIES7_BSCAN.bscan_inst/CAPTURE
                         net (fo=35, routed)          0.863    30.963    dbg_hub/inst/BSCANID.u_xsdbm_id/SWITCH_N_EXT_BSCAN.bscan_switch/s_bscan_capture
    SLICE_X49Y212        LUT5 (Prop_C6LUT_SLICEL_I1_O)
                                                      0.060    31.023 r  dbg_hub/inst/BSCANID.u_xsdbm_id/SWITCH_N_EXT_BSCAN.bscan_switch/m_bscan_bscanid_en_INST_0/O
                         net (fo=35, routed)          0.377    31.400    dbg_hub/inst/BSCANID.u_xsdbm_id/bscanid_en_int
    SLICE_X48Y210        LUT4 (Prop_G6LUT_SLICEL_I1_O)
                                                      0.092    31.492 r  dbg_hub/inst/BSCANID.u_xsdbm_id/SWITCH_N_EXT_BSCAN.bscanid[5]_i_1/O
                         net (fo=1, routed)           0.046    31.538    dbg_hub/inst/BSCANID.u_xsdbm_id/p_2_in[5]
    SLICE_X48Y210        FDSE                                         r  dbg_hub/inst/BSCANID.u_xsdbm_id/SWITCH_N_EXT_BSCAN.bscanid_reg[5]/D
  -------------------------------------------------------------------    -------------------

                         (clock dbg_hub/inst/BSCANID.u_xsdbm_id/SWITCH_N_EXT_BSCAN.bscan_inst/SERIES7_BSCAN.bscan_inst/INTERNAL_TCK rise edge)
                                                     50.000    50.000 r  
    CONFIG_SITE_X0Y0     BSCANE2                      0.000    50.000 r  dbg_hub/inst/BSCANID.u_xsdbm_id/SWITCH_N_EXT_BSCAN.bscan_inst/SERIES7_BSCAN.bscan_inst/INTERNAL_TCK
    CONFIG_SITE_X0Y0     BSCANE2 (Prop_BSCAN1_CONFIG_SITE_INTERNAL_TCK_TCK)
                                                      0.465    50.465 r  dbg_hub/inst/BSCANID.u_xsdbm_id/SWITCH_N_EXT_BSCAN.bscan_inst/SERIES7_BSCAN.bscan_inst/TCK
                         net (fo=1, routed)           0.603    51.068    dbg_hub/inst/BSCANID.u_xsdbm_id/tck_bs
    BUFGCE_X0Y50         BUFGCE (Prop_BUFCE_BUFGCE_I_O)
                                                      0.017    51.085 r  dbg_hub/inst/BSCANID.u_xsdbm_id/SWITCH_N_EXT_BSCAN.u_bufg_icon_tck/O
    X2Y3 (CLOCK_ROOT)    net (fo=494, routed)         0.841    51.926    dbg_hub/inst/BSCANID.u_xsdbm_id/itck_i
    SLICE_X48Y210        FDSE                                         r  dbg_hub/inst/BSCANID.u_xsdbm_id/SWITCH_N_EXT_BSCAN.bscanid_reg[5]/C
                         clock pessimism              0.000    51.926    
                         clock uncertainty           -0.235    51.691    
    SLICE_X48Y210        FDSE (Setup_GFF_SLICEL_C_D)
                                                      0.023    51.714    dbg_hub/inst/BSCANID.u_xsdbm_id/SWITCH_N_EXT_BSCAN.bscanid_reg[5]
  -------------------------------------------------------------------
                         required time                         51.714    
                         arrival time                         -31.538    
  -------------------------------------------------------------------
                         slack                                 20.176    

Slack (MET) :             20.176ns  (required time - arrival time)
  Source:                 dbg_hub/inst/BSCANID.u_xsdbm_id/SWITCH_N_EXT_BSCAN.bscan_inst/SERIES7_BSCAN.bscan_inst/INTERNAL_TCK
                            (falling edge-triggered cell BSCANE2 clocked by dbg_hub/inst/BSCANID.u_xsdbm_id/SWITCH_N_EXT_BSCAN.bscan_inst/SERIES7_BSCAN.bscan_inst/INTERNAL_TCK  {rise@0.000ns fall@25.000ns period=50.000ns})
  Destination:            dbg_hub/inst/BSCANID.u_xsdbm_id/SWITCH_N_EXT_BSCAN.bscanid_reg[4]/D
                            (rising edge-triggered cell FDRE clocked by dbg_hub/inst/BSCANID.u_xsdbm_id/SWITCH_N_EXT_BSCAN.bscan_inst/SERIES7_BSCAN.bscan_inst/INTERNAL_TCK  {rise@0.000ns fall@25.000ns period=50.000ns})
  Path Group:             dbg_hub/inst/BSCANID.u_xsdbm_id/SWITCH_N_EXT_BSCAN.bscan_inst/SERIES7_BSCAN.bscan_inst/INTERNAL_TCK
  Path Type:              Setup (Max at Fast Process Corner)
  Requirement:            25.000ns  (dbg_hub/inst/BSCANID.u_xsdbm_id/SWITCH_N_EXT_BSCAN.bscan_inst/SERIES7_BSCAN.bscan_inst/INTERNAL_TCK rise@50.000ns - dbg_hub/inst/BSCANID.u_xsdbm_id/SWITCH_N_EXT_BSCAN.bscan_inst/SERIES7_BSCAN.bscan_inst/INTERNAL_TCK fall@25.000ns)
  Data Path Delay:        6.538ns  (logic 5.253ns (80.346%)  route 1.285ns (19.654%))
  Logic Levels:           2  (LUT4=1 LUT5=1)
  Clock Path Skew:        1.926ns (DCD - SCD + CPR)
    Destination Clock Delay (DCD):    1.926ns = ( 51.926 - 50.000 ) 
    Source Clock Delay      (SCD):    0.000ns = ( 25.000 - 25.000 ) 
    Clock Pessimism Removal (CPR):    0.000ns
  Clock Uncertainty:      0.235ns  ((TSJ^2 + TIJ^2)^1/2 + DJ) / 2 + PE + DCD
    Total System Jitter     (TSJ):    0.071ns
    Total Input Jitter      (TIJ):    0.000ns
    Discrete Jitter          (DJ):    0.000ns
    Phase Error              (PE):    0.000ns
    Duty Cycle Distortion   (DCD):    0.200ns
  Clock Net Delay (Destination): 0.841ns (routing 0.393ns, distribution 0.448ns)

    Location             Delay type                Incr(ns)  Path(ns)    Netlist Resource(s)
  -------------------------------------------------------------------    -------------------
                         (clock dbg_hub/inst/BSCANID.u_xsdbm_id/SWITCH_N_EXT_BSCAN.bscan_inst/SERIES7_BSCAN.bscan_inst/INTERNAL_TCK fall edge)
                                                     25.000    25.000 f  
    CONFIG_SITE_X0Y0     BSCANE2                      0.000    25.000 f  dbg_hub/inst/BSCANID.u_xsdbm_id/SWITCH_N_EXT_BSCAN.bscan_inst/SERIES7_BSCAN.bscan_inst/INTERNAL_TCK
  -------------------------------------------------------------------    -------------------
    CONFIG_SITE_X0Y0     BSCANE2 (Prop_BSCAN1_CONFIG_SITE_INTERNAL_TCK_CAPTURE)
                                                      5.100    30.100 r  dbg_hub/inst/BSCANID.u_xsdbm_id/SWITCH_N_EXT_BSCAN.bscan_inst/SERIES7_BSCAN.bscan_inst/CAPTURE
                         net (fo=35, routed)          0.863    30.963    dbg_hub/inst/BSCANID.u_xsdbm_id/SWITCH_N_EXT_BSCAN.bscan_switch/s_bscan_capture
    SLICE_X49Y212        LUT5 (Prop_C6LUT_SLICEL_I1_O)
                                                      0.060    31.023 r  dbg_hub/inst/BSCANID.u_xsdbm_id/SWITCH_N_EXT_BSCAN.bscan_switch/m_bscan_bscanid_en_INST_0/O
                         net (fo=35, routed)          0.375    31.398    dbg_hub/inst/BSCANID.u_xsdbm_id/bscanid_en_int
    SLICE_X48Y210        LUT4 (Prop_H6LUT_SLICEL_I2_O)
                                                      0.093    31.491 r  dbg_hub/inst/BSCANID.u_xsdbm_id/SWITCH_N_EXT_BSCAN.bscanid[4]_i_1/O
                         net (fo=1, routed)           0.047    31.538    dbg_hub/inst/BSCANID.u_xsdbm_id/p_2_in[4]
    SLICE_X48Y210        FDRE                                         r  dbg_hub/inst/BSCANID.u_xsdbm_id/SWITCH_N_EXT_BSCAN.bscanid_reg[4]/D
  -------------------------------------------------------------------    -------------------

                         (clock dbg_hub/inst/BSCANID.u_xsdbm_id/SWITCH_N_EXT_BSCAN.bscan_inst/SERIES7_BSCAN.bscan_inst/INTERNAL_TCK rise edge)
                                                     50.000    50.000 r  
    CONFIG_SITE_X0Y0     BSCANE2                      0.000    50.000 r  dbg_hub/inst/BSCANID.u_xsdbm_id/SWITCH_N_EXT_BSCAN.bscan_inst/SERIES7_BSCAN.bscan_inst/INTERNAL_TCK
    CONFIG_SITE_X0Y0     BSCANE2 (Prop_BSCAN1_CONFIG_SITE_INTERNAL_TCK_TCK)
                                                      0.465    50.465 r  dbg_hub/inst/BSCANID.u_xsdbm_id/SWITCH_N_EXT_BSCAN.bscan_inst/SERIES7_BSCAN.bscan_inst/TCK
                         net (fo=1, routed)           0.603    51.068    dbg_hub/inst/BSCANID.u_xsdbm_id/tck_bs
    BUFGCE_X0Y50         BUFGCE (Prop_BUFCE_BUFGCE_I_O)
                                                      0.017    51.085 r  dbg_hub/inst/BSCANID.u_xsdbm_id/SWITCH_N_EXT_BSCAN.u_bufg_icon_tck/O
    X2Y3 (CLOCK_ROOT)    net (fo=494, routed)         0.841    51.926    dbg_hub/inst/BSCANID.u_xsdbm_id/itck_i
    SLICE_X48Y210        FDRE                                         r  dbg_hub/inst/BSCANID.u_xsdbm_id/SWITCH_N_EXT_BSCAN.bscanid_reg[4]/C
                         clock pessimism              0.000    51.926    
                         clock uncertainty           -0.235    51.691    
    SLICE_X48Y210        FDRE (Setup_HFF_SLICEL_C_D)
                                                      0.023    51.714    dbg_hub/inst/BSCANID.u_xsdbm_id/SWITCH_N_EXT_BSCAN.bscanid_reg[4]
  -------------------------------------------------------------------
                         required time                         51.714    
                         arrival time                         -31.538    
  -------------------------------------------------------------------
                         slack                                 20.176    

Slack (MET) :             20.177ns  (required time - arrival time)
  Source:                 dbg_hub/inst/BSCANID.u_xsdbm_id/SWITCH_N_EXT_BSCAN.bscan_inst/SERIES7_BSCAN.bscan_inst/INTERNAL_TCK
                            (falling edge-triggered cell BSCANE2 clocked by dbg_hub/inst/BSCANID.u_xsdbm_id/SWITCH_N_EXT_BSCAN.bscan_inst/SERIES7_BSCAN.bscan_inst/INTERNAL_TCK  {rise@0.000ns fall@25.000ns period=50.000ns})
  Destination:            dbg_hub/inst/BSCANID.u_xsdbm_id/SWITCH_N_EXT_BSCAN.bscanid_reg[6]/D
                            (rising edge-triggered cell FDRE clocked by dbg_hub/inst/BSCANID.u_xsdbm_id/SWITCH_N_EXT_BSCAN.bscan_inst/SERIES7_BSCAN.bscan_inst/INTERNAL_TCK  {rise@0.000ns fall@25.000ns period=50.000ns})
  Path Group:             dbg_hub/inst/BSCANID.u_xsdbm_id/SWITCH_N_EXT_BSCAN.bscan_inst/SERIES7_BSCAN.bscan_inst/INTERNAL_TCK
  Path Type:              Setup (Max at Fast Process Corner)
  Requirement:            25.000ns  (dbg_hub/inst/BSCANID.u_xsdbm_id/SWITCH_N_EXT_BSCAN.bscan_inst/SERIES7_BSCAN.bscan_inst/INTERNAL_TCK rise@50.000ns - dbg_hub/inst/BSCANID.u_xsdbm_id/SWITCH_N_EXT_BSCAN.bscan_inst/SERIES7_BSCAN.bscan_inst/INTERNAL_TCK fall@25.000ns)
  Data Path Delay:        6.537ns  (logic 5.252ns (80.343%)  route 1.285ns (19.657%))
  Logic Levels:           2  (LUT4=1 LUT5=1)
  Clock Path Skew:        1.926ns (DCD - SCD + CPR)
    Destination Clock Delay (DCD):    1.926ns = ( 51.926 - 50.000 ) 
    Source Clock Delay      (SCD):    0.000ns = ( 25.000 - 25.000 ) 
    Clock Pessimism Removal (CPR):    0.000ns
  Clock Uncertainty:      0.235ns  ((TSJ^2 + TIJ^2)^1/2 + DJ) / 2 + PE + DCD
    Total System Jitter     (TSJ):    0.071ns
    Total Input Jitter      (TIJ):    0.000ns
    Discrete Jitter          (DJ):    0.000ns
    Phase Error              (PE):    0.000ns
    Duty Cycle Distortion   (DCD):    0.200ns
  Clock Net Delay (Destination): 0.841ns (routing 0.393ns, distribution 0.448ns)

    Location             Delay type                Incr(ns)  Path(ns)    Netlist Resource(s)
  -------------------------------------------------------------------    -------------------
                         (clock dbg_hub/inst/BSCANID.u_xsdbm_id/SWITCH_N_EXT_BSCAN.bscan_inst/SERIES7_BSCAN.bscan_inst/INTERNAL_TCK fall edge)
                                                     25.000    25.000 f  
    CONFIG_SITE_X0Y0     BSCANE2                      0.000    25.000 f  dbg_hub/inst/BSCANID.u_xsdbm_id/SWITCH_N_EXT_BSCAN.bscan_inst/SERIES7_BSCAN.bscan_inst/INTERNAL_TCK
  -------------------------------------------------------------------    -------------------
    CONFIG_SITE_X0Y0     BSCANE2 (Prop_BSCAN1_CONFIG_SITE_INTERNAL_TCK_CAPTURE)
                                                      5.100    30.100 r  dbg_hub/inst/BSCANID.u_xsdbm_id/SWITCH_N_EXT_BSCAN.bscan_inst/SERIES7_BSCAN.bscan_inst/CAPTURE
                         net (fo=35, routed)          0.863    30.963    dbg_hub/inst/BSCANID.u_xsdbm_id/SWITCH_N_EXT_BSCAN.bscan_switch/s_bscan_capture
    SLICE_X49Y212        LUT5 (Prop_C6LUT_SLICEL_I1_O)
                                                      0.060    31.023 r  dbg_hub/inst/BSCANID.u_xsdbm_id/SWITCH_N_EXT_BSCAN.bscan_switch/m_bscan_bscanid_en_INST_0/O
                         net (fo=35, routed)          0.374    31.397    dbg_hub/inst/BSCANID.u_xsdbm_id/bscanid_en_int
    SLICE_X48Y210        LUT4 (Prop_F6LUT_SLICEL_I2_O)
                                                      0.092    31.489 r  dbg_hub/inst/BSCANID.u_xsdbm_id/SWITCH_N_EXT_BSCAN.bscanid[6]_i_1/O
                         net (fo=1, routed)           0.048    31.537    dbg_hub/inst/BSCANID.u_xsdbm_id/p_2_in[6]
    SLICE_X48Y210        FDRE                                         r  dbg_hub/inst/BSCANID.u_xsdbm_id/SWITCH_N_EXT_BSCAN.bscanid_reg[6]/D
  -------------------------------------------------------------------    -------------------

                         (clock dbg_hub/inst/BSCANID.u_xsdbm_id/SWITCH_N_EXT_BSCAN.bscan_inst/SERIES7_BSCAN.bscan_inst/INTERNAL_TCK rise edge)
                                                     50.000    50.000 r  
    CONFIG_SITE_X0Y0     BSCANE2                      0.000    50.000 r  dbg_hub/inst/BSCANID.u_xsdbm_id/SWITCH_N_EXT_BSCAN.bscan_inst/SERIES7_BSCAN.bscan_inst/INTERNAL_TCK
    CONFIG_SITE_X0Y0     BSCANE2 (Prop_BSCAN1_CONFIG_SITE_INTERNAL_TCK_TCK)
                                                      0.465    50.465 r  dbg_hub/inst/BSCANID.u_xsdbm_id/SWITCH_N_EXT_BSCAN.bscan_inst/SERIES7_BSCAN.bscan_inst/TCK
                         net (fo=1, routed)           0.603    51.068    dbg_hub/inst/BSCANID.u_xsdbm_id/tck_bs
    BUFGCE_X0Y50         BUFGCE (Prop_BUFCE_BUFGCE_I_O)
                                                      0.017    51.085 r  dbg_hub/inst/BSCANID.u_xsdbm_id/SWITCH_N_EXT_BSCAN.u_bufg_icon_tck/O
    X2Y3 (CLOCK_ROOT)    net (fo=494, routed)         0.841    51.926    dbg_hub/inst/BSCANID.u_xsdbm_id/itck_i
    SLICE_X48Y210        FDRE                                         r  dbg_hub/inst/BSCANID.u_xsdbm_id/SWITCH_N_EXT_BSCAN.bscanid_reg[6]/C
                         clock pessimism              0.000    51.926    
                         clock uncertainty           -0.235    51.691    
    SLICE_X48Y210        FDRE (Setup_FFF_SLICEL_C_D)
                                                      0.023    51.714    dbg_hub/inst/BSCANID.u_xsdbm_id/SWITCH_N_EXT_BSCAN.bscanid_reg[6]
  -------------------------------------------------------------------
                         required time                         51.714    
                         arrival time                         -31.537    
  -------------------------------------------------------------------
                         slack                                 20.177    

Slack (MET) :             20.177ns  (required time - arrival time)
  Source:                 dbg_hub/inst/BSCANID.u_xsdbm_id/SWITCH_N_EXT_BSCAN.bscan_inst/SERIES7_BSCAN.bscan_inst/INTERNAL_TCK
                            (falling edge-triggered cell BSCANE2 clocked by dbg_hub/inst/BSCANID.u_xsdbm_id/SWITCH_N_EXT_BSCAN.bscan_inst/SERIES7_BSCAN.bscan_inst/INTERNAL_TCK  {rise@0.000ns fall@25.000ns period=50.000ns})
  Destination:            dbg_hub/inst/BSCANID.u_xsdbm_id/SWITCH_N_EXT_BSCAN.bscanid_reg[13]/D
                            (rising edge-triggered cell FDRE clocked by dbg_hub/inst/BSCANID.u_xsdbm_id/SWITCH_N_EXT_BSCAN.bscan_inst/SERIES7_BSCAN.bscan_inst/INTERNAL_TCK  {rise@0.000ns fall@25.000ns period=50.000ns})
  Path Group:             dbg_hub/inst/BSCANID.u_xsdbm_id/SWITCH_N_EXT_BSCAN.bscan_inst/SERIES7_BSCAN.bscan_inst/INTERNAL_TCK
  Path Type:              Setup (Max at Fast Process Corner)
  Requirement:            25.000ns  (dbg_hub/inst/BSCANID.u_xsdbm_id/SWITCH_N_EXT_BSCAN.bscan_inst/SERIES7_BSCAN.bscan_inst/INTERNAL_TCK rise@50.000ns - dbg_hub/inst/BSCANID.u_xsdbm_id/SWITCH_N_EXT_BSCAN.bscan_inst/SERIES7_BSCAN.bscan_inst/INTERNAL_TCK fall@25.000ns)
  Data Path Delay:        6.547ns  (logic 5.220ns (79.731%)  route 1.327ns (20.269%))
  Logic Levels:           2  (LUT4=1 LUT5=1)
  Clock Path Skew:        1.936ns (DCD - SCD + CPR)
    Destination Clock Delay (DCD):    1.936ns = ( 51.936 - 50.000 ) 
    Source Clock Delay      (SCD):    0.000ns = ( 25.000 - 25.000 ) 
    Clock Pessimism Removal (CPR):    0.000ns
  Clock Uncertainty:      0.235ns  ((TSJ^2 + TIJ^2)^1/2 + DJ) / 2 + PE + DCD
    Total System Jitter     (TSJ):    0.071ns
    Total Input Jitter      (TIJ):    0.000ns
    Discrete Jitter          (DJ):    0.000ns
    Phase Error              (PE):    0.000ns
    Duty Cycle Distortion   (DCD):    0.200ns
  Clock Net Delay (Destination): 0.851ns (routing 0.393ns, distribution 0.458ns)

    Location             Delay type                Incr(ns)  Path(ns)    Netlist Resource(s)
  -------------------------------------------------------------------    -------------------
                         (clock dbg_hub/inst/BSCANID.u_xsdbm_id/SWITCH_N_EXT_BSCAN.bscan_inst/SERIES7_BSCAN.bscan_inst/INTERNAL_TCK fall edge)
                                                     25.000    25.000 f  
    CONFIG_SITE_X0Y0     BSCANE2                      0.000    25.000 f  dbg_hub/inst/BSCANID.u_xsdbm_id/SWITCH_N_EXT_BSCAN.bscan_inst/SERIES7_BSCAN.bscan_inst/INTERNAL_TCK
  -------------------------------------------------------------------    -------------------
    CONFIG_SITE_X0Y0     BSCANE2 (Prop_BSCAN1_CONFIG_SITE_INTERNAL_TCK_CAPTURE)
                                                      5.100    30.100 r  dbg_hub/inst/BSCANID.u_xsdbm_id/SWITCH_N_EXT_BSCAN.bscan_inst/SERIES7_BSCAN.bscan_inst/CAPTURE
                         net (fo=35, routed)          0.863    30.963    dbg_hub/inst/BSCANID.u_xsdbm_id/SWITCH_N_EXT_BSCAN.bscan_switch/s_bscan_capture
    SLICE_X49Y212        LUT5 (Prop_C6LUT_SLICEL_I1_O)
                                                      0.060    31.023 r  dbg_hub/inst/BSCANID.u_xsdbm_id/SWITCH_N_EXT_BSCAN.bscan_switch/m_bscan_bscanid_en_INST_0/O
                         net (fo=35, routed)          0.417    31.440    dbg_hub/inst/BSCANID.u_xsdbm_id/bscanid_en_int
    SLICE_X49Y211        LUT4 (Prop_C6LUT_SLICEL_I2_O)
                                                      0.060    31.500 r  dbg_hub/inst/BSCANID.u_xsdbm_id/SWITCH_N_EXT_BSCAN.bscanid[13]_i_1/O
                         net (fo=1, routed)           0.047    31.547    dbg_hub/inst/BSCANID.u_xsdbm_id/p_2_in[13]
    SLICE_X49Y211        FDRE                                         r  dbg_hub/inst/BSCANID.u_xsdbm_id/SWITCH_N_EXT_BSCAN.bscanid_reg[13]/D
  -------------------------------------------------------------------    -------------------

                         (clock dbg_hub/inst/BSCANID.u_xsdbm_id/SWITCH_N_EXT_BSCAN.bscan_inst/SERIES7_BSCAN.bscan_inst/INTERNAL_TCK rise edge)
                                                     50.000    50.000 r  
    CONFIG_SITE_X0Y0     BSCANE2                      0.000    50.000 r  dbg_hub/inst/BSCANID.u_xsdbm_id/SWITCH_N_EXT_BSCAN.bscan_inst/SERIES7_BSCAN.bscan_inst/INTERNAL_TCK
    CONFIG_SITE_X0Y0     BSCANE2 (Prop_BSCAN1_CONFIG_SITE_INTERNAL_TCK_TCK)
                                                      0.465    50.465 r  dbg_hub/inst/BSCANID.u_xsdbm_id/SWITCH_N_EXT_BSCAN.bscan_inst/SERIES7_BSCAN.bscan_inst/TCK
                         net (fo=1, routed)           0.603    51.068    dbg_hub/inst/BSCANID.u_xsdbm_id/tck_bs
    BUFGCE_X0Y50         BUFGCE (Prop_BUFCE_BUFGCE_I_O)
                                                      0.017    51.085 r  dbg_hub/inst/BSCANID.u_xsdbm_id/SWITCH_N_EXT_BSCAN.u_bufg_icon_tck/O
    X2Y3 (CLOCK_ROOT)    net (fo=494, routed)         0.851    51.936    dbg_hub/inst/BSCANID.u_xsdbm_id/itck_i
    SLICE_X49Y211        FDRE                                         r  dbg_hub/inst/BSCANID.u_xsdbm_id/SWITCH_N_EXT_BSCAN.bscanid_reg[13]/C
                         clock pessimism              0.000    51.936    
                         clock uncertainty           -0.235    51.701    
    SLICE_X49Y211        FDRE (Setup_CFF_SLICEL_C_D)
                                                      0.023    51.724    dbg_hub/inst/BSCANID.u_xsdbm_id/SWITCH_N_EXT_BSCAN.bscanid_reg[13]
  -------------------------------------------------------------------
                         required time                         51.724    
                         arrival time                         -31.547    
  -------------------------------------------------------------------
                         slack                                 20.177    

Slack (MET) :             20.184ns  (required time - arrival time)
  Source:                 dbg_hub/inst/BSCANID.u_xsdbm_id/SWITCH_N_EXT_BSCAN.bscan_inst/SERIES7_BSCAN.bscan_inst/INTERNAL_TCK
                            (falling edge-triggered cell BSCANE2 clocked by dbg_hub/inst/BSCANID.u_xsdbm_id/SWITCH_N_EXT_BSCAN.bscan_inst/SERIES7_BSCAN.bscan_inst/INTERNAL_TCK  {rise@0.000ns fall@25.000ns period=50.000ns})
  Destination:            dbg_hub/inst/BSCANID.u_xsdbm_id/SWITCH_N_EXT_BSCAN.bscanid_reg[7]/D
                            (rising edge-triggered cell FDRE clocked by dbg_hub/inst/BSCANID.u_xsdbm_id/SWITCH_N_EXT_BSCAN.bscan_inst/SERIES7_BSCAN.bscan_inst/INTERNAL_TCK  {rise@0.000ns fall@25.000ns period=50.000ns})
  Path Group:             dbg_hub/inst/BSCANID.u_xsdbm_id/SWITCH_N_EXT_BSCAN.bscan_inst/SERIES7_BSCAN.bscan_inst/INTERNAL_TCK
  Path Type:              Setup (Max at Fast Process Corner)
  Requirement:            25.000ns  (dbg_hub/inst/BSCANID.u_xsdbm_id/SWITCH_N_EXT_BSCAN.bscan_inst/SERIES7_BSCAN.bscan_inst/INTERNAL_TCK rise@50.000ns - dbg_hub/inst/BSCANID.u_xsdbm_id/SWITCH_N_EXT_BSCAN.bscan_inst/SERIES7_BSCAN.bscan_inst/INTERNAL_TCK fall@25.000ns)
  Data Path Delay:        6.530ns  (logic 5.252ns (80.429%)  route 1.278ns (19.571%))
  Logic Levels:           2  (LUT4=1 LUT5=1)
  Clock Path Skew:        1.926ns (DCD - SCD + CPR)
    Destination Clock Delay (DCD):    1.926ns = ( 51.926 - 50.000 ) 
    Source Clock Delay      (SCD):    0.000ns = ( 25.000 - 25.000 ) 
    Clock Pessimism Removal (CPR):    0.000ns
  Clock Uncertainty:      0.235ns  ((TSJ^2 + TIJ^2)^1/2 + DJ) / 2 + PE + DCD
    Total System Jitter     (TSJ):    0.071ns
    Total Input Jitter      (TIJ):    0.000ns
    Discrete Jitter          (DJ):    0.000ns
    Phase Error              (PE):    0.000ns
    Duty Cycle Distortion   (DCD):    0.200ns
  Clock Net Delay (Destination): 0.841ns (routing 0.393ns, distribution 0.448ns)

    Location             Delay type                Incr(ns)  Path(ns)    Netlist Resource(s)
  -------------------------------------------------------------------    -------------------
                         (clock dbg_hub/inst/BSCANID.u_xsdbm_id/SWITCH_N_EXT_BSCAN.bscan_inst/SERIES7_BSCAN.bscan_inst/INTERNAL_TCK fall edge)
                                                     25.000    25.000 f  
    CONFIG_SITE_X0Y0     BSCANE2                      0.000    25.000 f  dbg_hub/inst/BSCANID.u_xsdbm_id/SWITCH_N_EXT_BSCAN.bscan_inst/SERIES7_BSCAN.bscan_inst/INTERNAL_TCK
  -------------------------------------------------------------------    -------------------
    CONFIG_SITE_X0Y0     BSCANE2 (Prop_BSCAN1_CONFIG_SITE_INTERNAL_TCK_CAPTURE)
                                                      5.100    30.100 r  dbg_hub/inst/BSCANID.u_xsdbm_id/SWITCH_N_EXT_BSCAN.bscan_inst/SERIES7_BSCAN.bscan_inst/CAPTURE
                         net (fo=35, routed)          0.863    30.963    dbg_hub/inst/BSCANID.u_xsdbm_id/SWITCH_N_EXT_BSCAN.bscan_switch/s_bscan_capture
    SLICE_X49Y212        LUT5 (Prop_C6LUT_SLICEL_I1_O)
                                                      0.060    31.023 r  dbg_hub/inst/BSCANID.u_xsdbm_id/SWITCH_N_EXT_BSCAN.bscan_switch/m_bscan_bscanid_en_INST_0/O
                         net (fo=35, routed)          0.371    31.394    dbg_hub/inst/BSCANID.u_xsdbm_id/bscanid_en_int
    SLICE_X48Y210        LUT4 (Prop_E6LUT_SLICEL_I2_O)
                                                      0.092    31.486 r  dbg_hub/inst/BSCANID.u_xsdbm_id/SWITCH_N_EXT_BSCAN.bscanid[7]_i_1/O
                         net (fo=1, routed)           0.044    31.530    dbg_hub/inst/BSCANID.u_xsdbm_id/p_2_in[7]
    SLICE_X48Y210        FDRE                                         r  dbg_hub/inst/BSCANID.u_xsdbm_id/SWITCH_N_EXT_BSCAN.bscanid_reg[7]/D
  -------------------------------------------------------------------    -------------------

                         (clock dbg_hub/inst/BSCANID.u_xsdbm_id/SWITCH_N_EXT_BSCAN.bscan_inst/SERIES7_BSCAN.bscan_inst/INTERNAL_TCK rise edge)
                                                     50.000    50.000 r  
    CONFIG_SITE_X0Y0     BSCANE2                      0.000    50.000 r  dbg_hub/inst/BSCANID.u_xsdbm_id/SWITCH_N_EXT_BSCAN.bscan_inst/SERIES7_BSCAN.bscan_inst/INTERNAL_TCK
    CONFIG_SITE_X0Y0     BSCANE2 (Prop_BSCAN1_CONFIG_SITE_INTERNAL_TCK_TCK)
                                                      0.465    50.465 r  dbg_hub/inst/BSCANID.u_xsdbm_id/SWITCH_N_EXT_BSCAN.bscan_inst/SERIES7_BSCAN.bscan_inst/TCK
                         net (fo=1, routed)           0.603    51.068    dbg_hub/inst/BSCANID.u_xsdbm_id/tck_bs
    BUFGCE_X0Y50         BUFGCE (Prop_BUFCE_BUFGCE_I_O)
                                                      0.017    51.085 r  dbg_hub/inst/BSCANID.u_xsdbm_id/SWITCH_N_EXT_BSCAN.u_bufg_icon_tck/O
    X2Y3 (CLOCK_ROOT)    net (fo=494, routed)         0.841    51.926    dbg_hub/inst/BSCANID.u_xsdbm_id/itck_i
    SLICE_X48Y210        FDRE                                         r  dbg_hub/inst/BSCANID.u_xsdbm_id/SWITCH_N_EXT_BSCAN.bscanid_reg[7]/C
                         clock pessimism              0.000    51.926    
                         clock uncertainty           -0.235    51.691    
    SLICE_X48Y210        FDRE (Setup_EFF_SLICEL_C_D)
                                                      0.023    51.714    dbg_hub/inst/BSCANID.u_xsdbm_id/SWITCH_N_EXT_BSCAN.bscanid_reg[7]
  -------------------------------------------------------------------
                         required time                         51.714    
                         arrival time                         -31.530    
  -------------------------------------------------------------------
                         slack                                 20.184    

Slack (MET) :             20.185ns  (required time - arrival time)
  Source:                 dbg_hub/inst/BSCANID.u_xsdbm_id/SWITCH_N_EXT_BSCAN.bscan_inst/SERIES7_BSCAN.bscan_inst/INTERNAL_TCK
                            (falling edge-triggered cell BSCANE2 clocked by dbg_hub/inst/BSCANID.u_xsdbm_id/SWITCH_N_EXT_BSCAN.bscan_inst/SERIES7_BSCAN.bscan_inst/INTERNAL_TCK  {rise@0.000ns fall@25.000ns period=50.000ns})
  Destination:            dbg_hub/inst/BSCANID.u_xsdbm_id/SWITCH_N_EXT_BSCAN.bscanid_reg[15]/D
                            (rising edge-triggered cell FDRE clocked by dbg_hub/inst/BSCANID.u_xsdbm_id/SWITCH_N_EXT_BSCAN.bscan_inst/SERIES7_BSCAN.bscan_inst/INTERNAL_TCK  {rise@0.000ns fall@25.000ns period=50.000ns})
  Path Group:             dbg_hub/inst/BSCANID.u_xsdbm_id/SWITCH_N_EXT_BSCAN.bscan_inst/SERIES7_BSCAN.bscan_inst/INTERNAL_TCK
  Path Type:              Setup (Max at Fast Process Corner)
  Requirement:            25.000ns  (dbg_hub/inst/BSCANID.u_xsdbm_id/SWITCH_N_EXT_BSCAN.bscan_inst/SERIES7_BSCAN.bscan_inst/INTERNAL_TCK rise@50.000ns - dbg_hub/inst/BSCANID.u_xsdbm_id/SWITCH_N_EXT_BSCAN.bscan_inst/SERIES7_BSCAN.bscan_inst/INTERNAL_TCK fall@25.000ns)
  Data Path Delay:        6.544ns  (logic 5.221ns (79.783%)  route 1.323ns (20.217%))
  Logic Levels:           2  (LUT4=1 LUT5=1)
  Clock Path Skew:        1.941ns (DCD - SCD + CPR)
    Destination Clock Delay (DCD):    1.941ns = ( 51.941 - 50.000 ) 
    Source Clock Delay      (SCD):    0.000ns = ( 25.000 - 25.000 ) 
    Clock Pessimism Removal (CPR):    0.000ns
  Clock Uncertainty:      0.235ns  ((TSJ^2 + TIJ^2)^1/2 + DJ) / 2 + PE + DCD
    Total System Jitter     (TSJ):    0.071ns
    Total Input Jitter      (TIJ):    0.000ns
    Discrete Jitter          (DJ):    0.000ns
    Phase Error              (PE):    0.000ns
    Duty Cycle Distortion   (DCD):    0.200ns
  Clock Net Delay (Destination): 0.856ns (routing 0.393ns, distribution 0.463ns)

    Location             Delay type                Incr(ns)  Path(ns)    Netlist Resource(s)
  -------------------------------------------------------------------    -------------------
                         (clock dbg_hub/inst/BSCANID.u_xsdbm_id/SWITCH_N_EXT_BSCAN.bscan_inst/SERIES7_BSCAN.bscan_inst/INTERNAL_TCK fall edge)
                                                     25.000    25.000 f  
    CONFIG_SITE_X0Y0     BSCANE2                      0.000    25.000 f  dbg_hub/inst/BSCANID.u_xsdbm_id/SWITCH_N_EXT_BSCAN.bscan_inst/SERIES7_BSCAN.bscan_inst/INTERNAL_TCK
  -------------------------------------------------------------------    -------------------
    CONFIG_SITE_X0Y0     BSCANE2 (Prop_BSCAN1_CONFIG_SITE_INTERNAL_TCK_CAPTURE)
                                                      5.100    30.100 r  dbg_hub/inst/BSCANID.u_xsdbm_id/SWITCH_N_EXT_BSCAN.bscan_inst/SERIES7_BSCAN.bscan_inst/CAPTURE
                         net (fo=35, routed)          0.863    30.963    dbg_hub/inst/BSCANID.u_xsdbm_id/SWITCH_N_EXT_BSCAN.bscan_switch/s_bscan_capture
    SLICE_X49Y212        LUT5 (Prop_C6LUT_SLICEL_I1_O)
                                                      0.060    31.023 r  dbg_hub/inst/BSCANID.u_xsdbm_id/SWITCH_N_EXT_BSCAN.bscan_switch/m_bscan_bscanid_en_INST_0/O
                         net (fo=35, routed)          0.413    31.436    dbg_hub/inst/BSCANID.u_xsdbm_id/bscanid_en_int
    SLICE_X49Y209        LUT4 (Prop_H6LUT_SLICEL_I2_O)
                                                      0.061    31.497 r  dbg_hub/inst/BSCANID.u_xsdbm_id/SWITCH_N_EXT_BSCAN.bscanid[15]_i_1/O
                         net (fo=1, routed)           0.047    31.544    dbg_hub/inst/BSCANID.u_xsdbm_id/p_2_in[15]
    SLICE_X49Y209        FDRE                                         r  dbg_hub/inst/BSCANID.u_xsdbm_id/SWITCH_N_EXT_BSCAN.bscanid_reg[15]/D
  -------------------------------------------------------------------    -------------------

                         (clock dbg_hub/inst/BSCANID.u_xsdbm_id/SWITCH_N_EXT_BSCAN.bscan_inst/SERIES7_BSCAN.bscan_inst/INTERNAL_TCK rise edge)
                                                     50.000    50.000 r  
    CONFIG_SITE_X0Y0     BSCANE2                      0.000    50.000 r  dbg_hub/inst/BSCANID.u_xsdbm_id/SWITCH_N_EXT_BSCAN.bscan_inst/SERIES7_BSCAN.bscan_inst/INTERNAL_TCK
    CONFIG_SITE_X0Y0     BSCANE2 (Prop_BSCAN1_CONFIG_SITE_INTERNAL_TCK_TCK)
                                                      0.465    50.465 r  dbg_hub/inst/BSCANID.u_xsdbm_id/SWITCH_N_EXT_BSCAN.bscan_inst/SERIES7_BSCAN.bscan_inst/TCK
                         net (fo=1, routed)           0.603    51.068    dbg_hub/inst/BSCANID.u_xsdbm_id/tck_bs
    BUFGCE_X0Y50         BUFGCE (Prop_BUFCE_BUFGCE_I_O)
                                                      0.017    51.085 r  dbg_hub/inst/BSCANID.u_xsdbm_id/SWITCH_N_EXT_BSCAN.u_bufg_icon_tck/O
    X2Y3 (CLOCK_ROOT)    net (fo=494, routed)         0.856    51.941    dbg_hub/inst/BSCANID.u_xsdbm_id/itck_i
    SLICE_X49Y209        FDRE                                         r  dbg_hub/inst/BSCANID.u_xsdbm_id/SWITCH_N_EXT_BSCAN.bscanid_reg[15]/C
                         clock pessimism              0.000    51.941    
                         clock uncertainty           -0.235    51.706    
    SLICE_X49Y209        FDRE (Setup_HFF_SLICEL_C_D)
                                                      0.023    51.729    dbg_hub/inst/BSCANID.u_xsdbm_id/SWITCH_N_EXT_BSCAN.bscanid_reg[15]
  -------------------------------------------------------------------
                         required time                         51.729    
                         arrival time                         -31.544    
  -------------------------------------------------------------------
                         slack                                 20.185    

Slack (MET) :             20.193ns  (required time - arrival time)
  Source:                 dbg_hub/inst/BSCANID.u_xsdbm_id/SWITCH_N_EXT_BSCAN.bscan_inst/SERIES7_BSCAN.bscan_inst/INTERNAL_TCK
                            (falling edge-triggered cell BSCANE2 clocked by dbg_hub/inst/BSCANID.u_xsdbm_id/SWITCH_N_EXT_BSCAN.bscan_inst/SERIES7_BSCAN.bscan_inst/INTERNAL_TCK  {rise@0.000ns fall@25.000ns period=50.000ns})
  Destination:            dbg_hub/inst/BSCANID.u_xsdbm_id/SWITCH_N_EXT_BSCAN.bscanid_reg[25]/D
                            (rising edge-triggered cell FDRE clocked by dbg_hub/inst/BSCANID.u_xsdbm_id/SWITCH_N_EXT_BSCAN.bscan_inst/SERIES7_BSCAN.bscan_inst/INTERNAL_TCK  {rise@0.000ns fall@25.000ns period=50.000ns})
  Path Group:             dbg_hub/inst/BSCANID.u_xsdbm_id/SWITCH_N_EXT_BSCAN.bscan_inst/SERIES7_BSCAN.bscan_inst/INTERNAL_TCK
  Path Type:              Setup (Max at Fast Process Corner)
  Requirement:            25.000ns  (dbg_hub/inst/BSCANID.u_xsdbm_id/SWITCH_N_EXT_BSCAN.bscan_inst/SERIES7_BSCAN.bscan_inst/INTERNAL_TCK rise@50.000ns - dbg_hub/inst/BSCANID.u_xsdbm_id/SWITCH_N_EXT_BSCAN.bscan_inst/SERIES7_BSCAN.bscan_inst/INTERNAL_TCK fall@25.000ns)
  Data Path Delay:        6.533ns  (logic 5.236ns (80.147%)  route 1.297ns (19.853%))
  Logic Levels:           2  (LUT4=1 LUT5=1)
  Clock Path Skew:        1.938ns (DCD - SCD + CPR)
    Destination Clock Delay (DCD):    1.938ns = ( 51.938 - 50.000 ) 
    Source Clock Delay      (SCD):    0.000ns = ( 25.000 - 25.000 ) 
    Clock Pessimism Removal (CPR):    0.000ns
  Clock Uncertainty:      0.235ns  ((TSJ^2 + TIJ^2)^1/2 + DJ) / 2 + PE + DCD
    Total System Jitter     (TSJ):    0.071ns
    Total Input Jitter      (TIJ):    0.000ns
    Discrete Jitter          (DJ):    0.000ns
    Phase Error              (PE):    0.000ns
    Duty Cycle Distortion   (DCD):    0.200ns
  Clock Net Delay (Destination): 0.853ns (routing 0.393ns, distribution 0.460ns)

    Location             Delay type                Incr(ns)  Path(ns)    Netlist Resource(s)
  -------------------------------------------------------------------    -------------------
                         (clock dbg_hub/inst/BSCANID.u_xsdbm_id/SWITCH_N_EXT_BSCAN.bscan_inst/SERIES7_BSCAN.bscan_inst/INTERNAL_TCK fall edge)
                                                     25.000    25.000 f  
    CONFIG_SITE_X0Y0     BSCANE2                      0.000    25.000 f  dbg_hub/inst/BSCANID.u_xsdbm_id/SWITCH_N_EXT_BSCAN.bscan_inst/SERIES7_BSCAN.bscan_inst/INTERNAL_TCK
  -------------------------------------------------------------------    -------------------
    CONFIG_SITE_X0Y0     BSCANE2 (Prop_BSCAN1_CONFIG_SITE_INTERNAL_TCK_CAPTURE)
                                                      5.100    30.100 r  dbg_hub/inst/BSCANID.u_xsdbm_id/SWITCH_N_EXT_BSCAN.bscan_inst/SERIES7_BSCAN.bscan_inst/CAPTURE
                         net (fo=35, routed)          0.863    30.963    dbg_hub/inst/BSCANID.u_xsdbm_id/SWITCH_N_EXT_BSCAN.bscan_switch/s_bscan_capture
    SLICE_X49Y212        LUT5 (Prop_C6LUT_SLICEL_I1_O)
                                                      0.060    31.023 r  dbg_hub/inst/BSCANID.u_xsdbm_id/SWITCH_N_EXT_BSCAN.bscan_switch/m_bscan_bscanid_en_INST_0/O
                         net (fo=35, routed)          0.388    31.411    dbg_hub/inst/BSCANID.u_xsdbm_id/bscanid_en_int
    SLICE_X49Y210        LUT4 (Prop_G6LUT_SLICEL_I2_O)
                                                      0.076    31.487 r  dbg_hub/inst/BSCANID.u_xsdbm_id/SWITCH_N_EXT_BSCAN.bscanid[25]_i_1/O
                         net (fo=1, routed)           0.046    31.533    dbg_hub/inst/BSCANID.u_xsdbm_id/p_2_in[25]
    SLICE_X49Y210        FDRE                                         r  dbg_hub/inst/BSCANID.u_xsdbm_id/SWITCH_N_EXT_BSCAN.bscanid_reg[25]/D
  -------------------------------------------------------------------    -------------------

                         (clock dbg_hub/inst/BSCANID.u_xsdbm_id/SWITCH_N_EXT_BSCAN.bscan_inst/SERIES7_BSCAN.bscan_inst/INTERNAL_TCK rise edge)
                                                     50.000    50.000 r  
    CONFIG_SITE_X0Y0     BSCANE2                      0.000    50.000 r  dbg_hub/inst/BSCANID.u_xsdbm_id/SWITCH_N_EXT_BSCAN.bscan_inst/SERIES7_BSCAN.bscan_inst/INTERNAL_TCK
    CONFIG_SITE_X0Y0     BSCANE2 (Prop_BSCAN1_CONFIG_SITE_INTERNAL_TCK_TCK)
                                                      0.465    50.465 r  dbg_hub/inst/BSCANID.u_xsdbm_id/SWITCH_N_EXT_BSCAN.bscan_inst/SERIES7_BSCAN.bscan_inst/TCK
                         net (fo=1, routed)           0.603    51.068    dbg_hub/inst/BSCANID.u_xsdbm_id/tck_bs
    BUFGCE_X0Y50         BUFGCE (Prop_BUFCE_BUFGCE_I_O)
                                                      0.017    51.085 r  dbg_hub/inst/BSCANID.u_xsdbm_id/SWITCH_N_EXT_BSCAN.u_bufg_icon_tck/O
    X2Y3 (CLOCK_ROOT)    net (fo=494, routed)         0.853    51.938    dbg_hub/inst/BSCANID.u_xsdbm_id/itck_i
    SLICE_X49Y210        FDRE                                         r  dbg_hub/inst/BSCANID.u_xsdbm_id/SWITCH_N_EXT_BSCAN.bscanid_reg[25]/C
                         clock pessimism              0.000    51.938    
                         clock uncertainty           -0.235    51.703    
    SLICE_X49Y210        FDRE (Setup_GFF_SLICEL_C_D)
                                                      0.023    51.726    dbg_hub/inst/BSCANID.u_xsdbm_id/SWITCH_N_EXT_BSCAN.bscanid_reg[25]
  -------------------------------------------------------------------
                         required time                         51.726    
                         arrival time                         -31.533    
  -------------------------------------------------------------------
                         slack                                 20.193    





Min Delay Paths
--------------------------------------------------------------------------------------
Slack (MET) :             0.017ns  (arrival time - required time)
  Source:                 dbg_hub/inst/BSCANID.u_xsdbm_id/CORE_XSDB.UUT_MASTER/U_ICON_INTERFACE/U_CMD6_WR/U_WR_FIFO/SUBCORE_FIFO.xsdbm_v3_0_0_wrfifo_inst/inst_fifo_gen/gconvfifo.rf/grf.rf/gntv_or_sync_fifo.gl0.wr/wpntr/gic0.gc0.count_reg[0]/C
                            (rising edge-triggered cell FDCE clocked by dbg_hub/inst/BSCANID.u_xsdbm_id/SWITCH_N_EXT_BSCAN.bscan_inst/SERIES7_BSCAN.bscan_inst/INTERNAL_TCK  {rise@0.000ns fall@25.000ns period=50.000ns})
  Destination:            dbg_hub/inst/BSCANID.u_xsdbm_id/CORE_XSDB.UUT_MASTER/U_ICON_INTERFACE/U_CMD6_WR/U_WR_FIFO/SUBCORE_FIFO.xsdbm_v3_0_0_wrfifo_inst/inst_fifo_gen/gconvfifo.rf/grf.rf/gntv_or_sync_fifo.gl0.wr/wpntr/gic0.gc0.count_d1_reg[0]/D
                            (rising edge-triggered cell FDPE clocked by dbg_hub/inst/BSCANID.u_xsdbm_id/SWITCH_N_EXT_BSCAN.bscan_inst/SERIES7_BSCAN.bscan_inst/INTERNAL_TCK  {rise@0.000ns fall@25.000ns period=50.000ns})
  Path Group:             dbg_hub/inst/BSCANID.u_xsdbm_id/SWITCH_N_EXT_BSCAN.bscan_inst/SERIES7_BSCAN.bscan_inst/INTERNAL_TCK
  Path Type:              Hold (Min at Slow Process Corner)
  Requirement:            0.000ns  (dbg_hub/inst/BSCANID.u_xsdbm_id/SWITCH_N_EXT_BSCAN.bscan_inst/SERIES7_BSCAN.bscan_inst/INTERNAL_TCK rise@0.000ns - dbg_hub/inst/BSCANID.u_xsdbm_id/SWITCH_N_EXT_BSCAN.bscan_inst/SERIES7_BSCAN.bscan_inst/INTERNAL_TCK rise@0.000ns)
  Data Path Delay:        0.157ns  (logic 0.060ns (38.217%)  route 0.097ns (61.783%))
  Logic Levels:           0  
  Clock Path Skew:        0.080ns (DCD - SCD - CPR)
    Destination Clock Delay (DCD):    6.989ns
    Source Clock Delay      (SCD):    2.639ns
    Clock Pessimism Removal (CPR):    4.270ns
  Clock Net Delay (Source):      1.342ns (routing 0.651ns, distribution 0.691ns)
  Clock Net Delay (Destination): 1.521ns (routing 0.716ns, distribution 0.805ns)

    Location             Delay type                Incr(ns)  Path(ns)    Netlist Resource(s)
  -------------------------------------------------------------------    -------------------
                         (clock dbg_hub/inst/BSCANID.u_xsdbm_id/SWITCH_N_EXT_BSCAN.bscan_inst/SERIES7_BSCAN.bscan_inst/INTERNAL_TCK rise edge)
                                                      0.000     0.000 r  
    CONFIG_SITE_X0Y0     BSCANE2                      0.000     0.000 r  dbg_hub/inst/BSCANID.u_xsdbm_id/SWITCH_N_EXT_BSCAN.bscan_inst/SERIES7_BSCAN.bscan_inst/INTERNAL_TCK
    CONFIG_SITE_X0Y0     BSCANE2 (Prop_BSCAN1_CONFIG_SITE_INTERNAL_TCK_TCK)
                                                      0.465     0.465 r  dbg_hub/inst/BSCANID.u_xsdbm_id/SWITCH_N_EXT_BSCAN.bscan_inst/SERIES7_BSCAN.bscan_inst/TCK
                         net (fo=1, routed)           0.808     1.273    dbg_hub/inst/BSCANID.u_xsdbm_id/tck_bs
    BUFGCE_X0Y50         BUFGCE (Prop_BUFCE_BUFGCE_I_O)
                                                      0.024     1.297 r  dbg_hub/inst/BSCANID.u_xsdbm_id/SWITCH_N_EXT_BSCAN.u_bufg_icon_tck/O
    X2Y3 (CLOCK_ROOT)    net (fo=494, routed)         1.342     2.639    dbg_hub/inst/BSCANID.u_xsdbm_id/CORE_XSDB.UUT_MASTER/U_ICON_INTERFACE/U_CMD6_WR/U_WR_FIFO/SUBCORE_FIFO.xsdbm_v3_0_0_wrfifo_inst/inst_fifo_gen/gconvfifo.rf/grf.rf/gntv_or_sync_fifo.gl0.wr/wpntr/wr_clk
    SLICE_X42Y234        FDCE                                         r  dbg_hub/inst/BSCANID.u_xsdbm_id/CORE_XSDB.UUT_MASTER/U_ICON_INTERFACE/U_CMD6_WR/U_WR_FIFO/SUBCORE_FIFO.xsdbm_v3_0_0_wrfifo_inst/inst_fifo_gen/gconvfifo.rf/grf.rf/gntv_or_sync_fifo.gl0.wr/wpntr/gic0.gc0.count_reg[0]/C
  -------------------------------------------------------------------    -------------------
    SLICE_X42Y234        FDCE (Prop_GFF2_SLICEL_C_Q)
                                                      0.060     2.699 r  dbg_hub/inst/BSCANID.u_xsdbm_id/CORE_XSDB.UUT_MASTER/U_ICON_INTERFACE/U_CMD6_WR/U_WR_FIFO/SUBCORE_FIFO.xsdbm_v3_0_0_wrfifo_inst/inst_fifo_gen/gconvfifo.rf/grf.rf/gntv_or_sync_fifo.gl0.wr/wpntr/gic0.gc0.count_reg[0]/Q
                         net (fo=6, routed)           0.097     2.796    dbg_hub/inst/BSCANID.u_xsdbm_id/CORE_XSDB.UUT_MASTER/U_ICON_INTERFACE/U_CMD6_WR/U_WR_FIFO/SUBCORE_FIFO.xsdbm_v3_0_0_wrfifo_inst/inst_fifo_gen/gconvfifo.rf/grf.rf/gntv_or_sync_fifo.gl0.wr/wpntr/Q[0]
    SLICE_X43Y234        FDPE                                         r  dbg_hub/inst/BSCANID.u_xsdbm_id/CORE_XSDB.UUT_MASTER/U_ICON_INTERFACE/U_CMD6_WR/U_WR_FIFO/SUBCORE_FIFO.xsdbm_v3_0_0_wrfifo_inst/inst_fifo_gen/gconvfifo.rf/grf.rf/gntv_or_sync_fifo.gl0.wr/wpntr/gic0.gc0.count_d1_reg[0]/D
  -------------------------------------------------------------------    -------------------

                         (clock dbg_hub/inst/BSCANID.u_xsdbm_id/SWITCH_N_EXT_BSCAN.bscan_inst/SERIES7_BSCAN.bscan_inst/INTERNAL_TCK rise edge)
                                                      0.000     0.000 r  
    CONFIG_SITE_X0Y0     BSCANE2                      0.000     0.000 r  dbg_hub/inst/BSCANID.u_xsdbm_id/SWITCH_N_EXT_BSCAN.bscan_inst/SERIES7_BSCAN.bscan_inst/INTERNAL_TCK
    CONFIG_SITE_X0Y0     BSCANE2 (Prop_BSCAN1_CONFIG_SITE_INTERNAL_TCK_TCK)
                                                      4.300     4.300 r  dbg_hub/inst/BSCANID.u_xsdbm_id/SWITCH_N_EXT_BSCAN.bscan_inst/SERIES7_BSCAN.bscan_inst/TCK
                         net (fo=1, routed)           1.140     5.440    dbg_hub/inst/BSCANID.u_xsdbm_id/tck_bs
    BUFGCE_X0Y50         BUFGCE (Prop_BUFCE_BUFGCE_I_O)
                                                      0.028     5.468 r  dbg_hub/inst/BSCANID.u_xsdbm_id/SWITCH_N_EXT_BSCAN.u_bufg_icon_tck/O
    X2Y3 (CLOCK_ROOT)    net (fo=494, routed)         1.521     6.989    dbg_hub/inst/BSCANID.u_xsdbm_id/CORE_XSDB.UUT_MASTER/U_ICON_INTERFACE/U_CMD6_WR/U_WR_FIFO/SUBCORE_FIFO.xsdbm_v3_0_0_wrfifo_inst/inst_fifo_gen/gconvfifo.rf/grf.rf/gntv_or_sync_fifo.gl0.wr/wpntr/wr_clk
    SLICE_X43Y234        FDPE                                         r  dbg_hub/inst/BSCANID.u_xsdbm_id/CORE_XSDB.UUT_MASTER/U_ICON_INTERFACE/U_CMD6_WR/U_WR_FIFO/SUBCORE_FIFO.xsdbm_v3_0_0_wrfifo_inst/inst_fifo_gen/gconvfifo.rf/grf.rf/gntv_or_sync_fifo.gl0.wr/wpntr/gic0.gc0.count_d1_reg[0]/C
                         clock pessimism             -4.270     2.719    
    SLICE_X43Y234        FDPE (Hold_EFF_SLICEM_C_D)
                                                      0.060     2.779    dbg_hub/inst/BSCANID.u_xsdbm_id/CORE_XSDB.UUT_MASTER/U_ICON_INTERFACE/U_CMD6_WR/U_WR_FIFO/SUBCORE_FIFO.xsdbm_v3_0_0_wrfifo_inst/inst_fifo_gen/gconvfifo.rf/grf.rf/gntv_or_sync_fifo.gl0.wr/wpntr/gic0.gc0.count_d1_reg[0]
  -------------------------------------------------------------------
                         required time                         -2.779    
                         arrival time                           2.796    
  -------------------------------------------------------------------
                         slack                                  0.017    

Slack (MET) :             0.027ns  (arrival time - required time)
  Source:                 dbg_hub/inst/BSCANID.u_xsdbm_id/CORE_XSDB.UUT_MASTER/U_ICON_INTERFACE/U_CMD5/icn_cmd_din_temp_reg/C
                            (rising edge-triggered cell FDRE clocked by dbg_hub/inst/BSCANID.u_xsdbm_id/SWITCH_N_EXT_BSCAN.bscan_inst/SERIES7_BSCAN.bscan_inst/INTERNAL_TCK  {rise@0.000ns fall@25.000ns period=50.000ns})
  Destination:            dbg_hub/inst/BSCANID.u_xsdbm_id/CORE_XSDB.UUT_MASTER/U_ICON_INTERFACE/U_CMD5/shift_reg_in_reg[17]/D
                            (rising edge-triggered cell FDRE clocked by dbg_hub/inst/BSCANID.u_xsdbm_id/SWITCH_N_EXT_BSCAN.bscan_inst/SERIES7_BSCAN.bscan_inst/INTERNAL_TCK  {rise@0.000ns fall@25.000ns period=50.000ns})
  Path Group:             dbg_hub/inst/BSCANID.u_xsdbm_id/SWITCH_N_EXT_BSCAN.bscan_inst/SERIES7_BSCAN.bscan_inst/INTERNAL_TCK
  Path Type:              Hold (Min at Slow Process Corner)
  Requirement:            0.000ns  (dbg_hub/inst/BSCANID.u_xsdbm_id/SWITCH_N_EXT_BSCAN.bscan_inst/SERIES7_BSCAN.bscan_inst/INTERNAL_TCK rise@0.000ns - dbg_hub/inst/BSCANID.u_xsdbm_id/SWITCH_N_EXT_BSCAN.bscan_inst/SERIES7_BSCAN.bscan_inst/INTERNAL_TCK rise@0.000ns)
  Data Path Delay:        0.132ns  (logic 0.058ns (43.939%)  route 0.074ns (56.061%))
  Logic Levels:           0  
  Clock Path Skew:        0.043ns (DCD - SCD - CPR)
    Destination Clock Delay (DCD):    7.008ns
    Source Clock Delay      (SCD):    2.644ns
    Clock Pessimism Removal (CPR):    4.321ns
  Clock Net Delay (Source):      1.347ns (routing 0.651ns, distribution 0.696ns)
  Clock Net Delay (Destination): 1.540ns (routing 0.716ns, distribution 0.824ns)

    Location             Delay type                Incr(ns)  Path(ns)    Netlist Resource(s)
  -------------------------------------------------------------------    -------------------
                         (clock dbg_hub/inst/BSCANID.u_xsdbm_id/SWITCH_N_EXT_BSCAN.bscan_inst/SERIES7_BSCAN.bscan_inst/INTERNAL_TCK rise edge)
                                                      0.000     0.000 r  
    CONFIG_SITE_X0Y0     BSCANE2                      0.000     0.000 r  dbg_hub/inst/BSCANID.u_xsdbm_id/SWITCH_N_EXT_BSCAN.bscan_inst/SERIES7_BSCAN.bscan_inst/INTERNAL_TCK
    CONFIG_SITE_X0Y0     BSCANE2 (Prop_BSCAN1_CONFIG_SITE_INTERNAL_TCK_TCK)
                                                      0.465     0.465 r  dbg_hub/inst/BSCANID.u_xsdbm_id/SWITCH_N_EXT_BSCAN.bscan_inst/SERIES7_BSCAN.bscan_inst/TCK
                         net (fo=1, routed)           0.808     1.273    dbg_hub/inst/BSCANID.u_xsdbm_id/tck_bs
    BUFGCE_X0Y50         BUFGCE (Prop_BUFCE_BUFGCE_I_O)
                                                      0.024     1.297 r  dbg_hub/inst/BSCANID.u_xsdbm_id/SWITCH_N_EXT_BSCAN.u_bufg_icon_tck/O
    X2Y3 (CLOCK_ROOT)    net (fo=494, routed)         1.347     2.644    dbg_hub/inst/BSCANID.u_xsdbm_id/CORE_XSDB.UUT_MASTER/U_ICON_INTERFACE/U_CMD5/m_bscan_tck[0]
    SLICE_X48Y222        FDRE                                         r  dbg_hub/inst/BSCANID.u_xsdbm_id/CORE_XSDB.UUT_MASTER/U_ICON_INTERFACE/U_CMD5/icn_cmd_din_temp_reg/C
  -------------------------------------------------------------------    -------------------
    SLICE_X48Y222        FDRE (Prop_CFF_SLICEL_C_Q)
                                                      0.058     2.702 r  dbg_hub/inst/BSCANID.u_xsdbm_id/CORE_XSDB.UUT_MASTER/U_ICON_INTERFACE/U_CMD5/icn_cmd_din_temp_reg/Q
                         net (fo=1, routed)           0.074     2.776    dbg_hub/inst/BSCANID.u_xsdbm_id/CORE_XSDB.UUT_MASTER/U_ICON_INTERFACE/U_CMD5/icn_cmd_din_temp
    SLICE_X48Y223        FDRE                                         r  dbg_hub/inst/BSCANID.u_xsdbm_id/CORE_XSDB.UUT_MASTER/U_ICON_INTERFACE/U_CMD5/shift_reg_in_reg[17]/D
  -------------------------------------------------------------------    -------------------

                         (clock dbg_hub/inst/BSCANID.u_xsdbm_id/SWITCH_N_EXT_BSCAN.bscan_inst/SERIES7_BSCAN.bscan_inst/INTERNAL_TCK rise edge)
                                                      0.000     0.000 r  
    CONFIG_SITE_X0Y0     BSCANE2                      0.000     0.000 r  dbg_hub/inst/BSCANID.u_xsdbm_id/SWITCH_N_EXT_BSCAN.bscan_inst/SERIES7_BSCAN.bscan_inst/INTERNAL_TCK
    CONFIG_SITE_X0Y0     BSCANE2 (Prop_BSCAN1_CONFIG_SITE_INTERNAL_TCK_TCK)
                                                      4.300     4.300 r  dbg_hub/inst/BSCANID.u_xsdbm_id/SWITCH_N_EXT_BSCAN.bscan_inst/SERIES7_BSCAN.bscan_inst/TCK
                         net (fo=1, routed)           1.140     5.440    dbg_hub/inst/BSCANID.u_xsdbm_id/tck_bs
    BUFGCE_X0Y50         BUFGCE (Prop_BUFCE_BUFGCE_I_O)
                                                      0.028     5.468 r  dbg_hub/inst/BSCANID.u_xsdbm_id/SWITCH_N_EXT_BSCAN.u_bufg_icon_tck/O
    X2Y3 (CLOCK_ROOT)    net (fo=494, routed)         1.540     7.008    dbg_hub/inst/BSCANID.u_xsdbm_id/CORE_XSDB.UUT_MASTER/U_ICON_INTERFACE/U_CMD5/m_bscan_tck[0]
    SLICE_X48Y223        FDRE                                         r  dbg_hub/inst/BSCANID.u_xsdbm_id/CORE_XSDB.UUT_MASTER/U_ICON_INTERFACE/U_CMD5/shift_reg_in_reg[17]/C
                         clock pessimism             -4.321     2.687    
    SLICE_X48Y223        FDRE (Hold_HFF2_SLICEL_C_D)
                                                      0.062     2.749    dbg_hub/inst/BSCANID.u_xsdbm_id/CORE_XSDB.UUT_MASTER/U_ICON_INTERFACE/U_CMD5/shift_reg_in_reg[17]
  -------------------------------------------------------------------
                         required time                         -2.749    
                         arrival time                           2.776    
  -------------------------------------------------------------------
                         slack                                  0.027    

Slack (MET) :             0.029ns  (arrival time - required time)
  Source:                 dbg_hub/inst/BSCANID.u_xsdbm_id/SWITCH_N_EXT_BSCAN.bscan_switch/shiftreg_reg[20]/C
                            (rising edge-triggered cell FDRE clocked by dbg_hub/inst/BSCANID.u_xsdbm_id/SWITCH_N_EXT_BSCAN.bscan_inst/SERIES7_BSCAN.bscan_inst/INTERNAL_TCK  {rise@0.000ns fall@25.000ns period=50.000ns})
  Destination:            dbg_hub/inst/BSCANID.u_xsdbm_id/SWITCH_N_EXT_BSCAN.bscan_switch/shiftreg_reg[19]/D
                            (rising edge-triggered cell FDRE clocked by dbg_hub/inst/BSCANID.u_xsdbm_id/SWITCH_N_EXT_BSCAN.bscan_inst/SERIES7_BSCAN.bscan_inst/INTERNAL_TCK  {rise@0.000ns fall@25.000ns period=50.000ns})
  Path Group:             dbg_hub/inst/BSCANID.u_xsdbm_id/SWITCH_N_EXT_BSCAN.bscan_inst/SERIES7_BSCAN.bscan_inst/INTERNAL_TCK
  Path Type:              Hold (Min at Fast Process Corner)
  Requirement:            0.000ns  (dbg_hub/inst/BSCANID.u_xsdbm_id/SWITCH_N_EXT_BSCAN.bscan_inst/SERIES7_BSCAN.bscan_inst/INTERNAL_TCK rise@0.000ns - dbg_hub/inst/BSCANID.u_xsdbm_id/SWITCH_N_EXT_BSCAN.bscan_inst/SERIES7_BSCAN.bscan_inst/INTERNAL_TCK rise@0.000ns)
  Data Path Delay:        0.125ns  (logic 0.053ns (42.400%)  route 0.072ns (57.600%))
  Logic Levels:           1  (LUT5=1)
  Clock Path Skew:        0.050ns (DCD - SCD - CPR)
    Destination Clock Delay (DCD):    6.089ns
    Source Clock Delay      (SCD):    1.939ns
    Clock Pessimism Removal (CPR):    4.100ns
  Clock Net Delay (Source):      0.854ns (routing 0.393ns, distribution 0.461ns)
  Clock Net Delay (Destination): 0.970ns (routing 0.437ns, distribution 0.533ns)

    Location             Delay type                Incr(ns)  Path(ns)    Netlist Resource(s)
  -------------------------------------------------------------------    -------------------
                         (clock dbg_hub/inst/BSCANID.u_xsdbm_id/SWITCH_N_EXT_BSCAN.bscan_inst/SERIES7_BSCAN.bscan_inst/INTERNAL_TCK rise edge)
                                                      0.000     0.000 r  
    CONFIG_SITE_X0Y0     BSCANE2                      0.000     0.000 r  dbg_hub/inst/BSCANID.u_xsdbm_id/SWITCH_N_EXT_BSCAN.bscan_inst/SERIES7_BSCAN.bscan_inst/INTERNAL_TCK
    CONFIG_SITE_X0Y0     BSCANE2 (Prop_BSCAN1_CONFIG_SITE_INTERNAL_TCK_TCK)
                                                      0.465     0.465 r  dbg_hub/inst/BSCANID.u_xsdbm_id/SWITCH_N_EXT_BSCAN.bscan_inst/SERIES7_BSCAN.bscan_inst/TCK
                         net (fo=1, routed)           0.603     1.068    dbg_hub/inst/BSCANID.u_xsdbm_id/tck_bs
    BUFGCE_X0Y50         BUFGCE (Prop_BUFCE_BUFGCE_I_O)
                                                      0.017     1.085 r  dbg_hub/inst/BSCANID.u_xsdbm_id/SWITCH_N_EXT_BSCAN.u_bufg_icon_tck/O
    X2Y3 (CLOCK_ROOT)    net (fo=494, routed)         0.854     1.939    dbg_hub/inst/BSCANID.u_xsdbm_id/SWITCH_N_EXT_BSCAN.bscan_switch/s_bscan_tck
    SLICE_X49Y216        FDRE                                         r  dbg_hub/inst/BSCANID.u_xsdbm_id/SWITCH_N_EXT_BSCAN.bscan_switch/shiftreg_reg[20]/C
  -------------------------------------------------------------------    -------------------
    SLICE_X49Y216        FDRE (Prop_DFF_SLICEL_C_Q)
                                                      0.039     1.978 r  dbg_hub/inst/BSCANID.u_xsdbm_id/SWITCH_N_EXT_BSCAN.bscan_switch/shiftreg_reg[20]/Q
                         net (fo=3, routed)           0.055     2.033    dbg_hub/inst/BSCANID.u_xsdbm_id/SWITCH_N_EXT_BSCAN.bscan_switch/shiftreg[20]
    SLICE_X51Y216        LUT5 (Prop_C6LUT_SLICEL_I2_O)
                                                      0.014     2.047 r  dbg_hub/inst/BSCANID.u_xsdbm_id/SWITCH_N_EXT_BSCAN.bscan_switch/shiftreg[19]_i_1/O
                         net (fo=1, routed)           0.017     2.064    dbg_hub/inst/BSCANID.u_xsdbm_id/SWITCH_N_EXT_BSCAN.bscan_switch/shiftreg[19]_i_1_n_0
    SLICE_X51Y216        FDRE                                         r  dbg_hub/inst/BSCANID.u_xsdbm_id/SWITCH_N_EXT_BSCAN.bscan_switch/shiftreg_reg[19]/D
  -------------------------------------------------------------------    -------------------

                         (clock dbg_hub/inst/BSCANID.u_xsdbm_id/SWITCH_N_EXT_BSCAN.bscan_inst/SERIES7_BSCAN.bscan_inst/INTERNAL_TCK rise edge)
                                                      0.000     0.000 r  
    CONFIG_SITE_X0Y0     BSCANE2                      0.000     0.000 r  dbg_hub/inst/BSCANID.u_xsdbm_id/SWITCH_N_EXT_BSCAN.bscan_inst/SERIES7_BSCAN.bscan_inst/INTERNAL_TCK
    CONFIG_SITE_X0Y0     BSCANE2 (Prop_BSCAN1_CONFIG_SITE_INTERNAL_TCK_TCK)
                                                      4.300     4.300 r  dbg_hub/inst/BSCANID.u_xsdbm_id/SWITCH_N_EXT_BSCAN.bscan_inst/SERIES7_BSCAN.bscan_inst/TCK
                         net (fo=1, routed)           0.800     5.100    dbg_hub/inst/BSCANID.u_xsdbm_id/tck_bs
    BUFGCE_X0Y50         BUFGCE (Prop_BUFCE_BUFGCE_I_O)
                                                      0.019     5.119 r  dbg_hub/inst/BSCANID.u_xsdbm_id/SWITCH_N_EXT_BSCAN.u_bufg_icon_tck/O
    X2Y3 (CLOCK_ROOT)    net (fo=494, routed)         0.970     6.089    dbg_hub/inst/BSCANID.u_xsdbm_id/SWITCH_N_EXT_BSCAN.bscan_switch/s_bscan_tck
    SLICE_X51Y216        FDRE                                         r  dbg_hub/inst/BSCANID.u_xsdbm_id/SWITCH_N_EXT_BSCAN.bscan_switch/shiftreg_reg[19]/C
                         clock pessimism             -4.100     1.989    
    SLICE_X51Y216        FDRE (Hold_CFF_SLICEL_C_D)
                                                      0.046     2.035    dbg_hub/inst/BSCANID.u_xsdbm_id/SWITCH_N_EXT_BSCAN.bscan_switch/shiftreg_reg[19]
  -------------------------------------------------------------------
                         required time                         -2.035    
                         arrival time                           2.064    
  -------------------------------------------------------------------
                         slack                                  0.029    

Slack (MET) :             0.035ns  (arrival time - required time)
  Source:                 dbg_hub/inst/BSCANID.u_xsdbm_id/CORE_XSDB.UUT_MASTER/U_ICON_INTERFACE/U_CMD5/shift_reg_in_reg[8]/C
                            (rising edge-triggered cell FDRE clocked by dbg_hub/inst/BSCANID.u_xsdbm_id/SWITCH_N_EXT_BSCAN.bscan_inst/SERIES7_BSCAN.bscan_inst/INTERNAL_TCK  {rise@0.000ns fall@25.000ns period=50.000ns})
  Destination:            dbg_hub/inst/BSCANID.u_xsdbm_id/CORE_XSDB.UUT_MASTER/U_ICON_INTERFACE/U_CMD5/shift_reg_in_reg[7]/D
                            (rising edge-triggered cell FDRE clocked by dbg_hub/inst/BSCANID.u_xsdbm_id/SWITCH_N_EXT_BSCAN.bscan_inst/SERIES7_BSCAN.bscan_inst/INTERNAL_TCK  {rise@0.000ns fall@25.000ns period=50.000ns})
  Path Group:             dbg_hub/inst/BSCANID.u_xsdbm_id/SWITCH_N_EXT_BSCAN.bscan_inst/SERIES7_BSCAN.bscan_inst/INTERNAL_TCK
  Path Type:              Hold (Min at Fast Process Corner)
  Requirement:            0.000ns  (dbg_hub/inst/BSCANID.u_xsdbm_id/SWITCH_N_EXT_BSCAN.bscan_inst/SERIES7_BSCAN.bscan_inst/INTERNAL_TCK rise@0.000ns - dbg_hub/inst/BSCANID.u_xsdbm_id/SWITCH_N_EXT_BSCAN.bscan_inst/SERIES7_BSCAN.bscan_inst/INTERNAL_TCK rise@0.000ns)
  Data Path Delay:        0.087ns  (logic 0.039ns (44.828%)  route 0.048ns (55.172%))
  Logic Levels:           0  
  Clock Path Skew:        0.006ns (DCD - SCD - CPR)
    Destination Clock Delay (DCD):    6.083ns
    Source Clock Delay      (SCD):    1.934ns
    Clock Pessimism Removal (CPR):    4.143ns
  Clock Net Delay (Source):      0.849ns (routing 0.393ns, distribution 0.456ns)
  Clock Net Delay (Destination): 0.964ns (routing 0.437ns, distribution 0.527ns)

    Location             Delay type                Incr(ns)  Path(ns)    Netlist Resource(s)
  -------------------------------------------------------------------    -------------------
                         (clock dbg_hub/inst/BSCANID.u_xsdbm_id/SWITCH_N_EXT_BSCAN.bscan_inst/SERIES7_BSCAN.bscan_inst/INTERNAL_TCK rise edge)
                                                      0.000     0.000 r  
    CONFIG_SITE_X0Y0     BSCANE2                      0.000     0.000 r  dbg_hub/inst/BSCANID.u_xsdbm_id/SWITCH_N_EXT_BSCAN.bscan_inst/SERIES7_BSCAN.bscan_inst/INTERNAL_TCK
    CONFIG_SITE_X0Y0     BSCANE2 (Prop_BSCAN1_CONFIG_SITE_INTERNAL_TCK_TCK)
                                                      0.465     0.465 r  dbg_hub/inst/BSCANID.u_xsdbm_id/SWITCH_N_EXT_BSCAN.bscan_inst/SERIES7_BSCAN.bscan_inst/TCK
                         net (fo=1, routed)           0.603     1.068    dbg_hub/inst/BSCANID.u_xsdbm_id/tck_bs
    BUFGCE_X0Y50         BUFGCE (Prop_BUFCE_BUFGCE_I_O)
                                                      0.017     1.085 r  dbg_hub/inst/BSCANID.u_xsdbm_id/SWITCH_N_EXT_BSCAN.u_bufg_icon_tck/O
    X2Y3 (CLOCK_ROOT)    net (fo=494, routed)         0.849     1.934    dbg_hub/inst/BSCANID.u_xsdbm_id/CORE_XSDB.UUT_MASTER/U_ICON_INTERFACE/U_CMD5/m_bscan_tck[0]
    SLICE_X48Y223        FDRE                                         r  dbg_hub/inst/BSCANID.u_xsdbm_id/CORE_XSDB.UUT_MASTER/U_ICON_INTERFACE/U_CMD5/shift_reg_in_reg[8]/C
  -------------------------------------------------------------------    -------------------
    SLICE_X48Y223        FDRE (Prop_GFF_SLICEL_C_Q)
                                                      0.039     1.973 r  dbg_hub/inst/BSCANID.u_xsdbm_id/CORE_XSDB.UUT_MASTER/U_ICON_INTERFACE/U_CMD5/shift_reg_in_reg[8]/Q
                         net (fo=2, routed)           0.048     2.021    dbg_hub/inst/BSCANID.u_xsdbm_id/CORE_XSDB.UUT_MASTER/U_ICON_INTERFACE/U_CMD5/shift_reg_in[8]
    SLICE_X48Y223        FDRE                                         r  dbg_hub/inst/BSCANID.u_xsdbm_id/CORE_XSDB.UUT_MASTER/U_ICON_INTERFACE/U_CMD5/shift_reg_in_reg[7]/D
  -------------------------------------------------------------------    -------------------

                         (clock dbg_hub/inst/BSCANID.u_xsdbm_id/SWITCH_N_EXT_BSCAN.bscan_inst/SERIES7_BSCAN.bscan_inst/INTERNAL_TCK rise edge)
                                                      0.000     0.000 r  
    CONFIG_SITE_X0Y0     BSCANE2                      0.000     0.000 r  dbg_hub/inst/BSCANID.u_xsdbm_id/SWITCH_N_EXT_BSCAN.bscan_inst/SERIES7_BSCAN.bscan_inst/INTERNAL_TCK
    CONFIG_SITE_X0Y0     BSCANE2 (Prop_BSCAN1_CONFIG_SITE_INTERNAL_TCK_TCK)
                                                      4.300     4.300 r  dbg_hub/inst/BSCANID.u_xsdbm_id/SWITCH_N_EXT_BSCAN.bscan_inst/SERIES7_BSCAN.bscan_inst/TCK
                         net (fo=1, routed)           0.800     5.100    dbg_hub/inst/BSCANID.u_xsdbm_id/tck_bs
    BUFGCE_X0Y50         BUFGCE (Prop_BUFCE_BUFGCE_I_O)
                                                      0.019     5.119 r  dbg_hub/inst/BSCANID.u_xsdbm_id/SWITCH_N_EXT_BSCAN.u_bufg_icon_tck/O
    X2Y3 (CLOCK_ROOT)    net (fo=494, routed)         0.964     6.083    dbg_hub/inst/BSCANID.u_xsdbm_id/CORE_XSDB.UUT_MASTER/U_ICON_INTERFACE/U_CMD5/m_bscan_tck[0]
    SLICE_X48Y223        FDRE                                         r  dbg_hub/inst/BSCANID.u_xsdbm_id/CORE_XSDB.UUT_MASTER/U_ICON_INTERFACE/U_CMD5/shift_reg_in_reg[7]/C
                         clock pessimism             -4.143     1.940    
    SLICE_X48Y223        FDRE (Hold_FFF_SLICEL_C_D)
                                                      0.046     1.986    dbg_hub/inst/BSCANID.u_xsdbm_id/CORE_XSDB.UUT_MASTER/U_ICON_INTERFACE/U_CMD5/shift_reg_in_reg[7]
  -------------------------------------------------------------------
                         required time                         -1.986    
                         arrival time                           2.021    
  -------------------------------------------------------------------
                         slack                                  0.035    

Slack (MET) :             0.037ns  (arrival time - required time)
  Source:                 dbg_hub/inst/BSCANID.u_xsdbm_id/SWITCH_N_EXT_BSCAN.bscan_switch/portno_temp_reg[3]/C
                            (rising edge-triggered cell FDRE clocked by dbg_hub/inst/BSCANID.u_xsdbm_id/SWITCH_N_EXT_BSCAN.bscan_inst/SERIES7_BSCAN.bscan_inst/INTERNAL_TCK  {rise@0.000ns fall@25.000ns period=50.000ns})
  Destination:            dbg_hub/inst/BSCANID.u_xsdbm_id/SWITCH_N_EXT_BSCAN.bscan_switch/portno_reg[3]/D
                            (rising edge-triggered cell FDRE clocked by dbg_hub/inst/BSCANID.u_xsdbm_id/SWITCH_N_EXT_BSCAN.bscan_inst/SERIES7_BSCAN.bscan_inst/INTERNAL_TCK  {rise@0.000ns fall@25.000ns period=50.000ns})
  Path Group:             dbg_hub/inst/BSCANID.u_xsdbm_id/SWITCH_N_EXT_BSCAN.bscan_inst/SERIES7_BSCAN.bscan_inst/INTERNAL_TCK
  Path Type:              Hold (Min at Fast Process Corner)
  Requirement:            0.000ns  (dbg_hub/inst/BSCANID.u_xsdbm_id/SWITCH_N_EXT_BSCAN.bscan_inst/SERIES7_BSCAN.bscan_inst/INTERNAL_TCK rise@0.000ns - dbg_hub/inst/BSCANID.u_xsdbm_id/SWITCH_N_EXT_BSCAN.bscan_inst/SERIES7_BSCAN.bscan_inst/INTERNAL_TCK rise@0.000ns)
  Data Path Delay:        0.099ns  (logic 0.039ns (39.394%)  route 0.060ns (60.606%))
  Logic Levels:           0  
  Clock Path Skew:        0.015ns (DCD - SCD - CPR)
    Destination Clock Delay (DCD):    6.077ns
    Source Clock Delay      (SCD):    1.925ns
    Clock Pessimism Removal (CPR):    4.137ns
  Clock Net Delay (Source):      0.840ns (routing 0.393ns, distribution 0.447ns)
  Clock Net Delay (Destination): 0.958ns (routing 0.437ns, distribution 0.521ns)

    Location             Delay type                Incr(ns)  Path(ns)    Netlist Resource(s)
  -------------------------------------------------------------------    -------------------
                         (clock dbg_hub/inst/BSCANID.u_xsdbm_id/SWITCH_N_EXT_BSCAN.bscan_inst/SERIES7_BSCAN.bscan_inst/INTERNAL_TCK rise edge)
                                                      0.000     0.000 r  
    CONFIG_SITE_X0Y0     BSCANE2                      0.000     0.000 r  dbg_hub/inst/BSCANID.u_xsdbm_id/SWITCH_N_EXT_BSCAN.bscan_inst/SERIES7_BSCAN.bscan_inst/INTERNAL_TCK
    CONFIG_SITE_X0Y0     BSCANE2 (Prop_BSCAN1_CONFIG_SITE_INTERNAL_TCK_TCK)
                                                      0.465     0.465 r  dbg_hub/inst/BSCANID.u_xsdbm_id/SWITCH_N_EXT_BSCAN.bscan_inst/SERIES7_BSCAN.bscan_inst/TCK
                         net (fo=1, routed)           0.603     1.068    dbg_hub/inst/BSCANID.u_xsdbm_id/tck_bs
    BUFGCE_X0Y50         BUFGCE (Prop_BUFCE_BUFGCE_I_O)
                                                      0.017     1.085 r  dbg_hub/inst/BSCANID.u_xsdbm_id/SWITCH_N_EXT_BSCAN.u_bufg_icon_tck/O
    X2Y3 (CLOCK_ROOT)    net (fo=494, routed)         0.840     1.925    dbg_hub/inst/BSCANID.u_xsdbm_id/SWITCH_N_EXT_BSCAN.bscan_switch/s_bscan_tck
    SLICE_X48Y213        FDRE                                         r  dbg_hub/inst/BSCANID.u_xsdbm_id/SWITCH_N_EXT_BSCAN.bscan_switch/portno_temp_reg[3]/C
  -------------------------------------------------------------------    -------------------
    SLICE_X48Y213        FDRE (Prop_CFF_SLICEL_C_Q)
                                                      0.039     1.964 r  dbg_hub/inst/BSCANID.u_xsdbm_id/SWITCH_N_EXT_BSCAN.bscan_switch/portno_temp_reg[3]/Q
                         net (fo=2, routed)           0.060     2.024    dbg_hub/inst/BSCANID.u_xsdbm_id/SWITCH_N_EXT_BSCAN.bscan_switch/portno_temp[3]
    SLICE_X48Y213        FDRE                                         r  dbg_hub/inst/BSCANID.u_xsdbm_id/SWITCH_N_EXT_BSCAN.bscan_switch/portno_reg[3]/D
  -------------------------------------------------------------------    -------------------

                         (clock dbg_hub/inst/BSCANID.u_xsdbm_id/SWITCH_N_EXT_BSCAN.bscan_inst/SERIES7_BSCAN.bscan_inst/INTERNAL_TCK rise edge)
                                                      0.000     0.000 r  
    CONFIG_SITE_X0Y0     BSCANE2                      0.000     0.000 r  dbg_hub/inst/BSCANID.u_xsdbm_id/SWITCH_N_EXT_BSCAN.bscan_inst/SERIES7_BSCAN.bscan_inst/INTERNAL_TCK
    CONFIG_SITE_X0Y0     BSCANE2 (Prop_BSCAN1_CONFIG_SITE_INTERNAL_TCK_TCK)
                                                      4.300     4.300 r  dbg_hub/inst/BSCANID.u_xsdbm_id/SWITCH_N_EXT_BSCAN.bscan_inst/SERIES7_BSCAN.bscan_inst/TCK
                         net (fo=1, routed)           0.800     5.100    dbg_hub/inst/BSCANID.u_xsdbm_id/tck_bs
    BUFGCE_X0Y50         BUFGCE (Prop_BUFCE_BUFGCE_I_O)
                                                      0.019     5.119 r  dbg_hub/inst/BSCANID.u_xsdbm_id/SWITCH_N_EXT_BSCAN.u_bufg_icon_tck/O
    X2Y3 (CLOCK_ROOT)    net (fo=494, routed)         0.958     6.077    dbg_hub/inst/BSCANID.u_xsdbm_id/SWITCH_N_EXT_BSCAN.bscan_switch/s_bscan_tck
    SLICE_X48Y213        FDRE                                         r  dbg_hub/inst/BSCANID.u_xsdbm_id/SWITCH_N_EXT_BSCAN.bscan_switch/portno_reg[3]/C
                         clock pessimism             -4.137     1.940    
    SLICE_X48Y213        FDRE (Hold_FFF2_SLICEL_C_D)
                                                      0.047     1.987    dbg_hub/inst/BSCANID.u_xsdbm_id/SWITCH_N_EXT_BSCAN.bscan_switch/portno_reg[3]
  -------------------------------------------------------------------
                         required time                         -1.987    
                         arrival time                           2.024    
  -------------------------------------------------------------------
                         slack                                  0.037    

Slack (MET) :             0.040ns  (arrival time - required time)
  Source:                 dbg_hub/inst/BSCANID.u_xsdbm_id/CORE_XSDB.UUT_MASTER/U_ICON_INTERFACE/U_CMD5/shift_reg_in_reg[2]/C
                            (rising edge-triggered cell FDRE clocked by dbg_hub/inst/BSCANID.u_xsdbm_id/SWITCH_N_EXT_BSCAN.bscan_inst/SERIES7_BSCAN.bscan_inst/INTERNAL_TCK  {rise@0.000ns fall@25.000ns period=50.000ns})
  Destination:            dbg_hub/inst/BSCANID.u_xsdbm_id/CORE_XSDB.UUT_MASTER/U_ICON_INTERFACE/U_CMD5/shift_reg_in_reg[1]/D
                            (rising edge-triggered cell FDRE clocked by dbg_hub/inst/BSCANID.u_xsdbm_id/SWITCH_N_EXT_BSCAN.bscan_inst/SERIES7_BSCAN.bscan_inst/INTERNAL_TCK  {rise@0.000ns fall@25.000ns period=50.000ns})
  Path Group:             dbg_hub/inst/BSCANID.u_xsdbm_id/SWITCH_N_EXT_BSCAN.bscan_inst/SERIES7_BSCAN.bscan_inst/INTERNAL_TCK
  Path Type:              Hold (Min at Fast Process Corner)
  Requirement:            0.000ns  (dbg_hub/inst/BSCANID.u_xsdbm_id/SWITCH_N_EXT_BSCAN.bscan_inst/SERIES7_BSCAN.bscan_inst/INTERNAL_TCK rise@0.000ns - dbg_hub/inst/BSCANID.u_xsdbm_id/SWITCH_N_EXT_BSCAN.bscan_inst/SERIES7_BSCAN.bscan_inst/INTERNAL_TCK rise@0.000ns)
  Data Path Delay:        0.101ns  (logic 0.039ns (38.614%)  route 0.062ns (61.386%))
  Logic Levels:           0  
  Clock Path Skew:        0.014ns (DCD - SCD - CPR)
    Destination Clock Delay (DCD):    6.076ns
    Source Clock Delay      (SCD):    1.931ns
    Clock Pessimism Removal (CPR):    4.131ns
  Clock Net Delay (Source):      0.846ns (routing 0.393ns, distribution 0.453ns)
  Clock Net Delay (Destination): 0.957ns (routing 0.437ns, distribution 0.520ns)

    Location             Delay type                Incr(ns)  Path(ns)    Netlist Resource(s)
  -------------------------------------------------------------------    -------------------
                         (clock dbg_hub/inst/BSCANID.u_xsdbm_id/SWITCH_N_EXT_BSCAN.bscan_inst/SERIES7_BSCAN.bscan_inst/INTERNAL_TCK rise edge)
                                                      0.000     0.000 r  
    CONFIG_SITE_X0Y0     BSCANE2                      0.000     0.000 r  dbg_hub/inst/BSCANID.u_xsdbm_id/SWITCH_N_EXT_BSCAN.bscan_inst/SERIES7_BSCAN.bscan_inst/INTERNAL_TCK
    CONFIG_SITE_X0Y0     BSCANE2 (Prop_BSCAN1_CONFIG_SITE_INTERNAL_TCK_TCK)
                                                      0.465     0.465 r  dbg_hub/inst/BSCANID.u_xsdbm_id/SWITCH_N_EXT_BSCAN.bscan_inst/SERIES7_BSCAN.bscan_inst/TCK
                         net (fo=1, routed)           0.603     1.068    dbg_hub/inst/BSCANID.u_xsdbm_id/tck_bs
    BUFGCE_X0Y50         BUFGCE (Prop_BUFCE_BUFGCE_I_O)
                                                      0.017     1.085 r  dbg_hub/inst/BSCANID.u_xsdbm_id/SWITCH_N_EXT_BSCAN.u_bufg_icon_tck/O
    X2Y3 (CLOCK_ROOT)    net (fo=494, routed)         0.846     1.931    dbg_hub/inst/BSCANID.u_xsdbm_id/CORE_XSDB.UUT_MASTER/U_ICON_INTERFACE/U_CMD5/m_bscan_tck[0]
    SLICE_X48Y223        FDRE                                         r  dbg_hub/inst/BSCANID.u_xsdbm_id/CORE_XSDB.UUT_MASTER/U_ICON_INTERFACE/U_CMD5/shift_reg_in_reg[2]/C
  -------------------------------------------------------------------    -------------------
    SLICE_X48Y223        FDRE (Prop_AFF_SLICEL_C_Q)
                                                      0.039     1.970 r  dbg_hub/inst/BSCANID.u_xsdbm_id/CORE_XSDB.UUT_MASTER/U_ICON_INTERFACE/U_CMD5/shift_reg_in_reg[2]/Q
                         net (fo=2, routed)           0.062     2.032    dbg_hub/inst/BSCANID.u_xsdbm_id/CORE_XSDB.UUT_MASTER/U_ICON_INTERFACE/U_CMD5/shift_reg_in[2]
    SLICE_X48Y224        FDRE                                         r  dbg_hub/inst/BSCANID.u_xsdbm_id/CORE_XSDB.UUT_MASTER/U_ICON_INTERFACE/U_CMD5/shift_reg_in_reg[1]/D
  -------------------------------------------------------------------    -------------------

                         (clock dbg_hub/inst/BSCANID.u_xsdbm_id/SWITCH_N_EXT_BSCAN.bscan_inst/SERIES7_BSCAN.bscan_inst/INTERNAL_TCK rise edge)
                                                      0.000     0.000 r  
    CONFIG_SITE_X0Y0     BSCANE2                      0.000     0.000 r  dbg_hub/inst/BSCANID.u_xsdbm_id/SWITCH_N_EXT_BSCAN.bscan_inst/SERIES7_BSCAN.bscan_inst/INTERNAL_TCK
    CONFIG_SITE_X0Y0     BSCANE2 (Prop_BSCAN1_CONFIG_SITE_INTERNAL_TCK_TCK)
                                                      4.300     4.300 r  dbg_hub/inst/BSCANID.u_xsdbm_id/SWITCH_N_EXT_BSCAN.bscan_inst/SERIES7_BSCAN.bscan_inst/TCK
                         net (fo=1, routed)           0.800     5.100    dbg_hub/inst/BSCANID.u_xsdbm_id/tck_bs
    BUFGCE_X0Y50         BUFGCE (Prop_BUFCE_BUFGCE_I_O)
                                                      0.019     5.119 r  dbg_hub/inst/BSCANID.u_xsdbm_id/SWITCH_N_EXT_BSCAN.u_bufg_icon_tck/O
    X2Y3 (CLOCK_ROOT)    net (fo=494, routed)         0.957     6.076    dbg_hub/inst/BSCANID.u_xsdbm_id/CORE_XSDB.UUT_MASTER/U_ICON_INTERFACE/U_CMD5/m_bscan_tck[0]
    SLICE_X48Y224        FDRE                                         r  dbg_hub/inst/BSCANID.u_xsdbm_id/CORE_XSDB.UUT_MASTER/U_ICON_INTERFACE/U_CMD5/shift_reg_in_reg[1]/C
                         clock pessimism             -4.131     1.945    
    SLICE_X48Y224        FDRE (Hold_BFF2_SLICEL_C_D)
                                                      0.047     1.992    dbg_hub/inst/BSCANID.u_xsdbm_id/CORE_XSDB.UUT_MASTER/U_ICON_INTERFACE/U_CMD5/shift_reg_in_reg[1]
  -------------------------------------------------------------------
                         required time                         -1.992    
                         arrival time                           2.032    
  -------------------------------------------------------------------
                         slack                                  0.040    

Slack (MET) :             0.041ns  (arrival time - required time)
  Source:                 dbg_hub/inst/BSCANID.u_xsdbm_id/CORE_XSDB.UUT_MASTER/U_ICON_INTERFACE/U_CMD6_RD/U_RD_FIFO/SUBCORE_FIFO.xsdbm_v3_0_0_rdfifo_inst/inst_fifo_gen/gconvfifo.rf/grf.rf/gntv_or_sync_fifo.gl0.rd/rpntr/gc0.count_d1_reg[1]/C
                            (rising edge-triggered cell FDCE clocked by dbg_hub/inst/BSCANID.u_xsdbm_id/SWITCH_N_EXT_BSCAN.bscan_inst/SERIES7_BSCAN.bscan_inst/INTERNAL_TCK  {rise@0.000ns fall@25.000ns period=50.000ns})
  Destination:            dbg_hub/inst/BSCANID.u_xsdbm_id/CORE_XSDB.UUT_MASTER/U_ICON_INTERFACE/U_CMD6_RD/U_RD_FIFO/SUBCORE_FIFO.xsdbm_v3_0_0_rdfifo_inst/inst_fifo_gen/gconvfifo.rf/grf.rf/gntv_or_sync_fifo.gcx.clkx/gnxpm_cdc.rd_pntr_gc_reg[1]/D
                            (rising edge-triggered cell FDCE clocked by dbg_hub/inst/BSCANID.u_xsdbm_id/SWITCH_N_EXT_BSCAN.bscan_inst/SERIES7_BSCAN.bscan_inst/INTERNAL_TCK  {rise@0.000ns fall@25.000ns period=50.000ns})
  Path Group:             dbg_hub/inst/BSCANID.u_xsdbm_id/SWITCH_N_EXT_BSCAN.bscan_inst/SERIES7_BSCAN.bscan_inst/INTERNAL_TCK
  Path Type:              Hold (Min at Fast Process Corner)
  Requirement:            0.000ns  (dbg_hub/inst/BSCANID.u_xsdbm_id/SWITCH_N_EXT_BSCAN.bscan_inst/SERIES7_BSCAN.bscan_inst/INTERNAL_TCK rise@0.000ns - dbg_hub/inst/BSCANID.u_xsdbm_id/SWITCH_N_EXT_BSCAN.bscan_inst/SERIES7_BSCAN.bscan_inst/INTERNAL_TCK rise@0.000ns)
  Data Path Delay:        0.131ns  (logic 0.073ns (55.725%)  route 0.058ns (44.275%))
  Logic Levels:           1  (LUT2=1)
  Clock Path Skew:        0.043ns (DCD - SCD - CPR)
    Destination Clock Delay (DCD):    6.077ns
    Source Clock Delay      (SCD):    1.934ns
    Clock Pessimism Removal (CPR):    4.100ns
  Clock Net Delay (Source):      0.849ns (routing 0.393ns, distribution 0.456ns)
  Clock Net Delay (Destination): 0.958ns (routing 0.437ns, distribution 0.521ns)

    Location             Delay type                Incr(ns)  Path(ns)    Netlist Resource(s)
  -------------------------------------------------------------------    -------------------
                         (clock dbg_hub/inst/BSCANID.u_xsdbm_id/SWITCH_N_EXT_BSCAN.bscan_inst/SERIES7_BSCAN.bscan_inst/INTERNAL_TCK rise edge)
                                                      0.000     0.000 r  
    CONFIG_SITE_X0Y0     BSCANE2                      0.000     0.000 r  dbg_hub/inst/BSCANID.u_xsdbm_id/SWITCH_N_EXT_BSCAN.bscan_inst/SERIES7_BSCAN.bscan_inst/INTERNAL_TCK
    CONFIG_SITE_X0Y0     BSCANE2 (Prop_BSCAN1_CONFIG_SITE_INTERNAL_TCK_TCK)
                                                      0.465     0.465 r  dbg_hub/inst/BSCANID.u_xsdbm_id/SWITCH_N_EXT_BSCAN.bscan_inst/SERIES7_BSCAN.bscan_inst/TCK
                         net (fo=1, routed)           0.603     1.068    dbg_hub/inst/BSCANID.u_xsdbm_id/tck_bs
    BUFGCE_X0Y50         BUFGCE (Prop_BUFCE_BUFGCE_I_O)
                                                      0.017     1.085 r  dbg_hub/inst/BSCANID.u_xsdbm_id/SWITCH_N_EXT_BSCAN.u_bufg_icon_tck/O
    X2Y3 (CLOCK_ROOT)    net (fo=494, routed)         0.849     1.934    dbg_hub/inst/BSCANID.u_xsdbm_id/CORE_XSDB.UUT_MASTER/U_ICON_INTERFACE/U_CMD6_RD/U_RD_FIFO/SUBCORE_FIFO.xsdbm_v3_0_0_rdfifo_inst/inst_fifo_gen/gconvfifo.rf/grf.rf/gntv_or_sync_fifo.gl0.rd/rpntr/rd_clk
    SLICE_X47Y228        FDCE                                         r  dbg_hub/inst/BSCANID.u_xsdbm_id/CORE_XSDB.UUT_MASTER/U_ICON_INTERFACE/U_CMD6_RD/U_RD_FIFO/SUBCORE_FIFO.xsdbm_v3_0_0_rdfifo_inst/inst_fifo_gen/gconvfifo.rf/grf.rf/gntv_or_sync_fifo.gl0.rd/rpntr/gc0.count_d1_reg[1]/C
  -------------------------------------------------------------------    -------------------
    SLICE_X47Y228        FDCE (Prop_EFF2_SLICEL_C_Q)
                                                      0.040     1.974 r  dbg_hub/inst/BSCANID.u_xsdbm_id/CORE_XSDB.UUT_MASTER/U_ICON_INTERFACE/U_CMD6_RD/U_RD_FIFO/SUBCORE_FIFO.xsdbm_v3_0_0_rdfifo_inst/inst_fifo_gen/gconvfifo.rf/grf.rf/gntv_or_sync_fifo.gl0.rd/rpntr/gc0.count_d1_reg[1]/Q
                         net (fo=31, routed)          0.052     2.026    dbg_hub/inst/BSCANID.u_xsdbm_id/CORE_XSDB.UUT_MASTER/U_ICON_INTERFACE/U_CMD6_RD/U_RD_FIFO/SUBCORE_FIFO.xsdbm_v3_0_0_rdfifo_inst/inst_fifo_gen/gconvfifo.rf/grf.rf/gntv_or_sync_fifo.gl0.rd/rpntr/gc0.count_d1_reg[3]_0[1]
    SLICE_X48Y228        LUT2 (Prop_D5LUT_SLICEL_I1_O)
                                                      0.033     2.059 r  dbg_hub/inst/BSCANID.u_xsdbm_id/CORE_XSDB.UUT_MASTER/U_ICON_INTERFACE/U_CMD6_RD/U_RD_FIFO/SUBCORE_FIFO.xsdbm_v3_0_0_rdfifo_inst/inst_fifo_gen/gconvfifo.rf/grf.rf/gntv_or_sync_fifo.gl0.rd/rpntr/gnxpm_cdc.rd_pntr_gc[1]_i_1/O
                         net (fo=1, routed)           0.006     2.065    dbg_hub/inst/BSCANID.u_xsdbm_id/CORE_XSDB.UUT_MASTER/U_ICON_INTERFACE/U_CMD6_RD/U_RD_FIFO/SUBCORE_FIFO.xsdbm_v3_0_0_rdfifo_inst/inst_fifo_gen/gconvfifo.rf/grf.rf/gntv_or_sync_fifo.gcx.clkx/D[1]
    SLICE_X48Y228        FDCE                                         r  dbg_hub/inst/BSCANID.u_xsdbm_id/CORE_XSDB.UUT_MASTER/U_ICON_INTERFACE/U_CMD6_RD/U_RD_FIFO/SUBCORE_FIFO.xsdbm_v3_0_0_rdfifo_inst/inst_fifo_gen/gconvfifo.rf/grf.rf/gntv_or_sync_fifo.gcx.clkx/gnxpm_cdc.rd_pntr_gc_reg[1]/D
  -------------------------------------------------------------------    -------------------

                         (clock dbg_hub/inst/BSCANID.u_xsdbm_id/SWITCH_N_EXT_BSCAN.bscan_inst/SERIES7_BSCAN.bscan_inst/INTERNAL_TCK rise edge)
                                                      0.000     0.000 r  
    CONFIG_SITE_X0Y0     BSCANE2                      0.000     0.000 r  dbg_hub/inst/BSCANID.u_xsdbm_id/SWITCH_N_EXT_BSCAN.bscan_inst/SERIES7_BSCAN.bscan_inst/INTERNAL_TCK
    CONFIG_SITE_X0Y0     BSCANE2 (Prop_BSCAN1_CONFIG_SITE_INTERNAL_TCK_TCK)
                                                      4.300     4.300 r  dbg_hub/inst/BSCANID.u_xsdbm_id/SWITCH_N_EXT_BSCAN.bscan_inst/SERIES7_BSCAN.bscan_inst/TCK
                         net (fo=1, routed)           0.800     5.100    dbg_hub/inst/BSCANID.u_xsdbm_id/tck_bs
    BUFGCE_X0Y50         BUFGCE (Prop_BUFCE_BUFGCE_I_O)
                                                      0.019     5.119 r  dbg_hub/inst/BSCANID.u_xsdbm_id/SWITCH_N_EXT_BSCAN.u_bufg_icon_tck/O
    X2Y3 (CLOCK_ROOT)    net (fo=494, routed)         0.958     6.077    dbg_hub/inst/BSCANID.u_xsdbm_id/CORE_XSDB.UUT_MASTER/U_ICON_INTERFACE/U_CMD6_RD/U_RD_FIFO/SUBCORE_FIFO.xsdbm_v3_0_0_rdfifo_inst/inst_fifo_gen/gconvfifo.rf/grf.rf/gntv_or_sync_fifo.gcx.clkx/rd_clk
    SLICE_X48Y228        FDCE                                         r  dbg_hub/inst/BSCANID.u_xsdbm_id/CORE_XSDB.UUT_MASTER/U_ICON_INTERFACE/U_CMD6_RD/U_RD_FIFO/SUBCORE_FIFO.xsdbm_v3_0_0_rdfifo_inst/inst_fifo_gen/gconvfifo.rf/grf.rf/gntv_or_sync_fifo.gcx.clkx/gnxpm_cdc.rd_pntr_gc_reg[1]/C
                         clock pessimism             -4.100     1.977    
    SLICE_X48Y228        FDCE (Hold_DFF2_SLICEL_C_D)
                                                      0.047     2.024    dbg_hub/inst/BSCANID.u_xsdbm_id/CORE_XSDB.UUT_MASTER/U_ICON_INTERFACE/U_CMD6_RD/U_RD_FIFO/SUBCORE_FIFO.xsdbm_v3_0_0_rdfifo_inst/inst_fifo_gen/gconvfifo.rf/grf.rf/gntv_or_sync_fifo.gcx.clkx/gnxpm_cdc.rd_pntr_gc_reg[1]
  -------------------------------------------------------------------
                         required time                         -2.024    
                         arrival time                           2.065    
  -------------------------------------------------------------------
                         slack                                  0.041    

Slack (MET) :             0.042ns  (arrival time - required time)
  Source:                 dbg_hub/inst/BSCANID.u_xsdbm_id/SWITCH_N_EXT_BSCAN.bscan_switch/portno_temp_reg[5]/C
                            (rising edge-triggered cell FDRE clocked by dbg_hub/inst/BSCANID.u_xsdbm_id/SWITCH_N_EXT_BSCAN.bscan_inst/SERIES7_BSCAN.bscan_inst/INTERNAL_TCK  {rise@0.000ns fall@25.000ns period=50.000ns})
  Destination:            dbg_hub/inst/BSCANID.u_xsdbm_id/SWITCH_N_EXT_BSCAN.bscan_switch/portno_temp_reg[5]/D
                            (rising edge-triggered cell FDRE clocked by dbg_hub/inst/BSCANID.u_xsdbm_id/SWITCH_N_EXT_BSCAN.bscan_inst/SERIES7_BSCAN.bscan_inst/INTERNAL_TCK  {rise@0.000ns fall@25.000ns period=50.000ns})
  Path Group:             dbg_hub/inst/BSCANID.u_xsdbm_id/SWITCH_N_EXT_BSCAN.bscan_inst/SERIES7_BSCAN.bscan_inst/INTERNAL_TCK
  Path Type:              Hold (Min at Fast Process Corner)
  Requirement:            0.000ns  (dbg_hub/inst/BSCANID.u_xsdbm_id/SWITCH_N_EXT_BSCAN.bscan_inst/SERIES7_BSCAN.bscan_inst/INTERNAL_TCK rise@0.000ns - dbg_hub/inst/BSCANID.u_xsdbm_id/SWITCH_N_EXT_BSCAN.bscan_inst/SERIES7_BSCAN.bscan_inst/INTERNAL_TCK rise@0.000ns)
  Data Path Delay:        0.094ns  (logic 0.053ns (56.383%)  route 0.041ns (43.617%))
  Logic Levels:           1  (LUT3=1)
  Clock Path Skew:        0.006ns (DCD - SCD - CPR)
    Destination Clock Delay (DCD):    6.071ns
    Source Clock Delay      (SCD):    1.924ns
    Clock Pessimism Removal (CPR):    4.141ns
  Clock Net Delay (Source):      0.839ns (routing 0.393ns, distribution 0.446ns)
  Clock Net Delay (Destination): 0.952ns (routing 0.437ns, distribution 0.515ns)

    Location             Delay type                Incr(ns)  Path(ns)    Netlist Resource(s)
  -------------------------------------------------------------------    -------------------
                         (clock dbg_hub/inst/BSCANID.u_xsdbm_id/SWITCH_N_EXT_BSCAN.bscan_inst/SERIES7_BSCAN.bscan_inst/INTERNAL_TCK rise edge)
                                                      0.000     0.000 r  
    CONFIG_SITE_X0Y0     BSCANE2                      0.000     0.000 r  dbg_hub/inst/BSCANID.u_xsdbm_id/SWITCH_N_EXT_BSCAN.bscan_inst/SERIES7_BSCAN.bscan_inst/INTERNAL_TCK
    CONFIG_SITE_X0Y0     BSCANE2 (Prop_BSCAN1_CONFIG_SITE_INTERNAL_TCK_TCK)
                                                      0.465     0.465 r  dbg_hub/inst/BSCANID.u_xsdbm_id/SWITCH_N_EXT_BSCAN.bscan_inst/SERIES7_BSCAN.bscan_inst/TCK
                         net (fo=1, routed)           0.603     1.068    dbg_hub/inst/BSCANID.u_xsdbm_id/tck_bs
    BUFGCE_X0Y50         BUFGCE (Prop_BUFCE_BUFGCE_I_O)
                                                      0.017     1.085 r  dbg_hub/inst/BSCANID.u_xsdbm_id/SWITCH_N_EXT_BSCAN.u_bufg_icon_tck/O
    X2Y3 (CLOCK_ROOT)    net (fo=494, routed)         0.839     1.924    dbg_hub/inst/BSCANID.u_xsdbm_id/SWITCH_N_EXT_BSCAN.bscan_switch/s_bscan_tck
    SLICE_X48Y211        FDRE                                         r  dbg_hub/inst/BSCANID.u_xsdbm_id/SWITCH_N_EXT_BSCAN.bscan_switch/portno_temp_reg[5]/C
  -------------------------------------------------------------------    -------------------
    SLICE_X48Y211        FDRE (Prop_DFF_SLICEL_C_Q)
                                                      0.039     1.963 r  dbg_hub/inst/BSCANID.u_xsdbm_id/SWITCH_N_EXT_BSCAN.bscan_switch/portno_temp_reg[5]/Q
                         net (fo=2, routed)           0.025     1.988    dbg_hub/inst/BSCANID.u_xsdbm_id/SWITCH_N_EXT_BSCAN.bscan_switch/portno_temp[5]
    SLICE_X48Y211        LUT3 (Prop_D6LUT_SLICEL_I0_O)
                                                      0.014     2.002 r  dbg_hub/inst/BSCANID.u_xsdbm_id/SWITCH_N_EXT_BSCAN.bscan_switch/portno_temp[5]_i_1/O
                         net (fo=1, routed)           0.016     2.018    dbg_hub/inst/BSCANID.u_xsdbm_id/SWITCH_N_EXT_BSCAN.bscan_switch/portno_temp[5]_i_1_n_0
    SLICE_X48Y211        FDRE                                         r  dbg_hub/inst/BSCANID.u_xsdbm_id/SWITCH_N_EXT_BSCAN.bscan_switch/portno_temp_reg[5]/D
  -------------------------------------------------------------------    -------------------

                         (clock dbg_hub/inst/BSCANID.u_xsdbm_id/SWITCH_N_EXT_BSCAN.bscan_inst/SERIES7_BSCAN.bscan_inst/INTERNAL_TCK rise edge)
                                                      0.000     0.000 r  
    CONFIG_SITE_X0Y0     BSCANE2                      0.000     0.000 r  dbg_hub/inst/BSCANID.u_xsdbm_id/SWITCH_N_EXT_BSCAN.bscan_inst/SERIES7_BSCAN.bscan_inst/INTERNAL_TCK
    CONFIG_SITE_X0Y0     BSCANE2 (Prop_BSCAN1_CONFIG_SITE_INTERNAL_TCK_TCK)
                                                      4.300     4.300 r  dbg_hub/inst/BSCANID.u_xsdbm_id/SWITCH_N_EXT_BSCAN.bscan_inst/SERIES7_BSCAN.bscan_inst/TCK
                         net (fo=1, routed)           0.800     5.100    dbg_hub/inst/BSCANID.u_xsdbm_id/tck_bs
    BUFGCE_X0Y50         BUFGCE (Prop_BUFCE_BUFGCE_I_O)
                                                      0.019     5.119 r  dbg_hub/inst/BSCANID.u_xsdbm_id/SWITCH_N_EXT_BSCAN.u_bufg_icon_tck/O
    X2Y3 (CLOCK_ROOT)    net (fo=494, routed)         0.952     6.071    dbg_hub/inst/BSCANID.u_xsdbm_id/SWITCH_N_EXT_BSCAN.bscan_switch/s_bscan_tck
    SLICE_X48Y211        FDRE                                         r  dbg_hub/inst/BSCANID.u_xsdbm_id/SWITCH_N_EXT_BSCAN.bscan_switch/portno_temp_reg[5]/C
                         clock pessimism             -4.141     1.930    
    SLICE_X48Y211        FDRE (Hold_DFF_SLICEL_C_D)
                                                      0.046     1.976    dbg_hub/inst/BSCANID.u_xsdbm_id/SWITCH_N_EXT_BSCAN.bscan_switch/portno_temp_reg[5]
  -------------------------------------------------------------------
                         required time                         -1.976    
                         arrival time                           2.018    
  -------------------------------------------------------------------
                         slack                                  0.042    

Slack (MET) :             0.043ns  (arrival time - required time)
  Source:                 dbg_hub/inst/BSCANID.u_xsdbm_id/CORE_XSDB.UUT_MASTER/U_ICON_INTERFACE/U_CMD6_RD/shift_reg_in_reg[1]/C
                            (rising edge-triggered cell FDCE clocked by dbg_hub/inst/BSCANID.u_xsdbm_id/SWITCH_N_EXT_BSCAN.bscan_inst/SERIES7_BSCAN.bscan_inst/INTERNAL_TCK  {rise@0.000ns fall@25.000ns period=50.000ns})
  Destination:            dbg_hub/inst/BSCANID.u_xsdbm_id/CORE_XSDB.UUT_MASTER/U_ICON_INTERFACE/U_CMD6_RD/shift_reg_in_reg[0]/D
                            (rising edge-triggered cell FDCE clocked by dbg_hub/inst/BSCANID.u_xsdbm_id/SWITCH_N_EXT_BSCAN.bscan_inst/SERIES7_BSCAN.bscan_inst/INTERNAL_TCK  {rise@0.000ns fall@25.000ns period=50.000ns})
  Path Group:             dbg_hub/inst/BSCANID.u_xsdbm_id/SWITCH_N_EXT_BSCAN.bscan_inst/SERIES7_BSCAN.bscan_inst/INTERNAL_TCK
  Path Type:              Hold (Min at Fast Process Corner)
  Requirement:            0.000ns  (dbg_hub/inst/BSCANID.u_xsdbm_id/SWITCH_N_EXT_BSCAN.bscan_inst/SERIES7_BSCAN.bscan_inst/INTERNAL_TCK rise@0.000ns - dbg_hub/inst/BSCANID.u_xsdbm_id/SWITCH_N_EXT_BSCAN.bscan_inst/SERIES7_BSCAN.bscan_inst/INTERNAL_TCK rise@0.000ns)
  Data Path Delay:        0.096ns  (logic 0.060ns (62.500%)  route 0.036ns (37.500%))
  Logic Levels:           1  (LUT5=1)
  Clock Path Skew:        0.006ns (DCD - SCD - CPR)
    Destination Clock Delay (DCD):    6.078ns
    Source Clock Delay      (SCD):    1.929ns
    Clock Pessimism Removal (CPR):    4.143ns
  Clock Net Delay (Source):      0.844ns (routing 0.393ns, distribution 0.451ns)
  Clock Net Delay (Destination): 0.959ns (routing 0.437ns, distribution 0.522ns)

    Location             Delay type                Incr(ns)  Path(ns)    Netlist Resource(s)
  -------------------------------------------------------------------    -------------------
                         (clock dbg_hub/inst/BSCANID.u_xsdbm_id/SWITCH_N_EXT_BSCAN.bscan_inst/SERIES7_BSCAN.bscan_inst/INTERNAL_TCK rise edge)
                                                      0.000     0.000 r  
    CONFIG_SITE_X0Y0     BSCANE2                      0.000     0.000 r  dbg_hub/inst/BSCANID.u_xsdbm_id/SWITCH_N_EXT_BSCAN.bscan_inst/SERIES7_BSCAN.bscan_inst/INTERNAL_TCK
    CONFIG_SITE_X0Y0     BSCANE2 (Prop_BSCAN1_CONFIG_SITE_INTERNAL_TCK_TCK)
                                                      0.465     0.465 r  dbg_hub/inst/BSCANID.u_xsdbm_id/SWITCH_N_EXT_BSCAN.bscan_inst/SERIES7_BSCAN.bscan_inst/TCK
                         net (fo=1, routed)           0.603     1.068    dbg_hub/inst/BSCANID.u_xsdbm_id/tck_bs
    BUFGCE_X0Y50         BUFGCE (Prop_BUFCE_BUFGCE_I_O)
                                                      0.017     1.085 r  dbg_hub/inst/BSCANID.u_xsdbm_id/SWITCH_N_EXT_BSCAN.u_bufg_icon_tck/O
    X2Y3 (CLOCK_ROOT)    net (fo=494, routed)         0.844     1.929    dbg_hub/inst/BSCANID.u_xsdbm_id/CORE_XSDB.UUT_MASTER/U_ICON_INTERFACE/U_CMD6_RD/m_bscan_tck[0]
    SLICE_X45Y228        FDCE                                         r  dbg_hub/inst/BSCANID.u_xsdbm_id/CORE_XSDB.UUT_MASTER/U_ICON_INTERFACE/U_CMD6_RD/shift_reg_in_reg[1]/C
  -------------------------------------------------------------------    -------------------
    SLICE_X45Y228        FDCE (Prop_DFF_SLICEM_C_Q)
                                                      0.039     1.968 r  dbg_hub/inst/BSCANID.u_xsdbm_id/CORE_XSDB.UUT_MASTER/U_ICON_INTERFACE/U_CMD6_RD/shift_reg_in_reg[1]/Q
                         net (fo=1, routed)           0.029     1.997    dbg_hub/inst/BSCANID.u_xsdbm_id/CORE_XSDB.UUT_MASTER/U_ICON_INTERFACE/U_CMD6_RD/U_RD_FIFO/shift_reg_in_reg[14][1]
    SLICE_X45Y228        LUT5 (Prop_A5LUT_SLICEM_I4_O)
                                                      0.021     2.018 r  dbg_hub/inst/BSCANID.u_xsdbm_id/CORE_XSDB.UUT_MASTER/U_ICON_INTERFACE/U_CMD6_RD/U_RD_FIFO/shift_reg_in[0]_i_1__2/O
                         net (fo=1, routed)           0.007     2.025    dbg_hub/inst/BSCANID.u_xsdbm_id/CORE_XSDB.UUT_MASTER/U_ICON_INTERFACE/U_CMD6_RD/U_RD_FIFO_n_15
    SLICE_X45Y228        FDCE                                         r  dbg_hub/inst/BSCANID.u_xsdbm_id/CORE_XSDB.UUT_MASTER/U_ICON_INTERFACE/U_CMD6_RD/shift_reg_in_reg[0]/D
  -------------------------------------------------------------------    -------------------

                         (clock dbg_hub/inst/BSCANID.u_xsdbm_id/SWITCH_N_EXT_BSCAN.bscan_inst/SERIES7_BSCAN.bscan_inst/INTERNAL_TCK rise edge)
                                                      0.000     0.000 r  
    CONFIG_SITE_X0Y0     BSCANE2                      0.000     0.000 r  dbg_hub/inst/BSCANID.u_xsdbm_id/SWITCH_N_EXT_BSCAN.bscan_inst/SERIES7_BSCAN.bscan_inst/INTERNAL_TCK
    CONFIG_SITE_X0Y0     BSCANE2 (Prop_BSCAN1_CONFIG_SITE_INTERNAL_TCK_TCK)
                                                      4.300     4.300 r  dbg_hub/inst/BSCANID.u_xsdbm_id/SWITCH_N_EXT_BSCAN.bscan_inst/SERIES7_BSCAN.bscan_inst/TCK
                         net (fo=1, routed)           0.800     5.100    dbg_hub/inst/BSCANID.u_xsdbm_id/tck_bs
    BUFGCE_X0Y50         BUFGCE (Prop_BUFCE_BUFGCE_I_O)
                                                      0.019     5.119 r  dbg_hub/inst/BSCANID.u_xsdbm_id/SWITCH_N_EXT_BSCAN.u_bufg_icon_tck/O
    X2Y3 (CLOCK_ROOT)    net (fo=494, routed)         0.959     6.078    dbg_hub/inst/BSCANID.u_xsdbm_id/CORE_XSDB.UUT_MASTER/U_ICON_INTERFACE/U_CMD6_RD/m_bscan_tck[0]
    SLICE_X45Y228        FDCE                                         r  dbg_hub/inst/BSCANID.u_xsdbm_id/CORE_XSDB.UUT_MASTER/U_ICON_INTERFACE/U_CMD6_RD/shift_reg_in_reg[0]/C
                         clock pessimism             -4.143     1.935    
    SLICE_X45Y228        FDCE (Hold_AFF2_SLICEM_C_D)
                                                      0.047     1.982    dbg_hub/inst/BSCANID.u_xsdbm_id/CORE_XSDB.UUT_MASTER/U_ICON_INTERFACE/U_CMD6_RD/shift_reg_in_reg[0]
  -------------------------------------------------------------------
                         required time                         -1.982    
                         arrival time                           2.025    
  -------------------------------------------------------------------
                         slack                                  0.043    

Slack (MET) :             0.048ns  (arrival time - required time)
  Source:                 dbg_hub/inst/BSCANID.u_xsdbm_id/CORE_XSDB.UUT_MASTER/U_ICON_INTERFACE/U_STATIC_STATUS/stat_addr_bit_cnt_reg[5]/C
                            (rising edge-triggered cell FDRE clocked by dbg_hub/inst/BSCANID.u_xsdbm_id/SWITCH_N_EXT_BSCAN.bscan_inst/SERIES7_BSCAN.bscan_inst/INTERNAL_TCK  {rise@0.000ns fall@25.000ns period=50.000ns})
  Destination:            dbg_hub/inst/BSCANID.u_xsdbm_id/CORE_XSDB.UUT_MASTER/U_ICON_INTERFACE/U_STATIC_STATUS/stat_addr_bit_cnt_reg[5]/D
                            (rising edge-triggered cell FDRE clocked by dbg_hub/inst/BSCANID.u_xsdbm_id/SWITCH_N_EXT_BSCAN.bscan_inst/SERIES7_BSCAN.bscan_inst/INTERNAL_TCK  {rise@0.000ns fall@25.000ns period=50.000ns})
  Path Group:             dbg_hub/inst/BSCANID.u_xsdbm_id/SWITCH_N_EXT_BSCAN.bscan_inst/SERIES7_BSCAN.bscan_inst/INTERNAL_TCK
  Path Type:              Hold (Min at Fast Process Corner)
  Requirement:            0.000ns  (dbg_hub/inst/BSCANID.u_xsdbm_id/SWITCH_N_EXT_BSCAN.bscan_inst/SERIES7_BSCAN.bscan_inst/INTERNAL_TCK rise@0.000ns - dbg_hub/inst/BSCANID.u_xsdbm_id/SWITCH_N_EXT_BSCAN.bscan_inst/SERIES7_BSCAN.bscan_inst/INTERNAL_TCK rise@0.000ns)
  Data Path Delay:        0.100ns  (logic 0.053ns (53.000%)  route 0.047ns (47.000%))
  Logic Levels:           1  (LUT6=1)
  Clock Path Skew:        0.006ns (DCD - SCD - CPR)
    Destination Clock Delay (DCD):    6.076ns
    Source Clock Delay      (SCD):    1.928ns
    Clock Pessimism Removal (CPR):    4.142ns
  Clock Net Delay (Source):      0.843ns (routing 0.393ns, distribution 0.450ns)
  Clock Net Delay (Destination): 0.957ns (routing 0.437ns, distribution 0.520ns)

    Location             Delay type                Incr(ns)  Path(ns)    Netlist Resource(s)
  -------------------------------------------------------------------    -------------------
                         (clock dbg_hub/inst/BSCANID.u_xsdbm_id/SWITCH_N_EXT_BSCAN.bscan_inst/SERIES7_BSCAN.bscan_inst/INTERNAL_TCK rise edge)
                                                      0.000     0.000 r  
    CONFIG_SITE_X0Y0     BSCANE2                      0.000     0.000 r  dbg_hub/inst/BSCANID.u_xsdbm_id/SWITCH_N_EXT_BSCAN.bscan_inst/SERIES7_BSCAN.bscan_inst/INTERNAL_TCK
    CONFIG_SITE_X0Y0     BSCANE2 (Prop_BSCAN1_CONFIG_SITE_INTERNAL_TCK_TCK)
                                                      0.465     0.465 r  dbg_hub/inst/BSCANID.u_xsdbm_id/SWITCH_N_EXT_BSCAN.bscan_inst/SERIES7_BSCAN.bscan_inst/TCK
                         net (fo=1, routed)           0.603     1.068    dbg_hub/inst/BSCANID.u_xsdbm_id/tck_bs
    BUFGCE_X0Y50         BUFGCE (Prop_BUFCE_BUFGCE_I_O)
                                                      0.017     1.085 r  dbg_hub/inst/BSCANID.u_xsdbm_id/SWITCH_N_EXT_BSCAN.u_bufg_icon_tck/O
    X2Y3 (CLOCK_ROOT)    net (fo=494, routed)         0.843     1.928    dbg_hub/inst/BSCANID.u_xsdbm_id/CORE_XSDB.UUT_MASTER/U_ICON_INTERFACE/U_STATIC_STATUS/m_bscan_tck[0]
    SLICE_X48Y217        FDRE                                         r  dbg_hub/inst/BSCANID.u_xsdbm_id/CORE_XSDB.UUT_MASTER/U_ICON_INTERFACE/U_STATIC_STATUS/stat_addr_bit_cnt_reg[5]/C
  -------------------------------------------------------------------    -------------------
    SLICE_X48Y217        FDRE (Prop_CFF_SLICEL_C_Q)
                                                      0.039     1.967 r  dbg_hub/inst/BSCANID.u_xsdbm_id/CORE_XSDB.UUT_MASTER/U_ICON_INTERFACE/U_STATIC_STATUS/stat_addr_bit_cnt_reg[5]/Q
                         net (fo=5, routed)           0.030     1.997    dbg_hub/inst/BSCANID.u_xsdbm_id/CORE_XSDB.UUT_MASTER/U_ICON_INTERFACE/U_STATIC_STATUS/stat_addr_bit_cnt_reg[5]
    SLICE_X48Y217        LUT6 (Prop_C6LUT_SLICEL_I0_O)
                                                      0.014     2.011 r  dbg_hub/inst/BSCANID.u_xsdbm_id/CORE_XSDB.UUT_MASTER/U_ICON_INTERFACE/U_STATIC_STATUS/stat_addr_bit_cnt[5]_i_1/O
                         net (fo=1, routed)           0.017     2.028    dbg_hub/inst/BSCANID.u_xsdbm_id/CORE_XSDB.UUT_MASTER/U_ICON_INTERFACE/U_STATIC_STATUS/p_0_in[5]
    SLICE_X48Y217        FDRE                                         r  dbg_hub/inst/BSCANID.u_xsdbm_id/CORE_XSDB.UUT_MASTER/U_ICON_INTERFACE/U_STATIC_STATUS/stat_addr_bit_cnt_reg[5]/D
  -------------------------------------------------------------------    -------------------

                         (clock dbg_hub/inst/BSCANID.u_xsdbm_id/SWITCH_N_EXT_BSCAN.bscan_inst/SERIES7_BSCAN.bscan_inst/INTERNAL_TCK rise edge)
                                                      0.000     0.000 r  
    CONFIG_SITE_X0Y0     BSCANE2                      0.000     0.000 r  dbg_hub/inst/BSCANID.u_xsdbm_id/SWITCH_N_EXT_BSCAN.bscan_inst/SERIES7_BSCAN.bscan_inst/INTERNAL_TCK
    CONFIG_SITE_X0Y0     BSCANE2 (Prop_BSCAN1_CONFIG_SITE_INTERNAL_TCK_TCK)
                                                      4.300     4.300 r  dbg_hub/inst/BSCANID.u_xsdbm_id/SWITCH_N_EXT_BSCAN.bscan_inst/SERIES7_BSCAN.bscan_inst/TCK
                         net (fo=1, routed)           0.800     5.100    dbg_hub/inst/BSCANID.u_xsdbm_id/tck_bs
    BUFGCE_X0Y50         BUFGCE (Prop_BUFCE_BUFGCE_I_O)
                                                      0.019     5.119 r  dbg_hub/inst/BSCANID.u_xsdbm_id/SWITCH_N_EXT_BSCAN.u_bufg_icon_tck/O
    X2Y3 (CLOCK_ROOT)    net (fo=494, routed)         0.957     6.076    dbg_hub/inst/BSCANID.u_xsdbm_id/CORE_XSDB.UUT_MASTER/U_ICON_INTERFACE/U_STATIC_STATUS/m_bscan_tck[0]
    SLICE_X48Y217        FDRE                                         r  dbg_hub/inst/BSCANID.u_xsdbm_id/CORE_XSDB.UUT_MASTER/U_ICON_INTERFACE/U_STATIC_STATUS/stat_addr_bit_cnt_reg[5]/C
                         clock pessimism             -4.142     1.934    
    SLICE_X48Y217        FDRE (Hold_CFF_SLICEL_C_D)
                                                      0.046     1.980    dbg_hub/inst/BSCANID.u_xsdbm_id/CORE_XSDB.UUT_MASTER/U_ICON_INTERFACE/U_STATIC_STATUS/stat_addr_bit_cnt_reg[5]
  -------------------------------------------------------------------
                         required time                         -1.980    
                         arrival time                           2.028    
  -------------------------------------------------------------------
                         slack                                  0.048    





Pulse Width Checks
--------------------------------------------------------------------------------------
Clock Name:         dbg_hub/inst/BSCANID.u_xsdbm_id/SWITCH_N_EXT_BSCAN.bscan_inst/SERIES7_BSCAN.bscan_inst/INTERNAL_TCK
Waveform(ns):       { 0.000 25.000 }
Period(ns):         50.000
Sources:            { dbg_hub/inst/BSCANID.u_xsdbm_id/SWITCH_N_EXT_BSCAN.bscan_inst/SERIES7_BSCAN.bscan_inst/INTERNAL_TCK }

Check Type        Corner  Lib Pin     Reference Pin  Required(ns)  Actual(ns)  Slack(ns)  Location       Pin
Min Period        n/a     BUFGCE/I    n/a            1.290         50.000      48.710     BUFGCE_X0Y50   dbg_hub/inst/BSCANID.u_xsdbm_id/SWITCH_N_EXT_BSCAN.u_bufg_icon_tck/I
Min Period        n/a     RAMD32/CLK  n/a            1.064         50.000      48.936     SLICE_X43Y228  dbg_hub/inst/BSCANID.u_xsdbm_id/CORE_XSDB.UUT_MASTER/U_ICON_INTERFACE/U_CMD6_WR/U_WR_FIFO/SUBCORE_FIFO.xsdbm_v3_0_0_wrfifo_inst/inst_fifo_gen/gconvfifo.rf/grf.rf/gntv_or_sync_fifo.mem/gdm.dm_gen.dm/RAM_reg_0_15_0_13/RAMA/CLK
Min Period        n/a     RAMD32/CLK  n/a            1.064         50.000      48.936     SLICE_X43Y228  dbg_hub/inst/BSCANID.u_xsdbm_id/CORE_XSDB.UUT_MASTER/U_ICON_INTERFACE/U_CMD6_WR/U_WR_FIFO/SUBCORE_FIFO.xsdbm_v3_0_0_wrfifo_inst/inst_fifo_gen/gconvfifo.rf/grf.rf/gntv_or_sync_fifo.mem/gdm.dm_gen.dm/RAM_reg_0_15_0_13/RAMA_D1/CLK
Min Period        n/a     RAMD32/CLK  n/a            1.064         50.000      48.936     SLICE_X43Y228  dbg_hub/inst/BSCANID.u_xsdbm_id/CORE_XSDB.UUT_MASTER/U_ICON_INTERFACE/U_CMD6_WR/U_WR_FIFO/SUBCORE_FIFO.xsdbm_v3_0_0_wrfifo_inst/inst_fifo_gen/gconvfifo.rf/grf.rf/gntv_or_sync_fifo.mem/gdm.dm_gen.dm/RAM_reg_0_15_0_13/RAMB/CLK
Min Period        n/a     RAMD32/CLK  n/a            1.064         50.000      48.936     SLICE_X43Y228  dbg_hub/inst/BSCANID.u_xsdbm_id/CORE_XSDB.UUT_MASTER/U_ICON_INTERFACE/U_CMD6_WR/U_WR_FIFO/SUBCORE_FIFO.xsdbm_v3_0_0_wrfifo_inst/inst_fifo_gen/gconvfifo.rf/grf.rf/gntv_or_sync_fifo.mem/gdm.dm_gen.dm/RAM_reg_0_15_0_13/RAMB_D1/CLK
Min Period        n/a     RAMD32/CLK  n/a            1.064         50.000      48.936     SLICE_X43Y228  dbg_hub/inst/BSCANID.u_xsdbm_id/CORE_XSDB.UUT_MASTER/U_ICON_INTERFACE/U_CMD6_WR/U_WR_FIFO/SUBCORE_FIFO.xsdbm_v3_0_0_wrfifo_inst/inst_fifo_gen/gconvfifo.rf/grf.rf/gntv_or_sync_fifo.mem/gdm.dm_gen.dm/RAM_reg_0_15_0_13/RAMC/CLK
Min Period        n/a     RAMD32/CLK  n/a            1.064         50.000      48.936     SLICE_X43Y228  dbg_hub/inst/BSCANID.u_xsdbm_id/CORE_XSDB.UUT_MASTER/U_ICON_INTERFACE/U_CMD6_WR/U_WR_FIFO/SUBCORE_FIFO.xsdbm_v3_0_0_wrfifo_inst/inst_fifo_gen/gconvfifo.rf/grf.rf/gntv_or_sync_fifo.mem/gdm.dm_gen.dm/RAM_reg_0_15_0_13/RAMC_D1/CLK
Min Period        n/a     RAMD32/CLK  n/a            1.064         50.000      48.936     SLICE_X43Y228  dbg_hub/inst/BSCANID.u_xsdbm_id/CORE_XSDB.UUT_MASTER/U_ICON_INTERFACE/U_CMD6_WR/U_WR_FIFO/SUBCORE_FIFO.xsdbm_v3_0_0_wrfifo_inst/inst_fifo_gen/gconvfifo.rf/grf.rf/gntv_or_sync_fifo.mem/gdm.dm_gen.dm/RAM_reg_0_15_0_13/RAMD/CLK
Min Period        n/a     RAMD32/CLK  n/a            1.064         50.000      48.936     SLICE_X43Y228  dbg_hub/inst/BSCANID.u_xsdbm_id/CORE_XSDB.UUT_MASTER/U_ICON_INTERFACE/U_CMD6_WR/U_WR_FIFO/SUBCORE_FIFO.xsdbm_v3_0_0_wrfifo_inst/inst_fifo_gen/gconvfifo.rf/grf.rf/gntv_or_sync_fifo.mem/gdm.dm_gen.dm/RAM_reg_0_15_0_13/RAMD_D1/CLK
Min Period        n/a     RAMD32/CLK  n/a            1.064         50.000      48.936     SLICE_X43Y228  dbg_hub/inst/BSCANID.u_xsdbm_id/CORE_XSDB.UUT_MASTER/U_ICON_INTERFACE/U_CMD6_WR/U_WR_FIFO/SUBCORE_FIFO.xsdbm_v3_0_0_wrfifo_inst/inst_fifo_gen/gconvfifo.rf/grf.rf/gntv_or_sync_fifo.mem/gdm.dm_gen.dm/RAM_reg_0_15_0_13/RAME/CLK
Low Pulse Width   Fast    RAMD32/CLK  n/a            0.532         25.000      24.468     SLICE_X43Y228  dbg_hub/inst/BSCANID.u_xsdbm_id/CORE_XSDB.UUT_MASTER/U_ICON_INTERFACE/U_CMD6_WR/U_WR_FIFO/SUBCORE_FIFO.xsdbm_v3_0_0_wrfifo_inst/inst_fifo_gen/gconvfifo.rf/grf.rf/gntv_or_sync_fifo.mem/gdm.dm_gen.dm/RAM_reg_0_15_0_13/RAMA/CLK
Low Pulse Width   Fast    RAMD32/CLK  n/a            0.532         25.000      24.468     SLICE_X43Y228  dbg_hub/inst/BSCANID.u_xsdbm_id/CORE_XSDB.UUT_MASTER/U_ICON_INTERFACE/U_CMD6_WR/U_WR_FIFO/SUBCORE_FIFO.xsdbm_v3_0_0_wrfifo_inst/inst_fifo_gen/gconvfifo.rf/grf.rf/gntv_or_sync_fifo.mem/gdm.dm_gen.dm/RAM_reg_0_15_0_13/RAMA_D1/CLK
Low Pulse Width   Fast    RAMD32/CLK  n/a            0.532         25.000      24.468     SLICE_X43Y228  dbg_hub/inst/BSCANID.u_xsdbm_id/CORE_XSDB.UUT_MASTER/U_ICON_INTERFACE/U_CMD6_WR/U_WR_FIFO/SUBCORE_FIFO.xsdbm_v3_0_0_wrfifo_inst/inst_fifo_gen/gconvfifo.rf/grf.rf/gntv_or_sync_fifo.mem/gdm.dm_gen.dm/RAM_reg_0_15_0_13/RAMB/CLK
Low Pulse Width   Fast    RAMD32/CLK  n/a            0.532         25.000      24.468     SLICE_X43Y228  dbg_hub/inst/BSCANID.u_xsdbm_id/CORE_XSDB.UUT_MASTER/U_ICON_INTERFACE/U_CMD6_WR/U_WR_FIFO/SUBCORE_FIFO.xsdbm_v3_0_0_wrfifo_inst/inst_fifo_gen/gconvfifo.rf/grf.rf/gntv_or_sync_fifo.mem/gdm.dm_gen.dm/RAM_reg_0_15_0_13/RAMB_D1/CLK
Low Pulse Width   Fast    RAMD32/CLK  n/a            0.532         25.000      24.468     SLICE_X43Y228  dbg_hub/inst/BSCANID.u_xsdbm_id/CORE_XSDB.UUT_MASTER/U_ICON_INTERFACE/U_CMD6_WR/U_WR_FIFO/SUBCORE_FIFO.xsdbm_v3_0_0_wrfifo_inst/inst_fifo_gen/gconvfifo.rf/grf.rf/gntv_or_sync_fifo.mem/gdm.dm_gen.dm/RAM_reg_0_15_0_13/RAMC/CLK
Low Pulse Width   Fast    RAMD32/CLK  n/a            0.532         25.000      24.468     SLICE_X43Y228  dbg_hub/inst/BSCANID.u_xsdbm_id/CORE_XSDB.UUT_MASTER/U_ICON_INTERFACE/U_CMD6_WR/U_WR_FIFO/SUBCORE_FIFO.xsdbm_v3_0_0_wrfifo_inst/inst_fifo_gen/gconvfifo.rf/grf.rf/gntv_or_sync_fifo.mem/gdm.dm_gen.dm/RAM_reg_0_15_0_13/RAMC_D1/CLK
Low Pulse Width   Fast    RAMD32/CLK  n/a            0.532         25.000      24.468     SLICE_X43Y228  dbg_hub/inst/BSCANID.u_xsdbm_id/CORE_XSDB.UUT_MASTER/U_ICON_INTERFACE/U_CMD6_WR/U_WR_FIFO/SUBCORE_FIFO.xsdbm_v3_0_0_wrfifo_inst/inst_fifo_gen/gconvfifo.rf/grf.rf/gntv_or_sync_fifo.mem/gdm.dm_gen.dm/RAM_reg_0_15_0_13/RAMD/CLK
Low Pulse Width   Fast    RAMD32/CLK  n/a            0.532         25.000      24.468     SLICE_X43Y228  dbg_hub/inst/BSCANID.u_xsdbm_id/CORE_XSDB.UUT_MASTER/U_ICON_INTERFACE/U_CMD6_WR/U_WR_FIFO/SUBCORE_FIFO.xsdbm_v3_0_0_wrfifo_inst/inst_fifo_gen/gconvfifo.rf/grf.rf/gntv_or_sync_fifo.mem/gdm.dm_gen.dm/RAM_reg_0_15_0_13/RAMD_D1/CLK
Low Pulse Width   Fast    RAMD32/CLK  n/a            0.532         25.000      24.468     SLICE_X43Y228  dbg_hub/inst/BSCANID.u_xsdbm_id/CORE_XSDB.UUT_MASTER/U_ICON_INTERFACE/U_CMD6_WR/U_WR_FIFO/SUBCORE_FIFO.xsdbm_v3_0_0_wrfifo_inst/inst_fifo_gen/gconvfifo.rf/grf.rf/gntv_or_sync_fifo.mem/gdm.dm_gen.dm/RAM_reg_0_15_0_13/RAME/CLK
Low Pulse Width   Fast    RAMD32/CLK  n/a            0.532         25.000      24.468     SLICE_X43Y228  dbg_hub/inst/BSCANID.u_xsdbm_id/CORE_XSDB.UUT_MASTER/U_ICON_INTERFACE/U_CMD6_WR/U_WR_FIFO/SUBCORE_FIFO.xsdbm_v3_0_0_wrfifo_inst/inst_fifo_gen/gconvfifo.rf/grf.rf/gntv_or_sync_fifo.mem/gdm.dm_gen.dm/RAM_reg_0_15_0_13/RAME_D1/CLK
High Pulse Width  Slow    RAMD32/CLK  n/a            0.532         25.000      24.468     SLICE_X43Y228  dbg_hub/inst/BSCANID.u_xsdbm_id/CORE_XSDB.UUT_MASTER/U_ICON_INTERFACE/U_CMD6_WR/U_WR_FIFO/SUBCORE_FIFO.xsdbm_v3_0_0_wrfifo_inst/inst_fifo_gen/gconvfifo.rf/grf.rf/gntv_or_sync_fifo.mem/gdm.dm_gen.dm/RAM_reg_0_15_0_13/RAMA/CLK
High Pulse Width  Slow    RAMD32/CLK  n/a            0.532         25.000      24.468     SLICE_X43Y228  dbg_hub/inst/BSCANID.u_xsdbm_id/CORE_XSDB.UUT_MASTER/U_ICON_INTERFACE/U_CMD6_WR/U_WR_FIFO/SUBCORE_FIFO.xsdbm_v3_0_0_wrfifo_inst/inst_fifo_gen/gconvfifo.rf/grf.rf/gntv_or_sync_fifo.mem/gdm.dm_gen.dm/RAM_reg_0_15_0_13/RAMA_D1/CLK
High Pulse Width  Slow    RAMD32/CLK  n/a            0.532         25.000      24.468     SLICE_X43Y228  dbg_hub/inst/BSCANID.u_xsdbm_id/CORE_XSDB.UUT_MASTER/U_ICON_INTERFACE/U_CMD6_WR/U_WR_FIFO/SUBCORE_FIFO.xsdbm_v3_0_0_wrfifo_inst/inst_fifo_gen/gconvfifo.rf/grf.rf/gntv_or_sync_fifo.mem/gdm.dm_gen.dm/RAM_reg_0_15_0_13/RAMB/CLK
High Pulse Width  Slow    RAMD32/CLK  n/a            0.532         25.000      24.468     SLICE_X43Y228  dbg_hub/inst/BSCANID.u_xsdbm_id/CORE_XSDB.UUT_MASTER/U_ICON_INTERFACE/U_CMD6_WR/U_WR_FIFO/SUBCORE_FIFO.xsdbm_v3_0_0_wrfifo_inst/inst_fifo_gen/gconvfifo.rf/grf.rf/gntv_or_sync_fifo.mem/gdm.dm_gen.dm/RAM_reg_0_15_0_13/RAMB_D1/CLK
High Pulse Width  Slow    RAMD32/CLK  n/a            0.532         25.000      24.468     SLICE_X43Y228  dbg_hub/inst/BSCANID.u_xsdbm_id/CORE_XSDB.UUT_MASTER/U_ICON_INTERFACE/U_CMD6_WR/U_WR_FIFO/SUBCORE_FIFO.xsdbm_v3_0_0_wrfifo_inst/inst_fifo_gen/gconvfifo.rf/grf.rf/gntv_or_sync_fifo.mem/gdm.dm_gen.dm/RAM_reg_0_15_0_13/RAMC/CLK
High Pulse Width  Slow    RAMD32/CLK  n/a            0.532         25.000      24.468     SLICE_X43Y228  dbg_hub/inst/BSCANID.u_xsdbm_id/CORE_XSDB.UUT_MASTER/U_ICON_INTERFACE/U_CMD6_WR/U_WR_FIFO/SUBCORE_FIFO.xsdbm_v3_0_0_wrfifo_inst/inst_fifo_gen/gconvfifo.rf/grf.rf/gntv_or_sync_fifo.mem/gdm.dm_gen.dm/RAM_reg_0_15_0_13/RAMC_D1/CLK
High Pulse Width  Slow    RAMD32/CLK  n/a            0.532         25.000      24.468     SLICE_X43Y228  dbg_hub/inst/BSCANID.u_xsdbm_id/CORE_XSDB.UUT_MASTER/U_ICON_INTERFACE/U_CMD6_WR/U_WR_FIFO/SUBCORE_FIFO.xsdbm_v3_0_0_wrfifo_inst/inst_fifo_gen/gconvfifo.rf/grf.rf/gntv_or_sync_fifo.mem/gdm.dm_gen.dm/RAM_reg_0_15_0_13/RAMD/CLK
High Pulse Width  Slow    RAMD32/CLK  n/a            0.532         25.000      24.468     SLICE_X43Y228  dbg_hub/inst/BSCANID.u_xsdbm_id/CORE_XSDB.UUT_MASTER/U_ICON_INTERFACE/U_CMD6_WR/U_WR_FIFO/SUBCORE_FIFO.xsdbm_v3_0_0_wrfifo_inst/inst_fifo_gen/gconvfifo.rf/grf.rf/gntv_or_sync_fifo.mem/gdm.dm_gen.dm/RAM_reg_0_15_0_13/RAMD_D1/CLK
High Pulse Width  Slow    RAMD32/CLK  n/a            0.532         25.000      24.468     SLICE_X43Y228  dbg_hub/inst/BSCANID.u_xsdbm_id/CORE_XSDB.UUT_MASTER/U_ICON_INTERFACE/U_CMD6_WR/U_WR_FIFO/SUBCORE_FIFO.xsdbm_v3_0_0_wrfifo_inst/inst_fifo_gen/gconvfifo.rf/grf.rf/gntv_or_sync_fifo.mem/gdm.dm_gen.dm/RAM_reg_0_15_0_13/RAME/CLK
High Pulse Width  Slow    RAMD32/CLK  n/a            0.532         25.000      24.468     SLICE_X43Y228  dbg_hub/inst/BSCANID.u_xsdbm_id/CORE_XSDB.UUT_MASTER/U_ICON_INTERFACE/U_CMD6_WR/U_WR_FIFO/SUBCORE_FIFO.xsdbm_v3_0_0_wrfifo_inst/inst_fifo_gen/gconvfifo.rf/grf.rf/gntv_or_sync_fifo.mem/gdm.dm_gen.dm/RAM_reg_0_15_0_13/RAME_D1/CLK



---------------------------------------------------------------------------------------------------
From Clock:  dbg_hub/inst/BSCANID.u_xsdbm_id/SWITCH_N_EXT_BSCAN.bscan_inst/SERIES7_BSCAN.bscan_inst/INTERNAL_TCK
  To Clock:  clk_pl_0

Setup :            0  Failing Endpoints,  Worst Slack       49.590ns,  Total Violation        0.000ns
Hold  :           NA  Failing Endpoints,  Worst Slack           NA  ,  Total Violation           NA
---------------------------------------------------------------------------------------------------


Max Delay Paths
--------------------------------------------------------------------------------------
Slack (MET) :             49.590ns  (required time - arrival time)
  Source:                 dbg_hub/inst/BSCANID.u_xsdbm_id/CORE_XSDB.UUT_MASTER/U_ICON_INTERFACE/U_CMD6_RD/U_RD_FIFO/SUBCORE_FIFO.xsdbm_v3_0_0_rdfifo_inst/inst_fifo_gen/gconvfifo.rf/grf.rf/gntv_or_sync_fifo.gcx.clkx/gnxpm_cdc.rd_pntr_gc_reg[2]/C
                            (rising edge-triggered cell FDCE clocked by dbg_hub/inst/BSCANID.u_xsdbm_id/SWITCH_N_EXT_BSCAN.bscan_inst/SERIES7_BSCAN.bscan_inst/INTERNAL_TCK  {rise@0.000ns fall@25.000ns period=50.000ns})
  Destination:            dbg_hub/inst/BSCANID.u_xsdbm_id/CORE_XSDB.UUT_MASTER/U_ICON_INTERFACE/U_CMD6_RD/U_RD_FIFO/SUBCORE_FIFO.xsdbm_v3_0_0_rdfifo_inst/inst_fifo_gen/gconvfifo.rf/grf.rf/gntv_or_sync_fifo.gcx.clkx/gnxpm_cdc.gsync_stage[1].wr_stg_inst/Q_reg_reg[2]/D
                            (rising edge-triggered cell FDCE clocked by clk_pl_0  {rise@0.000ns fall@50.000ns period=100.001ns})
  Path Group:             clk_pl_0
  Path Type:              Setup (Max at Slow Process Corner)
  Requirement:            50.000ns  (MaxDelay Path 50.000ns)
  Data Path Delay:        0.435ns  (logic 0.079ns (18.161%)  route 0.356ns (81.839%))
  Logic Levels:           0  
  Timing Exception:       MaxDelay Path 50.000ns -datapath_only

    Location             Delay type                Incr(ns)  Path(ns)    Netlist Resource(s)
  -------------------------------------------------------------------    -------------------
    SLICE_X47Y227                                     0.000     0.000 r  dbg_hub/inst/BSCANID.u_xsdbm_id/CORE_XSDB.UUT_MASTER/U_ICON_INTERFACE/U_CMD6_RD/U_RD_FIFO/SUBCORE_FIFO.xsdbm_v3_0_0_rdfifo_inst/inst_fifo_gen/gconvfifo.rf/grf.rf/gntv_or_sync_fifo.gcx.clkx/gnxpm_cdc.rd_pntr_gc_reg[2]/C
    SLICE_X47Y227        FDCE (Prop_BFF_SLICEL_C_Q)
                                                      0.079     0.079 r  dbg_hub/inst/BSCANID.u_xsdbm_id/CORE_XSDB.UUT_MASTER/U_ICON_INTERFACE/U_CMD6_RD/U_RD_FIFO/SUBCORE_FIFO.xsdbm_v3_0_0_rdfifo_inst/inst_fifo_gen/gconvfifo.rf/grf.rf/gntv_or_sync_fifo.gcx.clkx/gnxpm_cdc.rd_pntr_gc_reg[2]/Q
                         net (fo=1, routed)           0.356     0.435    dbg_hub/inst/BSCANID.u_xsdbm_id/CORE_XSDB.UUT_MASTER/U_ICON_INTERFACE/U_CMD6_RD/U_RD_FIFO/SUBCORE_FIFO.xsdbm_v3_0_0_rdfifo_inst/inst_fifo_gen/gconvfifo.rf/grf.rf/gntv_or_sync_fifo.gcx.clkx/gnxpm_cdc.gsync_stage[1].wr_stg_inst/Q[2]
    SLICE_X47Y227        FDCE                                         r  dbg_hub/inst/BSCANID.u_xsdbm_id/CORE_XSDB.UUT_MASTER/U_ICON_INTERFACE/U_CMD6_RD/U_RD_FIFO/SUBCORE_FIFO.xsdbm_v3_0_0_rdfifo_inst/inst_fifo_gen/gconvfifo.rf/grf.rf/gntv_or_sync_fifo.gcx.clkx/gnxpm_cdc.gsync_stage[1].wr_stg_inst/Q_reg_reg[2]/D
  -------------------------------------------------------------------    -------------------

                         max delay                   50.000    50.000    
    SLICE_X47Y227        FDCE (Setup_HFF2_SLICEL_C_D)
                                                      0.025    50.025    dbg_hub/inst/BSCANID.u_xsdbm_id/CORE_XSDB.UUT_MASTER/U_ICON_INTERFACE/U_CMD6_RD/U_RD_FIFO/SUBCORE_FIFO.xsdbm_v3_0_0_rdfifo_inst/inst_fifo_gen/gconvfifo.rf/grf.rf/gntv_or_sync_fifo.gcx.clkx/gnxpm_cdc.gsync_stage[1].wr_stg_inst/Q_reg_reg[2]
  -------------------------------------------------------------------
                         required time                         50.025    
                         arrival time                          -0.435    
  -------------------------------------------------------------------
                         slack                                 49.590    

Slack (MET) :             49.635ns  (required time - arrival time)
  Source:                 dbg_hub/inst/BSCANID.u_xsdbm_id/CORE_XSDB.UUT_MASTER/U_ICON_INTERFACE/U_CMD6_RD/U_RD_FIFO/SUBCORE_FIFO.xsdbm_v3_0_0_rdfifo_inst/inst_fifo_gen/gconvfifo.rf/grf.rf/gntv_or_sync_fifo.gcx.clkx/gnxpm_cdc.rd_pntr_gc_reg[3]/C
                            (rising edge-triggered cell FDCE clocked by dbg_hub/inst/BSCANID.u_xsdbm_id/SWITCH_N_EXT_BSCAN.bscan_inst/SERIES7_BSCAN.bscan_inst/INTERNAL_TCK  {rise@0.000ns fall@25.000ns period=50.000ns})
  Destination:            dbg_hub/inst/BSCANID.u_xsdbm_id/CORE_XSDB.UUT_MASTER/U_ICON_INTERFACE/U_CMD6_RD/U_RD_FIFO/SUBCORE_FIFO.xsdbm_v3_0_0_rdfifo_inst/inst_fifo_gen/gconvfifo.rf/grf.rf/gntv_or_sync_fifo.gcx.clkx/gnxpm_cdc.gsync_stage[1].wr_stg_inst/Q_reg_reg[3]/D
                            (rising edge-triggered cell FDCE clocked by clk_pl_0  {rise@0.000ns fall@50.000ns period=100.001ns})
  Path Group:             clk_pl_0
  Path Type:              Setup (Max at Slow Process Corner)
  Requirement:            50.000ns  (MaxDelay Path 50.000ns)
  Data Path Delay:        0.390ns  (logic 0.080ns (20.513%)  route 0.310ns (79.487%))
  Logic Levels:           0  
  Timing Exception:       MaxDelay Path 50.000ns -datapath_only

    Location             Delay type                Incr(ns)  Path(ns)    Netlist Resource(s)
  -------------------------------------------------------------------    -------------------
    SLICE_X47Y227                                     0.000     0.000 r  dbg_hub/inst/BSCANID.u_xsdbm_id/CORE_XSDB.UUT_MASTER/U_ICON_INTERFACE/U_CMD6_RD/U_RD_FIFO/SUBCORE_FIFO.xsdbm_v3_0_0_rdfifo_inst/inst_fifo_gen/gconvfifo.rf/grf.rf/gntv_or_sync_fifo.gcx.clkx/gnxpm_cdc.rd_pntr_gc_reg[3]/C
    SLICE_X47Y227        FDCE (Prop_BFF2_SLICEL_C_Q)
                                                      0.080     0.080 r  dbg_hub/inst/BSCANID.u_xsdbm_id/CORE_XSDB.UUT_MASTER/U_ICON_INTERFACE/U_CMD6_RD/U_RD_FIFO/SUBCORE_FIFO.xsdbm_v3_0_0_rdfifo_inst/inst_fifo_gen/gconvfifo.rf/grf.rf/gntv_or_sync_fifo.gcx.clkx/gnxpm_cdc.rd_pntr_gc_reg[3]/Q
                         net (fo=1, routed)           0.310     0.390    dbg_hub/inst/BSCANID.u_xsdbm_id/CORE_XSDB.UUT_MASTER/U_ICON_INTERFACE/U_CMD6_RD/U_RD_FIFO/SUBCORE_FIFO.xsdbm_v3_0_0_rdfifo_inst/inst_fifo_gen/gconvfifo.rf/grf.rf/gntv_or_sync_fifo.gcx.clkx/gnxpm_cdc.gsync_stage[1].wr_stg_inst/Q[3]
    SLICE_X47Y227        FDCE                                         r  dbg_hub/inst/BSCANID.u_xsdbm_id/CORE_XSDB.UUT_MASTER/U_ICON_INTERFACE/U_CMD6_RD/U_RD_FIFO/SUBCORE_FIFO.xsdbm_v3_0_0_rdfifo_inst/inst_fifo_gen/gconvfifo.rf/grf.rf/gntv_or_sync_fifo.gcx.clkx/gnxpm_cdc.gsync_stage[1].wr_stg_inst/Q_reg_reg[3]/D
  -------------------------------------------------------------------    -------------------

                         max delay                   50.000    50.000    
    SLICE_X47Y227        FDCE (Setup_GFF2_SLICEL_C_D)
                                                      0.025    50.025    dbg_hub/inst/BSCANID.u_xsdbm_id/CORE_XSDB.UUT_MASTER/U_ICON_INTERFACE/U_CMD6_RD/U_RD_FIFO/SUBCORE_FIFO.xsdbm_v3_0_0_rdfifo_inst/inst_fifo_gen/gconvfifo.rf/grf.rf/gntv_or_sync_fifo.gcx.clkx/gnxpm_cdc.gsync_stage[1].wr_stg_inst/Q_reg_reg[3]
  -------------------------------------------------------------------
                         required time                         50.025    
                         arrival time                          -0.390    
  -------------------------------------------------------------------
                         slack                                 49.635    

Slack (MET) :             49.643ns  (required time - arrival time)
  Source:                 dbg_hub/inst/BSCANID.u_xsdbm_id/CORE_XSDB.UUT_MASTER/U_ICON_INTERFACE/U_CMD6_RD/U_RD_FIFO/SUBCORE_FIFO.xsdbm_v3_0_0_rdfifo_inst/inst_fifo_gen/gconvfifo.rf/grf.rf/gntv_or_sync_fifo.gcx.clkx/gnxpm_cdc.rd_pntr_gc_reg[1]/C
                            (rising edge-triggered cell FDCE clocked by dbg_hub/inst/BSCANID.u_xsdbm_id/SWITCH_N_EXT_BSCAN.bscan_inst/SERIES7_BSCAN.bscan_inst/INTERNAL_TCK  {rise@0.000ns fall@25.000ns period=50.000ns})
  Destination:            dbg_hub/inst/BSCANID.u_xsdbm_id/CORE_XSDB.UUT_MASTER/U_ICON_INTERFACE/U_CMD6_RD/U_RD_FIFO/SUBCORE_FIFO.xsdbm_v3_0_0_rdfifo_inst/inst_fifo_gen/gconvfifo.rf/grf.rf/gntv_or_sync_fifo.gcx.clkx/gnxpm_cdc.gsync_stage[1].wr_stg_inst/Q_reg_reg[1]/D
                            (rising edge-triggered cell FDCE clocked by clk_pl_0  {rise@0.000ns fall@50.000ns period=100.001ns})
  Path Group:             clk_pl_0
  Path Type:              Setup (Max at Slow Process Corner)
  Requirement:            50.000ns  (MaxDelay Path 50.000ns)
  Data Path Delay:        0.382ns  (logic 0.081ns (21.204%)  route 0.301ns (78.796%))
  Logic Levels:           0  
  Timing Exception:       MaxDelay Path 50.000ns -datapath_only

    Location             Delay type                Incr(ns)  Path(ns)    Netlist Resource(s)
  -------------------------------------------------------------------    -------------------
    SLICE_X48Y228                                     0.000     0.000 r  dbg_hub/inst/BSCANID.u_xsdbm_id/CORE_XSDB.UUT_MASTER/U_ICON_INTERFACE/U_CMD6_RD/U_RD_FIFO/SUBCORE_FIFO.xsdbm_v3_0_0_rdfifo_inst/inst_fifo_gen/gconvfifo.rf/grf.rf/gntv_or_sync_fifo.gcx.clkx/gnxpm_cdc.rd_pntr_gc_reg[1]/C
    SLICE_X48Y228        FDCE (Prop_DFF2_SLICEL_C_Q)
                                                      0.081     0.081 r  dbg_hub/inst/BSCANID.u_xsdbm_id/CORE_XSDB.UUT_MASTER/U_ICON_INTERFACE/U_CMD6_RD/U_RD_FIFO/SUBCORE_FIFO.xsdbm_v3_0_0_rdfifo_inst/inst_fifo_gen/gconvfifo.rf/grf.rf/gntv_or_sync_fifo.gcx.clkx/gnxpm_cdc.rd_pntr_gc_reg[1]/Q
                         net (fo=1, routed)           0.301     0.382    dbg_hub/inst/BSCANID.u_xsdbm_id/CORE_XSDB.UUT_MASTER/U_ICON_INTERFACE/U_CMD6_RD/U_RD_FIFO/SUBCORE_FIFO.xsdbm_v3_0_0_rdfifo_inst/inst_fifo_gen/gconvfifo.rf/grf.rf/gntv_or_sync_fifo.gcx.clkx/gnxpm_cdc.gsync_stage[1].wr_stg_inst/Q[1]
    SLICE_X48Y228        FDCE                                         r  dbg_hub/inst/BSCANID.u_xsdbm_id/CORE_XSDB.UUT_MASTER/U_ICON_INTERFACE/U_CMD6_RD/U_RD_FIFO/SUBCORE_FIFO.xsdbm_v3_0_0_rdfifo_inst/inst_fifo_gen/gconvfifo.rf/grf.rf/gntv_or_sync_fifo.gcx.clkx/gnxpm_cdc.gsync_stage[1].wr_stg_inst/Q_reg_reg[1]/D
  -------------------------------------------------------------------    -------------------

                         max delay                   50.000    50.000    
    SLICE_X48Y228        FDCE (Setup_GFF2_SLICEL_C_D)
                                                      0.025    50.025    dbg_hub/inst/BSCANID.u_xsdbm_id/CORE_XSDB.UUT_MASTER/U_ICON_INTERFACE/U_CMD6_RD/U_RD_FIFO/SUBCORE_FIFO.xsdbm_v3_0_0_rdfifo_inst/inst_fifo_gen/gconvfifo.rf/grf.rf/gntv_or_sync_fifo.gcx.clkx/gnxpm_cdc.gsync_stage[1].wr_stg_inst/Q_reg_reg[1]
  -------------------------------------------------------------------
                         required time                         50.025    
                         arrival time                          -0.382    
  -------------------------------------------------------------------
                         slack                                 49.643    

Slack (MET) :             49.682ns  (required time - arrival time)
  Source:                 dbg_hub/inst/BSCANID.u_xsdbm_id/CORE_XSDB.UUT_MASTER/U_ICON_INTERFACE/U_CMD6_WR/U_WR_FIFO/SUBCORE_FIFO.xsdbm_v3_0_0_wrfifo_inst/inst_fifo_gen/gconvfifo.rf/grf.rf/gntv_or_sync_fifo.gcx.clkx/gnxpm_cdc.wr_pntr_gc_reg[3]/C
                            (rising edge-triggered cell FDCE clocked by dbg_hub/inst/BSCANID.u_xsdbm_id/SWITCH_N_EXT_BSCAN.bscan_inst/SERIES7_BSCAN.bscan_inst/INTERNAL_TCK  {rise@0.000ns fall@25.000ns period=50.000ns})
  Destination:            dbg_hub/inst/BSCANID.u_xsdbm_id/CORE_XSDB.UUT_MASTER/U_ICON_INTERFACE/U_CMD6_WR/U_WR_FIFO/SUBCORE_FIFO.xsdbm_v3_0_0_wrfifo_inst/inst_fifo_gen/gconvfifo.rf/grf.rf/gntv_or_sync_fifo.gcx.clkx/gnxpm_cdc.gsync_stage[1].rd_stg_inst/Q_reg_reg[3]/D
                            (rising edge-triggered cell FDCE clocked by clk_pl_0  {rise@0.000ns fall@50.000ns period=100.001ns})
  Path Group:             clk_pl_0
  Path Type:              Setup (Max at Slow Process Corner)
  Requirement:            50.000ns  (MaxDelay Path 50.000ns)
  Data Path Delay:        0.343ns  (logic 0.077ns (22.449%)  route 0.266ns (77.551%))
  Logic Levels:           0  
  Timing Exception:       MaxDelay Path 50.000ns -datapath_only

    Location             Delay type                Incr(ns)  Path(ns)    Netlist Resource(s)
  -------------------------------------------------------------------    -------------------
    SLICE_X43Y232                                     0.000     0.000 r  dbg_hub/inst/BSCANID.u_xsdbm_id/CORE_XSDB.UUT_MASTER/U_ICON_INTERFACE/U_CMD6_WR/U_WR_FIFO/SUBCORE_FIFO.xsdbm_v3_0_0_wrfifo_inst/inst_fifo_gen/gconvfifo.rf/grf.rf/gntv_or_sync_fifo.gcx.clkx/gnxpm_cdc.wr_pntr_gc_reg[3]/C
    SLICE_X43Y232        FDCE (Prop_AFF_SLICEM_C_Q)
                                                      0.077     0.077 r  dbg_hub/inst/BSCANID.u_xsdbm_id/CORE_XSDB.UUT_MASTER/U_ICON_INTERFACE/U_CMD6_WR/U_WR_FIFO/SUBCORE_FIFO.xsdbm_v3_0_0_wrfifo_inst/inst_fifo_gen/gconvfifo.rf/grf.rf/gntv_or_sync_fifo.gcx.clkx/gnxpm_cdc.wr_pntr_gc_reg[3]/Q
                         net (fo=1, routed)           0.266     0.343    dbg_hub/inst/BSCANID.u_xsdbm_id/CORE_XSDB.UUT_MASTER/U_ICON_INTERFACE/U_CMD6_WR/U_WR_FIFO/SUBCORE_FIFO.xsdbm_v3_0_0_wrfifo_inst/inst_fifo_gen/gconvfifo.rf/grf.rf/gntv_or_sync_fifo.gcx.clkx/gnxpm_cdc.gsync_stage[1].rd_stg_inst/Q[3]
    SLICE_X43Y232        FDCE                                         r  dbg_hub/inst/BSCANID.u_xsdbm_id/CORE_XSDB.UUT_MASTER/U_ICON_INTERFACE/U_CMD6_WR/U_WR_FIFO/SUBCORE_FIFO.xsdbm_v3_0_0_wrfifo_inst/inst_fifo_gen/gconvfifo.rf/grf.rf/gntv_or_sync_fifo.gcx.clkx/gnxpm_cdc.gsync_stage[1].rd_stg_inst/Q_reg_reg[3]/D
  -------------------------------------------------------------------    -------------------

                         max delay                   50.000    50.000    
    SLICE_X43Y232        FDCE (Setup_FFF2_SLICEM_C_D)
                                                      0.025    50.025    dbg_hub/inst/BSCANID.u_xsdbm_id/CORE_XSDB.UUT_MASTER/U_ICON_INTERFACE/U_CMD6_WR/U_WR_FIFO/SUBCORE_FIFO.xsdbm_v3_0_0_wrfifo_inst/inst_fifo_gen/gconvfifo.rf/grf.rf/gntv_or_sync_fifo.gcx.clkx/gnxpm_cdc.gsync_stage[1].rd_stg_inst/Q_reg_reg[3]
  -------------------------------------------------------------------
                         required time                         50.025    
                         arrival time                          -0.343    
  -------------------------------------------------------------------
                         slack                                 49.682    

Slack (MET) :             49.731ns  (required time - arrival time)
  Source:                 dbg_hub/inst/BSCANID.u_xsdbm_id/CORE_XSDB.UUT_MASTER/U_ICON_INTERFACE/U_CMD6_WR/U_WR_FIFO/SUBCORE_FIFO.xsdbm_v3_0_0_wrfifo_inst/inst_fifo_gen/gconvfifo.rf/grf.rf/gntv_or_sync_fifo.gcx.clkx/gnxpm_cdc.wr_pntr_gc_reg[2]/C
                            (rising edge-triggered cell FDCE clocked by dbg_hub/inst/BSCANID.u_xsdbm_id/SWITCH_N_EXT_BSCAN.bscan_inst/SERIES7_BSCAN.bscan_inst/INTERNAL_TCK  {rise@0.000ns fall@25.000ns period=50.000ns})
  Destination:            dbg_hub/inst/BSCANID.u_xsdbm_id/CORE_XSDB.UUT_MASTER/U_ICON_INTERFACE/U_CMD6_WR/U_WR_FIFO/SUBCORE_FIFO.xsdbm_v3_0_0_wrfifo_inst/inst_fifo_gen/gconvfifo.rf/grf.rf/gntv_or_sync_fifo.gcx.clkx/gnxpm_cdc.gsync_stage[1].rd_stg_inst/Q_reg_reg[2]/D
                            (rising edge-triggered cell FDCE clocked by clk_pl_0  {rise@0.000ns fall@50.000ns period=100.001ns})
  Path Group:             clk_pl_0
  Path Type:              Setup (Max at Slow Process Corner)
  Requirement:            50.000ns  (MaxDelay Path 50.000ns)
  Data Path Delay:        0.294ns  (logic 0.078ns (26.531%)  route 0.216ns (73.469%))
  Logic Levels:           0  
  Timing Exception:       MaxDelay Path 50.000ns -datapath_only

    Location             Delay type                Incr(ns)  Path(ns)    Netlist Resource(s)
  -------------------------------------------------------------------    -------------------
    SLICE_X43Y232                                     0.000     0.000 r  dbg_hub/inst/BSCANID.u_xsdbm_id/CORE_XSDB.UUT_MASTER/U_ICON_INTERFACE/U_CMD6_WR/U_WR_FIFO/SUBCORE_FIFO.xsdbm_v3_0_0_wrfifo_inst/inst_fifo_gen/gconvfifo.rf/grf.rf/gntv_or_sync_fifo.gcx.clkx/gnxpm_cdc.wr_pntr_gc_reg[2]/C
    SLICE_X43Y232        FDCE (Prop_CFF_SLICEM_C_Q)
                                                      0.078     0.078 r  dbg_hub/inst/BSCANID.u_xsdbm_id/CORE_XSDB.UUT_MASTER/U_ICON_INTERFACE/U_CMD6_WR/U_WR_FIFO/SUBCORE_FIFO.xsdbm_v3_0_0_wrfifo_inst/inst_fifo_gen/gconvfifo.rf/grf.rf/gntv_or_sync_fifo.gcx.clkx/gnxpm_cdc.wr_pntr_gc_reg[2]/Q
                         net (fo=1, routed)           0.216     0.294    dbg_hub/inst/BSCANID.u_xsdbm_id/CORE_XSDB.UUT_MASTER/U_ICON_INTERFACE/U_CMD6_WR/U_WR_FIFO/SUBCORE_FIFO.xsdbm_v3_0_0_wrfifo_inst/inst_fifo_gen/gconvfifo.rf/grf.rf/gntv_or_sync_fifo.gcx.clkx/gnxpm_cdc.gsync_stage[1].rd_stg_inst/Q[2]
    SLICE_X43Y232        FDCE                                         r  dbg_hub/inst/BSCANID.u_xsdbm_id/CORE_XSDB.UUT_MASTER/U_ICON_INTERFACE/U_CMD6_WR/U_WR_FIFO/SUBCORE_FIFO.xsdbm_v3_0_0_wrfifo_inst/inst_fifo_gen/gconvfifo.rf/grf.rf/gntv_or_sync_fifo.gcx.clkx/gnxpm_cdc.gsync_stage[1].rd_stg_inst/Q_reg_reg[2]/D
  -------------------------------------------------------------------    -------------------

                         max delay                   50.000    50.000    
    SLICE_X43Y232        FDCE (Setup_GFF2_SLICEM_C_D)
                                                      0.025    50.025    dbg_hub/inst/BSCANID.u_xsdbm_id/CORE_XSDB.UUT_MASTER/U_ICON_INTERFACE/U_CMD6_WR/U_WR_FIFO/SUBCORE_FIFO.xsdbm_v3_0_0_wrfifo_inst/inst_fifo_gen/gconvfifo.rf/grf.rf/gntv_or_sync_fifo.gcx.clkx/gnxpm_cdc.gsync_stage[1].rd_stg_inst/Q_reg_reg[2]
  -------------------------------------------------------------------
                         required time                         50.025    
                         arrival time                          -0.294    
  -------------------------------------------------------------------
                         slack                                 49.731    

Slack (MET) :             49.787ns  (required time - arrival time)
  Source:                 dbg_hub/inst/BSCANID.u_xsdbm_id/CORE_XSDB.UUT_MASTER/U_ICON_INTERFACE/U_CMD6_WR/U_WR_FIFO/SUBCORE_FIFO.xsdbm_v3_0_0_wrfifo_inst/inst_fifo_gen/gconvfifo.rf/grf.rf/gntv_or_sync_fifo.gcx.clkx/gnxpm_cdc.wr_pntr_gc_reg[0]/C
                            (rising edge-triggered cell FDCE clocked by dbg_hub/inst/BSCANID.u_xsdbm_id/SWITCH_N_EXT_BSCAN.bscan_inst/SERIES7_BSCAN.bscan_inst/INTERNAL_TCK  {rise@0.000ns fall@25.000ns period=50.000ns})
  Destination:            dbg_hub/inst/BSCANID.u_xsdbm_id/CORE_XSDB.UUT_MASTER/U_ICON_INTERFACE/U_CMD6_WR/U_WR_FIFO/SUBCORE_FIFO.xsdbm_v3_0_0_wrfifo_inst/inst_fifo_gen/gconvfifo.rf/grf.rf/gntv_or_sync_fifo.gcx.clkx/gnxpm_cdc.gsync_stage[1].rd_stg_inst/Q_reg_reg[0]/D
                            (rising edge-triggered cell FDCE clocked by clk_pl_0  {rise@0.000ns fall@50.000ns period=100.001ns})
  Path Group:             clk_pl_0
  Path Type:              Setup (Max at Slow Process Corner)
  Requirement:            50.000ns  (MaxDelay Path 50.000ns)
  Data Path Delay:        0.238ns  (logic 0.078ns (32.773%)  route 0.160ns (67.227%))
  Logic Levels:           0  
  Timing Exception:       MaxDelay Path 50.000ns -datapath_only

    Location             Delay type                Incr(ns)  Path(ns)    Netlist Resource(s)
  -------------------------------------------------------------------    -------------------
    SLICE_X43Y232                                     0.000     0.000 r  dbg_hub/inst/BSCANID.u_xsdbm_id/CORE_XSDB.UUT_MASTER/U_ICON_INTERFACE/U_CMD6_WR/U_WR_FIFO/SUBCORE_FIFO.xsdbm_v3_0_0_wrfifo_inst/inst_fifo_gen/gconvfifo.rf/grf.rf/gntv_or_sync_fifo.gcx.clkx/gnxpm_cdc.wr_pntr_gc_reg[0]/C
    SLICE_X43Y232        FDCE (Prop_DFF_SLICEM_C_Q)
                                                      0.078     0.078 r  dbg_hub/inst/BSCANID.u_xsdbm_id/CORE_XSDB.UUT_MASTER/U_ICON_INTERFACE/U_CMD6_WR/U_WR_FIFO/SUBCORE_FIFO.xsdbm_v3_0_0_wrfifo_inst/inst_fifo_gen/gconvfifo.rf/grf.rf/gntv_or_sync_fifo.gcx.clkx/gnxpm_cdc.wr_pntr_gc_reg[0]/Q
                         net (fo=1, routed)           0.160     0.238    dbg_hub/inst/BSCANID.u_xsdbm_id/CORE_XSDB.UUT_MASTER/U_ICON_INTERFACE/U_CMD6_WR/U_WR_FIFO/SUBCORE_FIFO.xsdbm_v3_0_0_wrfifo_inst/inst_fifo_gen/gconvfifo.rf/grf.rf/gntv_or_sync_fifo.gcx.clkx/gnxpm_cdc.gsync_stage[1].rd_stg_inst/Q[0]
    SLICE_X42Y232        FDCE                                         r  dbg_hub/inst/BSCANID.u_xsdbm_id/CORE_XSDB.UUT_MASTER/U_ICON_INTERFACE/U_CMD6_WR/U_WR_FIFO/SUBCORE_FIFO.xsdbm_v3_0_0_wrfifo_inst/inst_fifo_gen/gconvfifo.rf/grf.rf/gntv_or_sync_fifo.gcx.clkx/gnxpm_cdc.gsync_stage[1].rd_stg_inst/Q_reg_reg[0]/D
  -------------------------------------------------------------------    -------------------

                         max delay                   50.000    50.000    
    SLICE_X42Y232        FDCE (Setup_CFF2_SLICEL_C_D)
                                                      0.025    50.025    dbg_hub/inst/BSCANID.u_xsdbm_id/CORE_XSDB.UUT_MASTER/U_ICON_INTERFACE/U_CMD6_WR/U_WR_FIFO/SUBCORE_FIFO.xsdbm_v3_0_0_wrfifo_inst/inst_fifo_gen/gconvfifo.rf/grf.rf/gntv_or_sync_fifo.gcx.clkx/gnxpm_cdc.gsync_stage[1].rd_stg_inst/Q_reg_reg[0]
  -------------------------------------------------------------------
                         required time                         50.025    
                         arrival time                          -0.238    
  -------------------------------------------------------------------
                         slack                                 49.787    

Slack (MET) :             49.791ns  (required time - arrival time)
  Source:                 dbg_hub/inst/BSCANID.u_xsdbm_id/CORE_XSDB.UUT_MASTER/U_ICON_INTERFACE/U_CMD6_WR/U_WR_FIFO/SUBCORE_FIFO.xsdbm_v3_0_0_wrfifo_inst/inst_fifo_gen/gconvfifo.rf/grf.rf/gntv_or_sync_fifo.gcx.clkx/gnxpm_cdc.wr_pntr_gc_reg[1]/C
                            (rising edge-triggered cell FDCE clocked by dbg_hub/inst/BSCANID.u_xsdbm_id/SWITCH_N_EXT_BSCAN.bscan_inst/SERIES7_BSCAN.bscan_inst/INTERNAL_TCK  {rise@0.000ns fall@25.000ns period=50.000ns})
  Destination:            dbg_hub/inst/BSCANID.u_xsdbm_id/CORE_XSDB.UUT_MASTER/U_ICON_INTERFACE/U_CMD6_WR/U_WR_FIFO/SUBCORE_FIFO.xsdbm_v3_0_0_wrfifo_inst/inst_fifo_gen/gconvfifo.rf/grf.rf/gntv_or_sync_fifo.gcx.clkx/gnxpm_cdc.gsync_stage[1].rd_stg_inst/Q_reg_reg[1]/D
                            (rising edge-triggered cell FDCE clocked by clk_pl_0  {rise@0.000ns fall@50.000ns period=100.001ns})
  Path Group:             clk_pl_0
  Path Type:              Setup (Max at Slow Process Corner)
  Requirement:            50.000ns  (MaxDelay Path 50.000ns)
  Data Path Delay:        0.234ns  (logic 0.080ns (34.188%)  route 0.154ns (65.812%))
  Logic Levels:           0  
  Timing Exception:       MaxDelay Path 50.000ns -datapath_only

    Location             Delay type                Incr(ns)  Path(ns)    Netlist Resource(s)
  -------------------------------------------------------------------    -------------------
    SLICE_X43Y232                                     0.000     0.000 r  dbg_hub/inst/BSCANID.u_xsdbm_id/CORE_XSDB.UUT_MASTER/U_ICON_INTERFACE/U_CMD6_WR/U_WR_FIFO/SUBCORE_FIFO.xsdbm_v3_0_0_wrfifo_inst/inst_fifo_gen/gconvfifo.rf/grf.rf/gntv_or_sync_fifo.gcx.clkx/gnxpm_cdc.wr_pntr_gc_reg[1]/C
    SLICE_X43Y232        FDCE (Prop_DFF2_SLICEM_C_Q)
                                                      0.080     0.080 r  dbg_hub/inst/BSCANID.u_xsdbm_id/CORE_XSDB.UUT_MASTER/U_ICON_INTERFACE/U_CMD6_WR/U_WR_FIFO/SUBCORE_FIFO.xsdbm_v3_0_0_wrfifo_inst/inst_fifo_gen/gconvfifo.rf/grf.rf/gntv_or_sync_fifo.gcx.clkx/gnxpm_cdc.wr_pntr_gc_reg[1]/Q
                         net (fo=1, routed)           0.154     0.234    dbg_hub/inst/BSCANID.u_xsdbm_id/CORE_XSDB.UUT_MASTER/U_ICON_INTERFACE/U_CMD6_WR/U_WR_FIFO/SUBCORE_FIFO.xsdbm_v3_0_0_wrfifo_inst/inst_fifo_gen/gconvfifo.rf/grf.rf/gntv_or_sync_fifo.gcx.clkx/gnxpm_cdc.gsync_stage[1].rd_stg_inst/Q[1]
    SLICE_X42Y232        FDCE                                         r  dbg_hub/inst/BSCANID.u_xsdbm_id/CORE_XSDB.UUT_MASTER/U_ICON_INTERFACE/U_CMD6_WR/U_WR_FIFO/SUBCORE_FIFO.xsdbm_v3_0_0_wrfifo_inst/inst_fifo_gen/gconvfifo.rf/grf.rf/gntv_or_sync_fifo.gcx.clkx/gnxpm_cdc.gsync_stage[1].rd_stg_inst/Q_reg_reg[1]/D
  -------------------------------------------------------------------    -------------------

                         max delay                   50.000    50.000    
    SLICE_X42Y232        FDCE (Setup_HFF2_SLICEL_C_D)
                                                      0.025    50.025    dbg_hub/inst/BSCANID.u_xsdbm_id/CORE_XSDB.UUT_MASTER/U_ICON_INTERFACE/U_CMD6_WR/U_WR_FIFO/SUBCORE_FIFO.xsdbm_v3_0_0_wrfifo_inst/inst_fifo_gen/gconvfifo.rf/grf.rf/gntv_or_sync_fifo.gcx.clkx/gnxpm_cdc.gsync_stage[1].rd_stg_inst/Q_reg_reg[1]
  -------------------------------------------------------------------
                         required time                         50.025    
                         arrival time                          -0.234    
  -------------------------------------------------------------------
                         slack                                 49.791    

Slack (MET) :             49.793ns  (required time - arrival time)
  Source:                 dbg_hub/inst/BSCANID.u_xsdbm_id/CORE_XSDB.UUT_MASTER/U_ICON_INTERFACE/U_CMD6_RD/U_RD_FIFO/SUBCORE_FIFO.xsdbm_v3_0_0_rdfifo_inst/inst_fifo_gen/gconvfifo.rf/grf.rf/gntv_or_sync_fifo.gcx.clkx/gnxpm_cdc.rd_pntr_gc_reg[0]/C
                            (rising edge-triggered cell FDCE clocked by dbg_hub/inst/BSCANID.u_xsdbm_id/SWITCH_N_EXT_BSCAN.bscan_inst/SERIES7_BSCAN.bscan_inst/INTERNAL_TCK  {rise@0.000ns fall@25.000ns period=50.000ns})
  Destination:            dbg_hub/inst/BSCANID.u_xsdbm_id/CORE_XSDB.UUT_MASTER/U_ICON_INTERFACE/U_CMD6_RD/U_RD_FIFO/SUBCORE_FIFO.xsdbm_v3_0_0_rdfifo_inst/inst_fifo_gen/gconvfifo.rf/grf.rf/gntv_or_sync_fifo.gcx.clkx/gnxpm_cdc.gsync_stage[1].wr_stg_inst/Q_reg_reg[0]/D
                            (rising edge-triggered cell FDCE clocked by clk_pl_0  {rise@0.000ns fall@50.000ns period=100.001ns})
  Path Group:             clk_pl_0
  Path Type:              Setup (Max at Slow Process Corner)
  Requirement:            50.000ns  (MaxDelay Path 50.000ns)
  Data Path Delay:        0.232ns  (logic 0.079ns (34.052%)  route 0.153ns (65.948%))
  Logic Levels:           0  
  Timing Exception:       MaxDelay Path 50.000ns -datapath_only

    Location             Delay type                Incr(ns)  Path(ns)    Netlist Resource(s)
  -------------------------------------------------------------------    -------------------
    SLICE_X47Y227                                     0.000     0.000 r  dbg_hub/inst/BSCANID.u_xsdbm_id/CORE_XSDB.UUT_MASTER/U_ICON_INTERFACE/U_CMD6_RD/U_RD_FIFO/SUBCORE_FIFO.xsdbm_v3_0_0_rdfifo_inst/inst_fifo_gen/gconvfifo.rf/grf.rf/gntv_or_sync_fifo.gcx.clkx/gnxpm_cdc.rd_pntr_gc_reg[0]/C
    SLICE_X47Y227        FDCE (Prop_AFF_SLICEL_C_Q)
                                                      0.079     0.079 r  dbg_hub/inst/BSCANID.u_xsdbm_id/CORE_XSDB.UUT_MASTER/U_ICON_INTERFACE/U_CMD6_RD/U_RD_FIFO/SUBCORE_FIFO.xsdbm_v3_0_0_rdfifo_inst/inst_fifo_gen/gconvfifo.rf/grf.rf/gntv_or_sync_fifo.gcx.clkx/gnxpm_cdc.rd_pntr_gc_reg[0]/Q
                         net (fo=1, routed)           0.153     0.232    dbg_hub/inst/BSCANID.u_xsdbm_id/CORE_XSDB.UUT_MASTER/U_ICON_INTERFACE/U_CMD6_RD/U_RD_FIFO/SUBCORE_FIFO.xsdbm_v3_0_0_rdfifo_inst/inst_fifo_gen/gconvfifo.rf/grf.rf/gntv_or_sync_fifo.gcx.clkx/gnxpm_cdc.gsync_stage[1].wr_stg_inst/Q[0]
    SLICE_X48Y227        FDCE                                         r  dbg_hub/inst/BSCANID.u_xsdbm_id/CORE_XSDB.UUT_MASTER/U_ICON_INTERFACE/U_CMD6_RD/U_RD_FIFO/SUBCORE_FIFO.xsdbm_v3_0_0_rdfifo_inst/inst_fifo_gen/gconvfifo.rf/grf.rf/gntv_or_sync_fifo.gcx.clkx/gnxpm_cdc.gsync_stage[1].wr_stg_inst/Q_reg_reg[0]/D
  -------------------------------------------------------------------    -------------------

                         max delay                   50.000    50.000    
    SLICE_X48Y227        FDCE (Setup_BFF2_SLICEL_C_D)
                                                      0.025    50.025    dbg_hub/inst/BSCANID.u_xsdbm_id/CORE_XSDB.UUT_MASTER/U_ICON_INTERFACE/U_CMD6_RD/U_RD_FIFO/SUBCORE_FIFO.xsdbm_v3_0_0_rdfifo_inst/inst_fifo_gen/gconvfifo.rf/grf.rf/gntv_or_sync_fifo.gcx.clkx/gnxpm_cdc.gsync_stage[1].wr_stg_inst/Q_reg_reg[0]
  -------------------------------------------------------------------
                         required time                         50.025    
                         arrival time                          -0.232    
  -------------------------------------------------------------------
                         slack                                 49.793    





---------------------------------------------------------------------------------------------------
From Clock:  clk_pl_0
  To Clock:  dbg_hub/inst/BSCANID.u_xsdbm_id/SWITCH_N_EXT_BSCAN.bscan_inst/SERIES7_BSCAN.bscan_inst/INTERNAL_TCK

Setup :            0  Failing Endpoints,  Worst Slack       99.354ns,  Total Violation        0.000ns
Hold  :           NA  Failing Endpoints,  Worst Slack           NA  ,  Total Violation           NA
---------------------------------------------------------------------------------------------------


Max Delay Paths
--------------------------------------------------------------------------------------
Slack (MET) :             99.354ns  (required time - arrival time)
  Source:                 dbg_hub/inst/BSCANID.u_xsdbm_id/CORE_XSDB.UUT_MASTER/U_ICON_INTERFACE/U_CMD6_RD/U_RD_FIFO/SUBCORE_FIFO.xsdbm_v3_0_0_rdfifo_inst/inst_fifo_gen/gconvfifo.rf/grf.rf/gntv_or_sync_fifo.gcx.clkx/gnxpm_cdc.wr_pntr_gc_reg[1]/C
                            (rising edge-triggered cell FDCE clocked by clk_pl_0  {rise@0.000ns fall@50.000ns period=100.001ns})
  Destination:            dbg_hub/inst/BSCANID.u_xsdbm_id/CORE_XSDB.UUT_MASTER/U_ICON_INTERFACE/U_CMD6_RD/U_RD_FIFO/SUBCORE_FIFO.xsdbm_v3_0_0_rdfifo_inst/inst_fifo_gen/gconvfifo.rf/grf.rf/gntv_or_sync_fifo.gcx.clkx/gnxpm_cdc.gsync_stage[1].rd_stg_inst/Q_reg_reg[1]/D
                            (rising edge-triggered cell FDCE clocked by dbg_hub/inst/BSCANID.u_xsdbm_id/SWITCH_N_EXT_BSCAN.bscan_inst/SERIES7_BSCAN.bscan_inst/INTERNAL_TCK  {rise@0.000ns fall@25.000ns period=50.000ns})
  Path Group:             dbg_hub/inst/BSCANID.u_xsdbm_id/SWITCH_N_EXT_BSCAN.bscan_inst/SERIES7_BSCAN.bscan_inst/INTERNAL_TCK
  Path Type:              Setup (Max at Slow Process Corner)
  Requirement:            100.001ns  (MaxDelay Path 100.001ns)
  Data Path Delay:        0.672ns  (logic 0.080ns (11.905%)  route 0.592ns (88.095%))
  Logic Levels:           0  
  Timing Exception:       MaxDelay Path 100.001ns -datapath_only

    Location             Delay type                Incr(ns)  Path(ns)    Netlist Resource(s)
  -------------------------------------------------------------------    -------------------
    SLICE_X48Y228                                     0.000     0.000 r  dbg_hub/inst/BSCANID.u_xsdbm_id/CORE_XSDB.UUT_MASTER/U_ICON_INTERFACE/U_CMD6_RD/U_RD_FIFO/SUBCORE_FIFO.xsdbm_v3_0_0_rdfifo_inst/inst_fifo_gen/gconvfifo.rf/grf.rf/gntv_or_sync_fifo.gcx.clkx/gnxpm_cdc.wr_pntr_gc_reg[1]/C
    SLICE_X48Y228        FDCE (Prop_HFF2_SLICEL_C_Q)
                                                      0.080     0.080 r  dbg_hub/inst/BSCANID.u_xsdbm_id/CORE_XSDB.UUT_MASTER/U_ICON_INTERFACE/U_CMD6_RD/U_RD_FIFO/SUBCORE_FIFO.xsdbm_v3_0_0_rdfifo_inst/inst_fifo_gen/gconvfifo.rf/grf.rf/gntv_or_sync_fifo.gcx.clkx/gnxpm_cdc.wr_pntr_gc_reg[1]/Q
                         net (fo=1, routed)           0.592     0.672    dbg_hub/inst/BSCANID.u_xsdbm_id/CORE_XSDB.UUT_MASTER/U_ICON_INTERFACE/U_CMD6_RD/U_RD_FIFO/SUBCORE_FIFO.xsdbm_v3_0_0_rdfifo_inst/inst_fifo_gen/gconvfifo.rf/grf.rf/gntv_or_sync_fifo.gcx.clkx/gnxpm_cdc.gsync_stage[1].rd_stg_inst/Q[1]
    SLICE_X49Y228        FDCE                                         r  dbg_hub/inst/BSCANID.u_xsdbm_id/CORE_XSDB.UUT_MASTER/U_ICON_INTERFACE/U_CMD6_RD/U_RD_FIFO/SUBCORE_FIFO.xsdbm_v3_0_0_rdfifo_inst/inst_fifo_gen/gconvfifo.rf/grf.rf/gntv_or_sync_fifo.gcx.clkx/gnxpm_cdc.gsync_stage[1].rd_stg_inst/Q_reg_reg[1]/D
  -------------------------------------------------------------------    -------------------

                         max delay                  100.001   100.001    
    SLICE_X49Y228        FDCE (Setup_GFF2_SLICEL_C_D)
                                                      0.025   100.026    dbg_hub/inst/BSCANID.u_xsdbm_id/CORE_XSDB.UUT_MASTER/U_ICON_INTERFACE/U_CMD6_RD/U_RD_FIFO/SUBCORE_FIFO.xsdbm_v3_0_0_rdfifo_inst/inst_fifo_gen/gconvfifo.rf/grf.rf/gntv_or_sync_fifo.gcx.clkx/gnxpm_cdc.gsync_stage[1].rd_stg_inst/Q_reg_reg[1]
  -------------------------------------------------------------------
                         required time                        100.026    
                         arrival time                          -0.672    
  -------------------------------------------------------------------
                         slack                                 99.354    

Slack (MET) :             99.407ns  (required time - arrival time)
  Source:                 dbg_hub/inst/BSCANID.u_xsdbm_id/CORE_XSDB.UUT_MASTER/U_ICON_INTERFACE/U_CMD6_RD/U_RD_FIFO/SUBCORE_FIFO.xsdbm_v3_0_0_rdfifo_inst/inst_fifo_gen/gconvfifo.rf/grf.rf/gntv_or_sync_fifo.gcx.clkx/gnxpm_cdc.wr_pntr_gc_reg[0]/C
                            (rising edge-triggered cell FDCE clocked by clk_pl_0  {rise@0.000ns fall@50.000ns period=100.001ns})
  Destination:            dbg_hub/inst/BSCANID.u_xsdbm_id/CORE_XSDB.UUT_MASTER/U_ICON_INTERFACE/U_CMD6_RD/U_RD_FIFO/SUBCORE_FIFO.xsdbm_v3_0_0_rdfifo_inst/inst_fifo_gen/gconvfifo.rf/grf.rf/gntv_or_sync_fifo.gcx.clkx/gnxpm_cdc.gsync_stage[1].rd_stg_inst/Q_reg_reg[0]/D
                            (rising edge-triggered cell FDCE clocked by dbg_hub/inst/BSCANID.u_xsdbm_id/SWITCH_N_EXT_BSCAN.bscan_inst/SERIES7_BSCAN.bscan_inst/INTERNAL_TCK  {rise@0.000ns fall@25.000ns period=50.000ns})
  Path Group:             dbg_hub/inst/BSCANID.u_xsdbm_id/SWITCH_N_EXT_BSCAN.bscan_inst/SERIES7_BSCAN.bscan_inst/INTERNAL_TCK
  Path Type:              Setup (Max at Slow Process Corner)
  Requirement:            100.001ns  (MaxDelay Path 100.001ns)
  Data Path Delay:        0.619ns  (logic 0.079ns (12.763%)  route 0.540ns (87.237%))
  Logic Levels:           0  
  Timing Exception:       MaxDelay Path 100.001ns -datapath_only

    Location             Delay type                Incr(ns)  Path(ns)    Netlist Resource(s)
  -------------------------------------------------------------------    -------------------
    SLICE_X48Y228                                     0.000     0.000 r  dbg_hub/inst/BSCANID.u_xsdbm_id/CORE_XSDB.UUT_MASTER/U_ICON_INTERFACE/U_CMD6_RD/U_RD_FIFO/SUBCORE_FIFO.xsdbm_v3_0_0_rdfifo_inst/inst_fifo_gen/gconvfifo.rf/grf.rf/gntv_or_sync_fifo.gcx.clkx/gnxpm_cdc.wr_pntr_gc_reg[0]/C
    SLICE_X48Y228        FDCE (Prop_HFF_SLICEL_C_Q)
                                                      0.079     0.079 r  dbg_hub/inst/BSCANID.u_xsdbm_id/CORE_XSDB.UUT_MASTER/U_ICON_INTERFACE/U_CMD6_RD/U_RD_FIFO/SUBCORE_FIFO.xsdbm_v3_0_0_rdfifo_inst/inst_fifo_gen/gconvfifo.rf/grf.rf/gntv_or_sync_fifo.gcx.clkx/gnxpm_cdc.wr_pntr_gc_reg[0]/Q
                         net (fo=1, routed)           0.540     0.619    dbg_hub/inst/BSCANID.u_xsdbm_id/CORE_XSDB.UUT_MASTER/U_ICON_INTERFACE/U_CMD6_RD/U_RD_FIFO/SUBCORE_FIFO.xsdbm_v3_0_0_rdfifo_inst/inst_fifo_gen/gconvfifo.rf/grf.rf/gntv_or_sync_fifo.gcx.clkx/gnxpm_cdc.gsync_stage[1].rd_stg_inst/Q[0]
    SLICE_X49Y228        FDCE                                         r  dbg_hub/inst/BSCANID.u_xsdbm_id/CORE_XSDB.UUT_MASTER/U_ICON_INTERFACE/U_CMD6_RD/U_RD_FIFO/SUBCORE_FIFO.xsdbm_v3_0_0_rdfifo_inst/inst_fifo_gen/gconvfifo.rf/grf.rf/gntv_or_sync_fifo.gcx.clkx/gnxpm_cdc.gsync_stage[1].rd_stg_inst/Q_reg_reg[0]/D
  -------------------------------------------------------------------    -------------------

                         max delay                  100.001   100.001    
    SLICE_X49Y228        FDCE (Setup_HFF2_SLICEL_C_D)
                                                      0.025   100.026    dbg_hub/inst/BSCANID.u_xsdbm_id/CORE_XSDB.UUT_MASTER/U_ICON_INTERFACE/U_CMD6_RD/U_RD_FIFO/SUBCORE_FIFO.xsdbm_v3_0_0_rdfifo_inst/inst_fifo_gen/gconvfifo.rf/grf.rf/gntv_or_sync_fifo.gcx.clkx/gnxpm_cdc.gsync_stage[1].rd_stg_inst/Q_reg_reg[0]
  -------------------------------------------------------------------
                         required time                        100.026    
                         arrival time                          -0.619    
  -------------------------------------------------------------------
                         slack                                 99.407    

Slack (MET) :             99.605ns  (required time - arrival time)
  Source:                 dbg_hub/inst/BSCANID.u_xsdbm_id/CORE_XSDB.UUT_MASTER/U_ICON_INTERFACE/U_CMD6_WR/U_WR_FIFO/SUBCORE_FIFO.xsdbm_v3_0_0_wrfifo_inst/inst_fifo_gen/gconvfifo.rf/grf.rf/gntv_or_sync_fifo.gcx.clkx/gnxpm_cdc.rd_pntr_gc_reg[2]/C
                            (rising edge-triggered cell FDCE clocked by clk_pl_0  {rise@0.000ns fall@50.000ns period=100.001ns})
  Destination:            dbg_hub/inst/BSCANID.u_xsdbm_id/CORE_XSDB.UUT_MASTER/U_ICON_INTERFACE/U_CMD6_WR/U_WR_FIFO/SUBCORE_FIFO.xsdbm_v3_0_0_wrfifo_inst/inst_fifo_gen/gconvfifo.rf/grf.rf/gntv_or_sync_fifo.gcx.clkx/gnxpm_cdc.gsync_stage[1].wr_stg_inst/Q_reg_reg[2]/D
                            (rising edge-triggered cell FDCE clocked by dbg_hub/inst/BSCANID.u_xsdbm_id/SWITCH_N_EXT_BSCAN.bscan_inst/SERIES7_BSCAN.bscan_inst/INTERNAL_TCK  {rise@0.000ns fall@25.000ns period=50.000ns})
  Path Group:             dbg_hub/inst/BSCANID.u_xsdbm_id/SWITCH_N_EXT_BSCAN.bscan_inst/SERIES7_BSCAN.bscan_inst/INTERNAL_TCK
  Path Type:              Setup (Max at Slow Process Corner)
  Requirement:            100.001ns  (MaxDelay Path 100.001ns)
  Data Path Delay:        0.421ns  (logic 0.076ns (18.052%)  route 0.345ns (81.948%))
  Logic Levels:           0  
  Timing Exception:       MaxDelay Path 100.001ns -datapath_only

    Location             Delay type                Incr(ns)  Path(ns)    Netlist Resource(s)
  -------------------------------------------------------------------    -------------------
    SLICE_X43Y232                                     0.000     0.000 r  dbg_hub/inst/BSCANID.u_xsdbm_id/CORE_XSDB.UUT_MASTER/U_ICON_INTERFACE/U_CMD6_WR/U_WR_FIFO/SUBCORE_FIFO.xsdbm_v3_0_0_wrfifo_inst/inst_fifo_gen/gconvfifo.rf/grf.rf/gntv_or_sync_fifo.gcx.clkx/gnxpm_cdc.rd_pntr_gc_reg[2]/C
    SLICE_X43Y232        FDCE (Prop_FFF_SLICEM_C_Q)
                                                      0.076     0.076 r  dbg_hub/inst/BSCANID.u_xsdbm_id/CORE_XSDB.UUT_MASTER/U_ICON_INTERFACE/U_CMD6_WR/U_WR_FIFO/SUBCORE_FIFO.xsdbm_v3_0_0_wrfifo_inst/inst_fifo_gen/gconvfifo.rf/grf.rf/gntv_or_sync_fifo.gcx.clkx/gnxpm_cdc.rd_pntr_gc_reg[2]/Q
                         net (fo=1, routed)           0.345     0.421    dbg_hub/inst/BSCANID.u_xsdbm_id/CORE_XSDB.UUT_MASTER/U_ICON_INTERFACE/U_CMD6_WR/U_WR_FIFO/SUBCORE_FIFO.xsdbm_v3_0_0_wrfifo_inst/inst_fifo_gen/gconvfifo.rf/grf.rf/gntv_or_sync_fifo.gcx.clkx/gnxpm_cdc.gsync_stage[1].wr_stg_inst/Q[2]
    SLICE_X43Y233        FDCE                                         r  dbg_hub/inst/BSCANID.u_xsdbm_id/CORE_XSDB.UUT_MASTER/U_ICON_INTERFACE/U_CMD6_WR/U_WR_FIFO/SUBCORE_FIFO.xsdbm_v3_0_0_wrfifo_inst/inst_fifo_gen/gconvfifo.rf/grf.rf/gntv_or_sync_fifo.gcx.clkx/gnxpm_cdc.gsync_stage[1].wr_stg_inst/Q_reg_reg[2]/D
  -------------------------------------------------------------------    -------------------

                         max delay                  100.001   100.001    
    SLICE_X43Y233        FDCE (Setup_BFF2_SLICEM_C_D)
                                                      0.025   100.026    dbg_hub/inst/BSCANID.u_xsdbm_id/CORE_XSDB.UUT_MASTER/U_ICON_INTERFACE/U_CMD6_WR/U_WR_FIFO/SUBCORE_FIFO.xsdbm_v3_0_0_wrfifo_inst/inst_fifo_gen/gconvfifo.rf/grf.rf/gntv_or_sync_fifo.gcx.clkx/gnxpm_cdc.gsync_stage[1].wr_stg_inst/Q_reg_reg[2]
  -------------------------------------------------------------------
                         required time                        100.026    
                         arrival time                          -0.421    
  -------------------------------------------------------------------
                         slack                                 99.605    

Slack (MET) :             99.631ns  (required time - arrival time)
  Source:                 dbg_hub/inst/BSCANID.u_xsdbm_id/CORE_XSDB.UUT_MASTER/U_ICON_INTERFACE/U_CMD6_RD/U_RD_FIFO/SUBCORE_FIFO.xsdbm_v3_0_0_rdfifo_inst/inst_fifo_gen/gconvfifo.rf/grf.rf/gntv_or_sync_fifo.gcx.clkx/gnxpm_cdc.wr_pntr_gc_reg[3]/C
                            (rising edge-triggered cell FDCE clocked by clk_pl_0  {rise@0.000ns fall@50.000ns period=100.001ns})
  Destination:            dbg_hub/inst/BSCANID.u_xsdbm_id/CORE_XSDB.UUT_MASTER/U_ICON_INTERFACE/U_CMD6_RD/U_RD_FIFO/SUBCORE_FIFO.xsdbm_v3_0_0_rdfifo_inst/inst_fifo_gen/gconvfifo.rf/grf.rf/gntv_or_sync_fifo.gcx.clkx/gnxpm_cdc.gsync_stage[1].rd_stg_inst/Q_reg_reg[3]/D
                            (rising edge-triggered cell FDCE clocked by dbg_hub/inst/BSCANID.u_xsdbm_id/SWITCH_N_EXT_BSCAN.bscan_inst/SERIES7_BSCAN.bscan_inst/INTERNAL_TCK  {rise@0.000ns fall@25.000ns period=50.000ns})
  Path Group:             dbg_hub/inst/BSCANID.u_xsdbm_id/SWITCH_N_EXT_BSCAN.bscan_inst/SERIES7_BSCAN.bscan_inst/INTERNAL_TCK
  Path Type:              Setup (Max at Slow Process Corner)
  Requirement:            100.001ns  (MaxDelay Path 100.001ns)
  Data Path Delay:        0.395ns  (logic 0.079ns (20.000%)  route 0.316ns (80.000%))
  Logic Levels:           0  
  Timing Exception:       MaxDelay Path 100.001ns -datapath_only

    Location             Delay type                Incr(ns)  Path(ns)    Netlist Resource(s)
  -------------------------------------------------------------------    -------------------
    SLICE_X47Y227                                     0.000     0.000 r  dbg_hub/inst/BSCANID.u_xsdbm_id/CORE_XSDB.UUT_MASTER/U_ICON_INTERFACE/U_CMD6_RD/U_RD_FIFO/SUBCORE_FIFO.xsdbm_v3_0_0_rdfifo_inst/inst_fifo_gen/gconvfifo.rf/grf.rf/gntv_or_sync_fifo.gcx.clkx/gnxpm_cdc.wr_pntr_gc_reg[3]/C
    SLICE_X47Y227        FDCE (Prop_EFF_SLICEL_C_Q)
                                                      0.079     0.079 r  dbg_hub/inst/BSCANID.u_xsdbm_id/CORE_XSDB.UUT_MASTER/U_ICON_INTERFACE/U_CMD6_RD/U_RD_FIFO/SUBCORE_FIFO.xsdbm_v3_0_0_rdfifo_inst/inst_fifo_gen/gconvfifo.rf/grf.rf/gntv_or_sync_fifo.gcx.clkx/gnxpm_cdc.wr_pntr_gc_reg[3]/Q
                         net (fo=1, routed)           0.316     0.395    dbg_hub/inst/BSCANID.u_xsdbm_id/CORE_XSDB.UUT_MASTER/U_ICON_INTERFACE/U_CMD6_RD/U_RD_FIFO/SUBCORE_FIFO.xsdbm_v3_0_0_rdfifo_inst/inst_fifo_gen/gconvfifo.rf/grf.rf/gntv_or_sync_fifo.gcx.clkx/gnxpm_cdc.gsync_stage[1].rd_stg_inst/Q[3]
    SLICE_X47Y227        FDCE                                         r  dbg_hub/inst/BSCANID.u_xsdbm_id/CORE_XSDB.UUT_MASTER/U_ICON_INTERFACE/U_CMD6_RD/U_RD_FIFO/SUBCORE_FIFO.xsdbm_v3_0_0_rdfifo_inst/inst_fifo_gen/gconvfifo.rf/grf.rf/gntv_or_sync_fifo.gcx.clkx/gnxpm_cdc.gsync_stage[1].rd_stg_inst/Q_reg_reg[3]/D
  -------------------------------------------------------------------    -------------------

                         max delay                  100.001   100.001    
    SLICE_X47Y227        FDCE (Setup_DFF2_SLICEL_C_D)
                                                      0.025   100.026    dbg_hub/inst/BSCANID.u_xsdbm_id/CORE_XSDB.UUT_MASTER/U_ICON_INTERFACE/U_CMD6_RD/U_RD_FIFO/SUBCORE_FIFO.xsdbm_v3_0_0_rdfifo_inst/inst_fifo_gen/gconvfifo.rf/grf.rf/gntv_or_sync_fifo.gcx.clkx/gnxpm_cdc.gsync_stage[1].rd_stg_inst/Q_reg_reg[3]
  -------------------------------------------------------------------
                         required time                        100.026    
                         arrival time                          -0.395    
  -------------------------------------------------------------------
                         slack                                 99.631    

Slack (MET) :             99.646ns  (required time - arrival time)
  Source:                 dbg_hub/inst/BSCANID.u_xsdbm_id/CORE_XSDB.UUT_MASTER/U_ICON_INTERFACE/U_CMD6_WR/U_WR_FIFO/SUBCORE_FIFO.xsdbm_v3_0_0_wrfifo_inst/inst_fifo_gen/gconvfifo.rf/grf.rf/gntv_or_sync_fifo.gcx.clkx/gnxpm_cdc.rd_pntr_gc_reg[0]/C
                            (rising edge-triggered cell FDCE clocked by clk_pl_0  {rise@0.000ns fall@50.000ns period=100.001ns})
  Destination:            dbg_hub/inst/BSCANID.u_xsdbm_id/CORE_XSDB.UUT_MASTER/U_ICON_INTERFACE/U_CMD6_WR/U_WR_FIFO/SUBCORE_FIFO.xsdbm_v3_0_0_wrfifo_inst/inst_fifo_gen/gconvfifo.rf/grf.rf/gntv_or_sync_fifo.gcx.clkx/gnxpm_cdc.gsync_stage[1].wr_stg_inst/Q_reg_reg[0]/D
                            (rising edge-triggered cell FDCE clocked by dbg_hub/inst/BSCANID.u_xsdbm_id/SWITCH_N_EXT_BSCAN.bscan_inst/SERIES7_BSCAN.bscan_inst/INTERNAL_TCK  {rise@0.000ns fall@25.000ns period=50.000ns})
  Path Group:             dbg_hub/inst/BSCANID.u_xsdbm_id/SWITCH_N_EXT_BSCAN.bscan_inst/SERIES7_BSCAN.bscan_inst/INTERNAL_TCK
  Path Type:              Setup (Max at Slow Process Corner)
  Requirement:            100.001ns  (MaxDelay Path 100.001ns)
  Data Path Delay:        0.380ns  (logic 0.079ns (20.789%)  route 0.301ns (79.211%))
  Logic Levels:           0  
  Timing Exception:       MaxDelay Path 100.001ns -datapath_only

    Location             Delay type                Incr(ns)  Path(ns)    Netlist Resource(s)
  -------------------------------------------------------------------    -------------------
    SLICE_X42Y232                                     0.000     0.000 r  dbg_hub/inst/BSCANID.u_xsdbm_id/CORE_XSDB.UUT_MASTER/U_ICON_INTERFACE/U_CMD6_WR/U_WR_FIFO/SUBCORE_FIFO.xsdbm_v3_0_0_wrfifo_inst/inst_fifo_gen/gconvfifo.rf/grf.rf/gntv_or_sync_fifo.gcx.clkx/gnxpm_cdc.rd_pntr_gc_reg[0]/C
    SLICE_X42Y232        FDCE (Prop_EFF_SLICEL_C_Q)
                                                      0.079     0.079 r  dbg_hub/inst/BSCANID.u_xsdbm_id/CORE_XSDB.UUT_MASTER/U_ICON_INTERFACE/U_CMD6_WR/U_WR_FIFO/SUBCORE_FIFO.xsdbm_v3_0_0_wrfifo_inst/inst_fifo_gen/gconvfifo.rf/grf.rf/gntv_or_sync_fifo.gcx.clkx/gnxpm_cdc.rd_pntr_gc_reg[0]/Q
                         net (fo=1, routed)           0.301     0.380    dbg_hub/inst/BSCANID.u_xsdbm_id/CORE_XSDB.UUT_MASTER/U_ICON_INTERFACE/U_CMD6_WR/U_WR_FIFO/SUBCORE_FIFO.xsdbm_v3_0_0_wrfifo_inst/inst_fifo_gen/gconvfifo.rf/grf.rf/gntv_or_sync_fifo.gcx.clkx/gnxpm_cdc.gsync_stage[1].wr_stg_inst/Q[0]
    SLICE_X41Y233        FDCE                                         r  dbg_hub/inst/BSCANID.u_xsdbm_id/CORE_XSDB.UUT_MASTER/U_ICON_INTERFACE/U_CMD6_WR/U_WR_FIFO/SUBCORE_FIFO.xsdbm_v3_0_0_wrfifo_inst/inst_fifo_gen/gconvfifo.rf/grf.rf/gntv_or_sync_fifo.gcx.clkx/gnxpm_cdc.gsync_stage[1].wr_stg_inst/Q_reg_reg[0]/D
  -------------------------------------------------------------------    -------------------

                         max delay                  100.001   100.001    
    SLICE_X41Y233        FDCE (Setup_DFF2_SLICEM_C_D)
                                                      0.025   100.026    dbg_hub/inst/BSCANID.u_xsdbm_id/CORE_XSDB.UUT_MASTER/U_ICON_INTERFACE/U_CMD6_WR/U_WR_FIFO/SUBCORE_FIFO.xsdbm_v3_0_0_wrfifo_inst/inst_fifo_gen/gconvfifo.rf/grf.rf/gntv_or_sync_fifo.gcx.clkx/gnxpm_cdc.gsync_stage[1].wr_stg_inst/Q_reg_reg[0]
  -------------------------------------------------------------------
                         required time                        100.026    
                         arrival time                          -0.380    
  -------------------------------------------------------------------
                         slack                                 99.646    

Slack (MET) :             99.703ns  (required time - arrival time)
  Source:                 dbg_hub/inst/BSCANID.u_xsdbm_id/CORE_XSDB.UUT_MASTER/U_ICON_INTERFACE/U_CMD6_RD/U_RD_FIFO/SUBCORE_FIFO.xsdbm_v3_0_0_rdfifo_inst/inst_fifo_gen/gconvfifo.rf/grf.rf/gntv_or_sync_fifo.gcx.clkx/gnxpm_cdc.wr_pntr_gc_reg[2]/C
                            (rising edge-triggered cell FDCE clocked by clk_pl_0  {rise@0.000ns fall@50.000ns period=100.001ns})
  Destination:            dbg_hub/inst/BSCANID.u_xsdbm_id/CORE_XSDB.UUT_MASTER/U_ICON_INTERFACE/U_CMD6_RD/U_RD_FIFO/SUBCORE_FIFO.xsdbm_v3_0_0_rdfifo_inst/inst_fifo_gen/gconvfifo.rf/grf.rf/gntv_or_sync_fifo.gcx.clkx/gnxpm_cdc.gsync_stage[1].rd_stg_inst/Q_reg_reg[2]/D
                            (rising edge-triggered cell FDCE clocked by dbg_hub/inst/BSCANID.u_xsdbm_id/SWITCH_N_EXT_BSCAN.bscan_inst/SERIES7_BSCAN.bscan_inst/INTERNAL_TCK  {rise@0.000ns fall@25.000ns period=50.000ns})
  Path Group:             dbg_hub/inst/BSCANID.u_xsdbm_id/SWITCH_N_EXT_BSCAN.bscan_inst/SERIES7_BSCAN.bscan_inst/INTERNAL_TCK
  Path Type:              Setup (Max at Slow Process Corner)
  Requirement:            100.001ns  (MaxDelay Path 100.001ns)
  Data Path Delay:        0.323ns  (logic 0.079ns (24.458%)  route 0.244ns (75.542%))
  Logic Levels:           0  
  Timing Exception:       MaxDelay Path 100.001ns -datapath_only

    Location             Delay type                Incr(ns)  Path(ns)    Netlist Resource(s)
  -------------------------------------------------------------------    -------------------
    SLICE_X48Y228                                     0.000     0.000 r  dbg_hub/inst/BSCANID.u_xsdbm_id/CORE_XSDB.UUT_MASTER/U_ICON_INTERFACE/U_CMD6_RD/U_RD_FIFO/SUBCORE_FIFO.xsdbm_v3_0_0_rdfifo_inst/inst_fifo_gen/gconvfifo.rf/grf.rf/gntv_or_sync_fifo.gcx.clkx/gnxpm_cdc.wr_pntr_gc_reg[2]/C
    SLICE_X48Y228        FDCE (Prop_GFF_SLICEL_C_Q)
                                                      0.079     0.079 r  dbg_hub/inst/BSCANID.u_xsdbm_id/CORE_XSDB.UUT_MASTER/U_ICON_INTERFACE/U_CMD6_RD/U_RD_FIFO/SUBCORE_FIFO.xsdbm_v3_0_0_rdfifo_inst/inst_fifo_gen/gconvfifo.rf/grf.rf/gntv_or_sync_fifo.gcx.clkx/gnxpm_cdc.wr_pntr_gc_reg[2]/Q
                         net (fo=1, routed)           0.244     0.323    dbg_hub/inst/BSCANID.u_xsdbm_id/CORE_XSDB.UUT_MASTER/U_ICON_INTERFACE/U_CMD6_RD/U_RD_FIFO/SUBCORE_FIFO.xsdbm_v3_0_0_rdfifo_inst/inst_fifo_gen/gconvfifo.rf/grf.rf/gntv_or_sync_fifo.gcx.clkx/gnxpm_cdc.gsync_stage[1].rd_stg_inst/Q[2]
    SLICE_X48Y228        FDCE                                         r  dbg_hub/inst/BSCANID.u_xsdbm_id/CORE_XSDB.UUT_MASTER/U_ICON_INTERFACE/U_CMD6_RD/U_RD_FIFO/SUBCORE_FIFO.xsdbm_v3_0_0_rdfifo_inst/inst_fifo_gen/gconvfifo.rf/grf.rf/gntv_or_sync_fifo.gcx.clkx/gnxpm_cdc.gsync_stage[1].rd_stg_inst/Q_reg_reg[2]/D
  -------------------------------------------------------------------    -------------------

                         max delay                  100.001   100.001    
    SLICE_X48Y228        FDCE (Setup_BFF2_SLICEL_C_D)
                                                      0.025   100.026    dbg_hub/inst/BSCANID.u_xsdbm_id/CORE_XSDB.UUT_MASTER/U_ICON_INTERFACE/U_CMD6_RD/U_RD_FIFO/SUBCORE_FIFO.xsdbm_v3_0_0_rdfifo_inst/inst_fifo_gen/gconvfifo.rf/grf.rf/gntv_or_sync_fifo.gcx.clkx/gnxpm_cdc.gsync_stage[1].rd_stg_inst/Q_reg_reg[2]
  -------------------------------------------------------------------
                         required time                        100.026    
                         arrival time                          -0.323    
  -------------------------------------------------------------------
                         slack                                 99.703    

Slack (MET) :             99.724ns  (required time - arrival time)
  Source:                 dbg_hub/inst/BSCANID.u_xsdbm_id/CORE_XSDB.UUT_MASTER/U_ICON_INTERFACE/U_CMD6_WR/U_WR_FIFO/SUBCORE_FIFO.xsdbm_v3_0_0_wrfifo_inst/inst_fifo_gen/gconvfifo.rf/grf.rf/gntv_or_sync_fifo.gcx.clkx/gnxpm_cdc.rd_pntr_gc_reg[1]/C
                            (rising edge-triggered cell FDCE clocked by clk_pl_0  {rise@0.000ns fall@50.000ns period=100.001ns})
  Destination:            dbg_hub/inst/BSCANID.u_xsdbm_id/CORE_XSDB.UUT_MASTER/U_ICON_INTERFACE/U_CMD6_WR/U_WR_FIFO/SUBCORE_FIFO.xsdbm_v3_0_0_wrfifo_inst/inst_fifo_gen/gconvfifo.rf/grf.rf/gntv_or_sync_fifo.gcx.clkx/gnxpm_cdc.gsync_stage[1].wr_stg_inst/Q_reg_reg[1]/D
                            (rising edge-triggered cell FDCE clocked by dbg_hub/inst/BSCANID.u_xsdbm_id/SWITCH_N_EXT_BSCAN.bscan_inst/SERIES7_BSCAN.bscan_inst/INTERNAL_TCK  {rise@0.000ns fall@25.000ns period=50.000ns})
  Path Group:             dbg_hub/inst/BSCANID.u_xsdbm_id/SWITCH_N_EXT_BSCAN.bscan_inst/SERIES7_BSCAN.bscan_inst/INTERNAL_TCK
  Path Type:              Setup (Max at Slow Process Corner)
  Requirement:            100.001ns  (MaxDelay Path 100.001ns)
  Data Path Delay:        0.302ns  (logic 0.078ns (25.828%)  route 0.224ns (74.172%))
  Logic Levels:           0  
  Timing Exception:       MaxDelay Path 100.001ns -datapath_only

    Location             Delay type                Incr(ns)  Path(ns)    Netlist Resource(s)
  -------------------------------------------------------------------    -------------------
    SLICE_X43Y232                                     0.000     0.000 r  dbg_hub/inst/BSCANID.u_xsdbm_id/CORE_XSDB.UUT_MASTER/U_ICON_INTERFACE/U_CMD6_WR/U_WR_FIFO/SUBCORE_FIFO.xsdbm_v3_0_0_wrfifo_inst/inst_fifo_gen/gconvfifo.rf/grf.rf/gntv_or_sync_fifo.gcx.clkx/gnxpm_cdc.rd_pntr_gc_reg[1]/C
    SLICE_X43Y232        FDCE (Prop_HFF2_SLICEM_C_Q)
                                                      0.078     0.078 r  dbg_hub/inst/BSCANID.u_xsdbm_id/CORE_XSDB.UUT_MASTER/U_ICON_INTERFACE/U_CMD6_WR/U_WR_FIFO/SUBCORE_FIFO.xsdbm_v3_0_0_wrfifo_inst/inst_fifo_gen/gconvfifo.rf/grf.rf/gntv_or_sync_fifo.gcx.clkx/gnxpm_cdc.rd_pntr_gc_reg[1]/Q
                         net (fo=1, routed)           0.224     0.302    dbg_hub/inst/BSCANID.u_xsdbm_id/CORE_XSDB.UUT_MASTER/U_ICON_INTERFACE/U_CMD6_WR/U_WR_FIFO/SUBCORE_FIFO.xsdbm_v3_0_0_wrfifo_inst/inst_fifo_gen/gconvfifo.rf/grf.rf/gntv_or_sync_fifo.gcx.clkx/gnxpm_cdc.gsync_stage[1].wr_stg_inst/Q[1]
    SLICE_X43Y232        FDCE                                         r  dbg_hub/inst/BSCANID.u_xsdbm_id/CORE_XSDB.UUT_MASTER/U_ICON_INTERFACE/U_CMD6_WR/U_WR_FIFO/SUBCORE_FIFO.xsdbm_v3_0_0_wrfifo_inst/inst_fifo_gen/gconvfifo.rf/grf.rf/gntv_or_sync_fifo.gcx.clkx/gnxpm_cdc.gsync_stage[1].wr_stg_inst/Q_reg_reg[1]/D
  -------------------------------------------------------------------    -------------------

                         max delay                  100.001   100.001    
    SLICE_X43Y232        FDCE (Setup_CFF2_SLICEM_C_D)
                                                      0.025   100.026    dbg_hub/inst/BSCANID.u_xsdbm_id/CORE_XSDB.UUT_MASTER/U_ICON_INTERFACE/U_CMD6_WR/U_WR_FIFO/SUBCORE_FIFO.xsdbm_v3_0_0_wrfifo_inst/inst_fifo_gen/gconvfifo.rf/grf.rf/gntv_or_sync_fifo.gcx.clkx/gnxpm_cdc.gsync_stage[1].wr_stg_inst/Q_reg_reg[1]
  -------------------------------------------------------------------
                         required time                        100.026    
                         arrival time                          -0.302    
  -------------------------------------------------------------------
                         slack                                 99.724    

Slack (MET) :             99.725ns  (required time - arrival time)
  Source:                 dbg_hub/inst/BSCANID.u_xsdbm_id/CORE_XSDB.UUT_MASTER/U_ICON_INTERFACE/U_CMD6_WR/U_WR_FIFO/SUBCORE_FIFO.xsdbm_v3_0_0_wrfifo_inst/inst_fifo_gen/gconvfifo.rf/grf.rf/gntv_or_sync_fifo.gcx.clkx/gnxpm_cdc.rd_pntr_gc_reg[3]/C
                            (rising edge-triggered cell FDCE clocked by clk_pl_0  {rise@0.000ns fall@50.000ns period=100.001ns})
  Destination:            dbg_hub/inst/BSCANID.u_xsdbm_id/CORE_XSDB.UUT_MASTER/U_ICON_INTERFACE/U_CMD6_WR/U_WR_FIFO/SUBCORE_FIFO.xsdbm_v3_0_0_wrfifo_inst/inst_fifo_gen/gconvfifo.rf/grf.rf/gntv_or_sync_fifo.gcx.clkx/gnxpm_cdc.gsync_stage[1].wr_stg_inst/Q_reg_reg[3]/D
                            (rising edge-triggered cell FDCE clocked by dbg_hub/inst/BSCANID.u_xsdbm_id/SWITCH_N_EXT_BSCAN.bscan_inst/SERIES7_BSCAN.bscan_inst/INTERNAL_TCK  {rise@0.000ns fall@25.000ns period=50.000ns})
  Path Group:             dbg_hub/inst/BSCANID.u_xsdbm_id/SWITCH_N_EXT_BSCAN.bscan_inst/SERIES7_BSCAN.bscan_inst/INTERNAL_TCK
  Path Type:              Setup (Max at Slow Process Corner)
  Requirement:            100.001ns  (MaxDelay Path 100.001ns)
  Data Path Delay:        0.301ns  (logic 0.076ns (25.249%)  route 0.225ns (74.751%))
  Logic Levels:           0  
  Timing Exception:       MaxDelay Path 100.001ns -datapath_only

    Location             Delay type                Incr(ns)  Path(ns)    Netlist Resource(s)
  -------------------------------------------------------------------    -------------------
    SLICE_X41Y233                                     0.000     0.000 r  dbg_hub/inst/BSCANID.u_xsdbm_id/CORE_XSDB.UUT_MASTER/U_ICON_INTERFACE/U_CMD6_WR/U_WR_FIFO/SUBCORE_FIFO.xsdbm_v3_0_0_wrfifo_inst/inst_fifo_gen/gconvfifo.rf/grf.rf/gntv_or_sync_fifo.gcx.clkx/gnxpm_cdc.rd_pntr_gc_reg[3]/C
    SLICE_X41Y233        FDCE (Prop_EFF_SLICEM_C_Q)
                                                      0.076     0.076 r  dbg_hub/inst/BSCANID.u_xsdbm_id/CORE_XSDB.UUT_MASTER/U_ICON_INTERFACE/U_CMD6_WR/U_WR_FIFO/SUBCORE_FIFO.xsdbm_v3_0_0_wrfifo_inst/inst_fifo_gen/gconvfifo.rf/grf.rf/gntv_or_sync_fifo.gcx.clkx/gnxpm_cdc.rd_pntr_gc_reg[3]/Q
                         net (fo=1, routed)           0.225     0.301    dbg_hub/inst/BSCANID.u_xsdbm_id/CORE_XSDB.UUT_MASTER/U_ICON_INTERFACE/U_CMD6_WR/U_WR_FIFO/SUBCORE_FIFO.xsdbm_v3_0_0_wrfifo_inst/inst_fifo_gen/gconvfifo.rf/grf.rf/gntv_or_sync_fifo.gcx.clkx/gnxpm_cdc.gsync_stage[1].wr_stg_inst/Q[3]
    SLICE_X41Y233        FDCE                                         r  dbg_hub/inst/BSCANID.u_xsdbm_id/CORE_XSDB.UUT_MASTER/U_ICON_INTERFACE/U_CMD6_WR/U_WR_FIFO/SUBCORE_FIFO.xsdbm_v3_0_0_wrfifo_inst/inst_fifo_gen/gconvfifo.rf/grf.rf/gntv_or_sync_fifo.gcx.clkx/gnxpm_cdc.gsync_stage[1].wr_stg_inst/Q_reg_reg[3]/D
  -------------------------------------------------------------------    -------------------

                         max delay                  100.001   100.001    
    SLICE_X41Y233        FDCE (Setup_CFF2_SLICEM_C_D)
                                                      0.025   100.026    dbg_hub/inst/BSCANID.u_xsdbm_id/CORE_XSDB.UUT_MASTER/U_ICON_INTERFACE/U_CMD6_WR/U_WR_FIFO/SUBCORE_FIFO.xsdbm_v3_0_0_wrfifo_inst/inst_fifo_gen/gconvfifo.rf/grf.rf/gntv_or_sync_fifo.gcx.clkx/gnxpm_cdc.gsync_stage[1].wr_stg_inst/Q_reg_reg[3]
  -------------------------------------------------------------------
                         required time                        100.026    
                         arrival time                          -0.301    
  -------------------------------------------------------------------
                         slack                                 99.725    





---------------------------------------------------------------------------------------------------
Path Group:  **async_default**
From Clock:  clk_pl_0
  To Clock:  clk_pl_0

Setup :            0  Failing Endpoints,  Worst Slack       97.952ns,  Total Violation        0.000ns
Hold  :            0  Failing Endpoints,  Worst Slack        0.114ns,  Total Violation        0.000ns
---------------------------------------------------------------------------------------------------


Max Delay Paths
--------------------------------------------------------------------------------------
Slack (MET) :             97.952ns  (required time - arrival time)
  Source:                 dbg_hub/inst/BSCANID.u_xsdbm_id/CORE_XSDB.UUT_MASTER/U_ICON_INTERFACE/U_CMD1/ctl_reg_reg[0]/C
                            (rising edge-triggered cell FDRE clocked by clk_pl_0  {rise@0.000ns fall@50.000ns period=100.001ns})
  Destination:            dbg_hub/inst/BSCANID.u_xsdbm_id/CORE_XSDB.UUT_MASTER/U_XSDB_BUS_CONTROLLER/sl_den_r_reg[0]/CLR
                            (recovery check against rising-edge clock clk_pl_0  {rise@0.000ns fall@50.000ns period=100.001ns})
  Path Group:             **async_default**
  Path Type:              Recovery (Max at Slow Process Corner)
  Requirement:            100.001ns  (clk_pl_0 rise@100.001ns - clk_pl_0 rise@0.000ns)
  Data Path Delay:        1.444ns  (logic 0.079ns (5.471%)  route 1.365ns (94.529%))
  Logic Levels:           0  
  Clock Path Skew:        -0.057ns (DCD - SCD + CPR)
    Destination Clock Delay (DCD):    2.090ns = ( 102.091 - 100.001 ) 
    Source Clock Delay      (SCD):    2.339ns
    Clock Pessimism Removal (CPR):    0.192ns
  Clock Uncertainty:      0.482ns  ((TSJ^2 + DJ^2)^1/2) / 2 + PE
    Total System Jitter     (TSJ):    0.071ns
    Discrete Jitter          (DJ):    0.962ns
    Phase Error              (PE):    0.000ns
  Clock Net Delay (Source):      2.140ns (routing 0.998ns, distribution 1.142ns)
  Clock Net Delay (Destination): 1.930ns (routing 0.905ns, distribution 1.025ns)

    Location             Delay type                Incr(ns)  Path(ns)    Netlist Resource(s)
  -------------------------------------------------------------------    -------------------
                         (clock clk_pl_0 rise edge)
                                                      0.000     0.000 r  
    PS8_X0Y0             PS8                          0.000     0.000 r  Sections_i/zynq_ultra_ps_e_1/inst/PS8_i/PLCLK[0]
                         net (fo=1, routed)           0.171     0.171    Sections_i/zynq_ultra_ps_e_1/inst/pl_clk_unbuffered[0]
    BUFG_PS_X0Y77        BUFG_PS (Prop_BUFG_PS_I_O)
                                                      0.028     0.199 r  Sections_i/zynq_ultra_ps_e_1/inst/buffer_pl_clk_0.PL_CLK_0_BUFG/O
    X1Y2 (CLOCK_ROOT)    net (fo=3402, routed)        2.140     2.339    dbg_hub/inst/BSCANID.u_xsdbm_id/CORE_XSDB.UUT_MASTER/U_ICON_INTERFACE/U_CMD1/clk
    SLICE_X48Y224        FDRE                                         r  dbg_hub/inst/BSCANID.u_xsdbm_id/CORE_XSDB.UUT_MASTER/U_ICON_INTERFACE/U_CMD1/ctl_reg_reg[0]/C
  -------------------------------------------------------------------    -------------------
    SLICE_X48Y224        FDRE (Prop_HFF_SLICEL_C_Q)
                                                      0.079     2.418 f  dbg_hub/inst/BSCANID.u_xsdbm_id/CORE_XSDB.UUT_MASTER/U_ICON_INTERFACE/U_CMD1/ctl_reg_reg[0]/Q
                         net (fo=168, routed)         1.365     3.783    dbg_hub/inst/BSCANID.u_xsdbm_id/CORE_XSDB.UUT_MASTER/U_XSDB_BUS_CONTROLLER/out[0]
    SLICE_X49Y222        FDCE                                         f  dbg_hub/inst/BSCANID.u_xsdbm_id/CORE_XSDB.UUT_MASTER/U_XSDB_BUS_CONTROLLER/sl_den_r_reg[0]/CLR
  -------------------------------------------------------------------    -------------------

                         (clock clk_pl_0 rise edge)
                                                    100.001   100.001 r  
    PS8_X0Y0             PS8                          0.000   100.001 r  Sections_i/zynq_ultra_ps_e_1/inst/PS8_i/PLCLK[0]
                         net (fo=1, routed)           0.135   100.136    Sections_i/zynq_ultra_ps_e_1/inst/pl_clk_unbuffered[0]
    BUFG_PS_X0Y77        BUFG_PS (Prop_BUFG_PS_I_O)
                                                      0.025   100.161 r  Sections_i/zynq_ultra_ps_e_1/inst/buffer_pl_clk_0.PL_CLK_0_BUFG/O
    X1Y2 (CLOCK_ROOT)    net (fo=3402, routed)        1.930   102.091    dbg_hub/inst/BSCANID.u_xsdbm_id/CORE_XSDB.UUT_MASTER/U_XSDB_BUS_CONTROLLER/clk
    SLICE_X49Y222        FDCE                                         r  dbg_hub/inst/BSCANID.u_xsdbm_id/CORE_XSDB.UUT_MASTER/U_XSDB_BUS_CONTROLLER/sl_den_r_reg[0]/C
                         clock pessimism              0.192   102.283    
                         clock uncertainty           -0.482   101.801    
    SLICE_X49Y222        FDCE (Recov_BFF_SLICEL_C_CLR)
                                                     -0.066   101.735    dbg_hub/inst/BSCANID.u_xsdbm_id/CORE_XSDB.UUT_MASTER/U_XSDB_BUS_CONTROLLER/sl_den_r_reg[0]
  -------------------------------------------------------------------
                         required time                        101.735    
                         arrival time                          -3.783    
  -------------------------------------------------------------------
                         slack                                 97.952    

Slack (MET) :             97.952ns  (required time - arrival time)
  Source:                 dbg_hub/inst/BSCANID.u_xsdbm_id/CORE_XSDB.UUT_MASTER/U_ICON_INTERFACE/U_CMD1/ctl_reg_reg[0]/C
                            (rising edge-triggered cell FDRE clocked by clk_pl_0  {rise@0.000ns fall@50.000ns period=100.001ns})
  Destination:            dbg_hub/inst/BSCANID.u_xsdbm_id/CORE_XSDB.UUT_MASTER/U_XSDB_BUS_CONTROLLER/sl_den_r_reg[1]/CLR
                            (recovery check against rising-edge clock clk_pl_0  {rise@0.000ns fall@50.000ns period=100.001ns})
  Path Group:             **async_default**
  Path Type:              Recovery (Max at Slow Process Corner)
  Requirement:            100.001ns  (clk_pl_0 rise@100.001ns - clk_pl_0 rise@0.000ns)
  Data Path Delay:        1.444ns  (logic 0.079ns (5.471%)  route 1.365ns (94.529%))
  Logic Levels:           0  
  Clock Path Skew:        -0.057ns (DCD - SCD + CPR)
    Destination Clock Delay (DCD):    2.090ns = ( 102.091 - 100.001 ) 
    Source Clock Delay      (SCD):    2.339ns
    Clock Pessimism Removal (CPR):    0.192ns
  Clock Uncertainty:      0.482ns  ((TSJ^2 + DJ^2)^1/2) / 2 + PE
    Total System Jitter     (TSJ):    0.071ns
    Discrete Jitter          (DJ):    0.962ns
    Phase Error              (PE):    0.000ns
  Clock Net Delay (Source):      2.140ns (routing 0.998ns, distribution 1.142ns)
  Clock Net Delay (Destination): 1.930ns (routing 0.905ns, distribution 1.025ns)

    Location             Delay type                Incr(ns)  Path(ns)    Netlist Resource(s)
  -------------------------------------------------------------------    -------------------
                         (clock clk_pl_0 rise edge)
                                                      0.000     0.000 r  
    PS8_X0Y0             PS8                          0.000     0.000 r  Sections_i/zynq_ultra_ps_e_1/inst/PS8_i/PLCLK[0]
                         net (fo=1, routed)           0.171     0.171    Sections_i/zynq_ultra_ps_e_1/inst/pl_clk_unbuffered[0]
    BUFG_PS_X0Y77        BUFG_PS (Prop_BUFG_PS_I_O)
                                                      0.028     0.199 r  Sections_i/zynq_ultra_ps_e_1/inst/buffer_pl_clk_0.PL_CLK_0_BUFG/O
    X1Y2 (CLOCK_ROOT)    net (fo=3402, routed)        2.140     2.339    dbg_hub/inst/BSCANID.u_xsdbm_id/CORE_XSDB.UUT_MASTER/U_ICON_INTERFACE/U_CMD1/clk
    SLICE_X48Y224        FDRE                                         r  dbg_hub/inst/BSCANID.u_xsdbm_id/CORE_XSDB.UUT_MASTER/U_ICON_INTERFACE/U_CMD1/ctl_reg_reg[0]/C
  -------------------------------------------------------------------    -------------------
    SLICE_X48Y224        FDRE (Prop_HFF_SLICEL_C_Q)
                                                      0.079     2.418 f  dbg_hub/inst/BSCANID.u_xsdbm_id/CORE_XSDB.UUT_MASTER/U_ICON_INTERFACE/U_CMD1/ctl_reg_reg[0]/Q
                         net (fo=168, routed)         1.365     3.783    dbg_hub/inst/BSCANID.u_xsdbm_id/CORE_XSDB.UUT_MASTER/U_XSDB_BUS_CONTROLLER/out[0]
    SLICE_X49Y222        FDCE                                         f  dbg_hub/inst/BSCANID.u_xsdbm_id/CORE_XSDB.UUT_MASTER/U_XSDB_BUS_CONTROLLER/sl_den_r_reg[1]/CLR
  -------------------------------------------------------------------    -------------------

                         (clock clk_pl_0 rise edge)
                                                    100.001   100.001 r  
    PS8_X0Y0             PS8                          0.000   100.001 r  Sections_i/zynq_ultra_ps_e_1/inst/PS8_i/PLCLK[0]
                         net (fo=1, routed)           0.135   100.136    Sections_i/zynq_ultra_ps_e_1/inst/pl_clk_unbuffered[0]
    BUFG_PS_X0Y77        BUFG_PS (Prop_BUFG_PS_I_O)
                                                      0.025   100.161 r  Sections_i/zynq_ultra_ps_e_1/inst/buffer_pl_clk_0.PL_CLK_0_BUFG/O
    X1Y2 (CLOCK_ROOT)    net (fo=3402, routed)        1.930   102.091    dbg_hub/inst/BSCANID.u_xsdbm_id/CORE_XSDB.UUT_MASTER/U_XSDB_BUS_CONTROLLER/clk
    SLICE_X49Y222        FDCE                                         r  dbg_hub/inst/BSCANID.u_xsdbm_id/CORE_XSDB.UUT_MASTER/U_XSDB_BUS_CONTROLLER/sl_den_r_reg[1]/C
                         clock pessimism              0.192   102.283    
                         clock uncertainty           -0.482   101.801    
    SLICE_X49Y222        FDCE (Recov_CFF_SLICEL_C_CLR)
                                                     -0.066   101.735    dbg_hub/inst/BSCANID.u_xsdbm_id/CORE_XSDB.UUT_MASTER/U_XSDB_BUS_CONTROLLER/sl_den_r_reg[1]
  -------------------------------------------------------------------
                         required time                        101.735    
                         arrival time                          -3.783    
  -------------------------------------------------------------------
                         slack                                 97.952    

Slack (MET) :             97.955ns  (required time - arrival time)
  Source:                 dbg_hub/inst/BSCANID.u_xsdbm_id/CORE_XSDB.UUT_MASTER/U_ICON_INTERFACE/U_CMD1/ctl_reg_reg[0]/C
                            (rising edge-triggered cell FDRE clocked by clk_pl_0  {rise@0.000ns fall@50.000ns period=100.001ns})
  Destination:            dbg_hub/inst/BSCANID.u_xsdbm_id/CORE_XSDB.UUT_MASTER/U_XSDB_BUS_CONTROLLER/sl_dwe_r_reg[0]/CLR
                            (recovery check against rising-edge clock clk_pl_0  {rise@0.000ns fall@50.000ns period=100.001ns})
  Path Group:             **async_default**
  Path Type:              Recovery (Max at Slow Process Corner)
  Requirement:            100.001ns  (clk_pl_0 rise@100.001ns - clk_pl_0 rise@0.000ns)
  Data Path Delay:        1.443ns  (logic 0.079ns (5.475%)  route 1.364ns (94.525%))
  Logic Levels:           0  
  Clock Path Skew:        -0.055ns (DCD - SCD + CPR)
    Destination Clock Delay (DCD):    2.092ns = ( 102.093 - 100.001 ) 
    Source Clock Delay      (SCD):    2.339ns
    Clock Pessimism Removal (CPR):    0.192ns
  Clock Uncertainty:      0.482ns  ((TSJ^2 + DJ^2)^1/2) / 2 + PE
    Total System Jitter     (TSJ):    0.071ns
    Discrete Jitter          (DJ):    0.962ns
    Phase Error              (PE):    0.000ns
  Clock Net Delay (Source):      2.140ns (routing 0.998ns, distribution 1.142ns)
  Clock Net Delay (Destination): 1.932ns (routing 0.905ns, distribution 1.027ns)

    Location             Delay type                Incr(ns)  Path(ns)    Netlist Resource(s)
  -------------------------------------------------------------------    -------------------
                         (clock clk_pl_0 rise edge)
                                                      0.000     0.000 r  
    PS8_X0Y0             PS8                          0.000     0.000 r  Sections_i/zynq_ultra_ps_e_1/inst/PS8_i/PLCLK[0]
                         net (fo=1, routed)           0.171     0.171    Sections_i/zynq_ultra_ps_e_1/inst/pl_clk_unbuffered[0]
    BUFG_PS_X0Y77        BUFG_PS (Prop_BUFG_PS_I_O)
                                                      0.028     0.199 r  Sections_i/zynq_ultra_ps_e_1/inst/buffer_pl_clk_0.PL_CLK_0_BUFG/O
    X1Y2 (CLOCK_ROOT)    net (fo=3402, routed)        2.140     2.339    dbg_hub/inst/BSCANID.u_xsdbm_id/CORE_XSDB.UUT_MASTER/U_ICON_INTERFACE/U_CMD1/clk
    SLICE_X48Y224        FDRE                                         r  dbg_hub/inst/BSCANID.u_xsdbm_id/CORE_XSDB.UUT_MASTER/U_ICON_INTERFACE/U_CMD1/ctl_reg_reg[0]/C
  -------------------------------------------------------------------    -------------------
    SLICE_X48Y224        FDRE (Prop_HFF_SLICEL_C_Q)
                                                      0.079     2.418 f  dbg_hub/inst/BSCANID.u_xsdbm_id/CORE_XSDB.UUT_MASTER/U_ICON_INTERFACE/U_CMD1/ctl_reg_reg[0]/Q
                         net (fo=168, routed)         1.364     3.782    dbg_hub/inst/BSCANID.u_xsdbm_id/CORE_XSDB.UUT_MASTER/U_XSDB_BUS_CONTROLLER/out[0]
    SLICE_X49Y222        FDCE                                         f  dbg_hub/inst/BSCANID.u_xsdbm_id/CORE_XSDB.UUT_MASTER/U_XSDB_BUS_CONTROLLER/sl_dwe_r_reg[0]/CLR
  -------------------------------------------------------------------    -------------------

                         (clock clk_pl_0 rise edge)
                                                    100.001   100.001 r  
    PS8_X0Y0             PS8                          0.000   100.001 r  Sections_i/zynq_ultra_ps_e_1/inst/PS8_i/PLCLK[0]
                         net (fo=1, routed)           0.135   100.136    Sections_i/zynq_ultra_ps_e_1/inst/pl_clk_unbuffered[0]
    BUFG_PS_X0Y77        BUFG_PS (Prop_BUFG_PS_I_O)
                                                      0.025   100.161 r  Sections_i/zynq_ultra_ps_e_1/inst/buffer_pl_clk_0.PL_CLK_0_BUFG/O
    X1Y2 (CLOCK_ROOT)    net (fo=3402, routed)        1.932   102.093    dbg_hub/inst/BSCANID.u_xsdbm_id/CORE_XSDB.UUT_MASTER/U_XSDB_BUS_CONTROLLER/clk
    SLICE_X49Y222        FDCE                                         r  dbg_hub/inst/BSCANID.u_xsdbm_id/CORE_XSDB.UUT_MASTER/U_XSDB_BUS_CONTROLLER/sl_dwe_r_reg[0]/C
                         clock pessimism              0.192   102.285    
                         clock uncertainty           -0.482   101.803    
    SLICE_X49Y222        FDCE (Recov_HFF_SLICEL_C_CLR)
                                                     -0.066   101.737    dbg_hub/inst/BSCANID.u_xsdbm_id/CORE_XSDB.UUT_MASTER/U_XSDB_BUS_CONTROLLER/sl_dwe_r_reg[0]
  -------------------------------------------------------------------
                         required time                        101.737    
                         arrival time                          -3.782    
  -------------------------------------------------------------------
                         slack                                 97.955    

Slack (MET) :             97.955ns  (required time - arrival time)
  Source:                 dbg_hub/inst/BSCANID.u_xsdbm_id/CORE_XSDB.UUT_MASTER/U_ICON_INTERFACE/U_CMD1/ctl_reg_reg[0]/C
                            (rising edge-triggered cell FDRE clocked by clk_pl_0  {rise@0.000ns fall@50.000ns period=100.001ns})
  Destination:            dbg_hub/inst/BSCANID.u_xsdbm_id/CORE_XSDB.UUT_MASTER/U_XSDB_BUS_CONTROLLER/sl_dwe_r_reg[1]/CLR
                            (recovery check against rising-edge clock clk_pl_0  {rise@0.000ns fall@50.000ns period=100.001ns})
  Path Group:             **async_default**
  Path Type:              Recovery (Max at Slow Process Corner)
  Requirement:            100.001ns  (clk_pl_0 rise@100.001ns - clk_pl_0 rise@0.000ns)
  Data Path Delay:        1.443ns  (logic 0.079ns (5.475%)  route 1.364ns (94.525%))
  Logic Levels:           0  
  Clock Path Skew:        -0.055ns (DCD - SCD + CPR)
    Destination Clock Delay (DCD):    2.092ns = ( 102.093 - 100.001 ) 
    Source Clock Delay      (SCD):    2.339ns
    Clock Pessimism Removal (CPR):    0.192ns
  Clock Uncertainty:      0.482ns  ((TSJ^2 + DJ^2)^1/2) / 2 + PE
    Total System Jitter     (TSJ):    0.071ns
    Discrete Jitter          (DJ):    0.962ns
    Phase Error              (PE):    0.000ns
  Clock Net Delay (Source):      2.140ns (routing 0.998ns, distribution 1.142ns)
  Clock Net Delay (Destination): 1.932ns (routing 0.905ns, distribution 1.027ns)

    Location             Delay type                Incr(ns)  Path(ns)    Netlist Resource(s)
  -------------------------------------------------------------------    -------------------
                         (clock clk_pl_0 rise edge)
                                                      0.000     0.000 r  
    PS8_X0Y0             PS8                          0.000     0.000 r  Sections_i/zynq_ultra_ps_e_1/inst/PS8_i/PLCLK[0]
                         net (fo=1, routed)           0.171     0.171    Sections_i/zynq_ultra_ps_e_1/inst/pl_clk_unbuffered[0]
    BUFG_PS_X0Y77        BUFG_PS (Prop_BUFG_PS_I_O)
                                                      0.028     0.199 r  Sections_i/zynq_ultra_ps_e_1/inst/buffer_pl_clk_0.PL_CLK_0_BUFG/O
    X1Y2 (CLOCK_ROOT)    net (fo=3402, routed)        2.140     2.339    dbg_hub/inst/BSCANID.u_xsdbm_id/CORE_XSDB.UUT_MASTER/U_ICON_INTERFACE/U_CMD1/clk
    SLICE_X48Y224        FDRE                                         r  dbg_hub/inst/BSCANID.u_xsdbm_id/CORE_XSDB.UUT_MASTER/U_ICON_INTERFACE/U_CMD1/ctl_reg_reg[0]/C
  -------------------------------------------------------------------    -------------------
    SLICE_X48Y224        FDRE (Prop_HFF_SLICEL_C_Q)
                                                      0.079     2.418 f  dbg_hub/inst/BSCANID.u_xsdbm_id/CORE_XSDB.UUT_MASTER/U_ICON_INTERFACE/U_CMD1/ctl_reg_reg[0]/Q
                         net (fo=168, routed)         1.364     3.782    dbg_hub/inst/BSCANID.u_xsdbm_id/CORE_XSDB.UUT_MASTER/U_XSDB_BUS_CONTROLLER/out[0]
    SLICE_X49Y222        FDCE                                         f  dbg_hub/inst/BSCANID.u_xsdbm_id/CORE_XSDB.UUT_MASTER/U_XSDB_BUS_CONTROLLER/sl_dwe_r_reg[1]/CLR
  -------------------------------------------------------------------    -------------------

                         (clock clk_pl_0 rise edge)
                                                    100.001   100.001 r  
    PS8_X0Y0             PS8                          0.000   100.001 r  Sections_i/zynq_ultra_ps_e_1/inst/PS8_i/PLCLK[0]
                         net (fo=1, routed)           0.135   100.136    Sections_i/zynq_ultra_ps_e_1/inst/pl_clk_unbuffered[0]
    BUFG_PS_X0Y77        BUFG_PS (Prop_BUFG_PS_I_O)
                                                      0.025   100.161 r  Sections_i/zynq_ultra_ps_e_1/inst/buffer_pl_clk_0.PL_CLK_0_BUFG/O
    X1Y2 (CLOCK_ROOT)    net (fo=3402, routed)        1.932   102.093    dbg_hub/inst/BSCANID.u_xsdbm_id/CORE_XSDB.UUT_MASTER/U_XSDB_BUS_CONTROLLER/clk
    SLICE_X49Y222        FDCE                                         r  dbg_hub/inst/BSCANID.u_xsdbm_id/CORE_XSDB.UUT_MASTER/U_XSDB_BUS_CONTROLLER/sl_dwe_r_reg[1]/C
                         clock pessimism              0.192   102.285    
                         clock uncertainty           -0.482   101.803    
    SLICE_X49Y222        FDCE (Recov_HFF2_SLICEL_C_CLR)
                                                     -0.066   101.737    dbg_hub/inst/BSCANID.u_xsdbm_id/CORE_XSDB.UUT_MASTER/U_XSDB_BUS_CONTROLLER/sl_dwe_r_reg[1]
  -------------------------------------------------------------------
                         required time                        101.737    
                         arrival time                          -3.782    
  -------------------------------------------------------------------
                         slack                                 97.955    

Slack (MET) :             98.029ns  (required time - arrival time)
  Source:                 dbg_hub/inst/BSCANID.u_xsdbm_id/CORE_XSDB.UUT_MASTER/U_ICON_INTERFACE/U_CMD1/ctl_reg_reg[0]/C
                            (rising edge-triggered cell FDRE clocked by clk_pl_0  {rise@0.000ns fall@50.000ns period=100.001ns})
  Destination:            dbg_hub/inst/BSCANID.u_xsdbm_id/CORE_XSDB.UUT_MASTER/U_XSDB_BUS_CONTROLLER/dec_wdc_r_reg/CLR
                            (recovery check against rising-edge clock clk_pl_0  {rise@0.000ns fall@50.000ns period=100.001ns})
  Path Group:             **async_default**
  Path Type:              Recovery (Max at Slow Process Corner)
  Requirement:            100.001ns  (clk_pl_0 rise@100.001ns - clk_pl_0 rise@0.000ns)
  Data Path Delay:        1.372ns  (logic 0.079ns (5.758%)  route 1.293ns (94.242%))
  Logic Levels:           0  
  Clock Path Skew:        -0.052ns (DCD - SCD + CPR)
    Destination Clock Delay (DCD):    2.095ns = ( 102.096 - 100.001 ) 
    Source Clock Delay      (SCD):    2.339ns
    Clock Pessimism Removal (CPR):    0.192ns
  Clock Uncertainty:      0.482ns  ((TSJ^2 + DJ^2)^1/2) / 2 + PE
    Total System Jitter     (TSJ):    0.071ns
    Discrete Jitter          (DJ):    0.962ns
    Phase Error              (PE):    0.000ns
  Clock Net Delay (Source):      2.140ns (routing 0.998ns, distribution 1.142ns)
  Clock Net Delay (Destination): 1.935ns (routing 0.905ns, distribution 1.030ns)

    Location             Delay type                Incr(ns)  Path(ns)    Netlist Resource(s)
  -------------------------------------------------------------------    -------------------
                         (clock clk_pl_0 rise edge)
                                                      0.000     0.000 r  
    PS8_X0Y0             PS8                          0.000     0.000 r  Sections_i/zynq_ultra_ps_e_1/inst/PS8_i/PLCLK[0]
                         net (fo=1, routed)           0.171     0.171    Sections_i/zynq_ultra_ps_e_1/inst/pl_clk_unbuffered[0]
    BUFG_PS_X0Y77        BUFG_PS (Prop_BUFG_PS_I_O)
                                                      0.028     0.199 r  Sections_i/zynq_ultra_ps_e_1/inst/buffer_pl_clk_0.PL_CLK_0_BUFG/O
    X1Y2 (CLOCK_ROOT)    net (fo=3402, routed)        2.140     2.339    dbg_hub/inst/BSCANID.u_xsdbm_id/CORE_XSDB.UUT_MASTER/U_ICON_INTERFACE/U_CMD1/clk
    SLICE_X48Y224        FDRE                                         r  dbg_hub/inst/BSCANID.u_xsdbm_id/CORE_XSDB.UUT_MASTER/U_ICON_INTERFACE/U_CMD1/ctl_reg_reg[0]/C
  -------------------------------------------------------------------    -------------------
    SLICE_X48Y224        FDRE (Prop_HFF_SLICEL_C_Q)
                                                      0.079     2.418 f  dbg_hub/inst/BSCANID.u_xsdbm_id/CORE_XSDB.UUT_MASTER/U_ICON_INTERFACE/U_CMD1/ctl_reg_reg[0]/Q
                         net (fo=168, routed)         1.293     3.711    dbg_hub/inst/BSCANID.u_xsdbm_id/CORE_XSDB.UUT_MASTER/U_XSDB_BUS_CONTROLLER/out[0]
    SLICE_X51Y222        FDCE                                         f  dbg_hub/inst/BSCANID.u_xsdbm_id/CORE_XSDB.UUT_MASTER/U_XSDB_BUS_CONTROLLER/dec_wdc_r_reg/CLR
  -------------------------------------------------------------------    -------------------

                         (clock clk_pl_0 rise edge)
                                                    100.001   100.001 r  
    PS8_X0Y0             PS8                          0.000   100.001 r  Sections_i/zynq_ultra_ps_e_1/inst/PS8_i/PLCLK[0]
                         net (fo=1, routed)           0.135   100.136    Sections_i/zynq_ultra_ps_e_1/inst/pl_clk_unbuffered[0]
    BUFG_PS_X0Y77        BUFG_PS (Prop_BUFG_PS_I_O)
                                                      0.025   100.161 r  Sections_i/zynq_ultra_ps_e_1/inst/buffer_pl_clk_0.PL_CLK_0_BUFG/O
    X1Y2 (CLOCK_ROOT)    net (fo=3402, routed)        1.935   102.096    dbg_hub/inst/BSCANID.u_xsdbm_id/CORE_XSDB.UUT_MASTER/U_XSDB_BUS_CONTROLLER/clk
    SLICE_X51Y222        FDCE                                         r  dbg_hub/inst/BSCANID.u_xsdbm_id/CORE_XSDB.UUT_MASTER/U_XSDB_BUS_CONTROLLER/dec_wdc_r_reg/C
                         clock pessimism              0.192   102.288    
                         clock uncertainty           -0.482   101.806    
    SLICE_X51Y222        FDCE (Recov_DFF_SLICEL_C_CLR)
                                                     -0.066   101.740    dbg_hub/inst/BSCANID.u_xsdbm_id/CORE_XSDB.UUT_MASTER/U_XSDB_BUS_CONTROLLER/dec_wdc_r_reg
  -------------------------------------------------------------------
                         required time                        101.740    
                         arrival time                          -3.711    
  -------------------------------------------------------------------
                         slack                                 98.029    

Slack (MET) :             98.029ns  (required time - arrival time)
  Source:                 dbg_hub/inst/BSCANID.u_xsdbm_id/CORE_XSDB.UUT_MASTER/U_ICON_INTERFACE/U_CMD1/ctl_reg_reg[0]/C
                            (rising edge-triggered cell FDRE clocked by clk_pl_0  {rise@0.000ns fall@50.000ns period=100.001ns})
  Destination:            dbg_hub/inst/BSCANID.u_xsdbm_id/CORE_XSDB.UUT_MASTER/U_XSDB_BUS_CONTROLLER/in_read_mode_reg/CLR
                            (recovery check against rising-edge clock clk_pl_0  {rise@0.000ns fall@50.000ns period=100.001ns})
  Path Group:             **async_default**
  Path Type:              Recovery (Max at Slow Process Corner)
  Requirement:            100.001ns  (clk_pl_0 rise@100.001ns - clk_pl_0 rise@0.000ns)
  Data Path Delay:        1.372ns  (logic 0.079ns (5.758%)  route 1.293ns (94.242%))
  Logic Levels:           0  
  Clock Path Skew:        -0.052ns (DCD - SCD + CPR)
    Destination Clock Delay (DCD):    2.095ns = ( 102.096 - 100.001 ) 
    Source Clock Delay      (SCD):    2.339ns
    Clock Pessimism Removal (CPR):    0.192ns
  Clock Uncertainty:      0.482ns  ((TSJ^2 + DJ^2)^1/2) / 2 + PE
    Total System Jitter     (TSJ):    0.071ns
    Discrete Jitter          (DJ):    0.962ns
    Phase Error              (PE):    0.000ns
  Clock Net Delay (Source):      2.140ns (routing 0.998ns, distribution 1.142ns)
  Clock Net Delay (Destination): 1.935ns (routing 0.905ns, distribution 1.030ns)

    Location             Delay type                Incr(ns)  Path(ns)    Netlist Resource(s)
  -------------------------------------------------------------------    -------------------
                         (clock clk_pl_0 rise edge)
                                                      0.000     0.000 r  
    PS8_X0Y0             PS8                          0.000     0.000 r  Sections_i/zynq_ultra_ps_e_1/inst/PS8_i/PLCLK[0]
                         net (fo=1, routed)           0.171     0.171    Sections_i/zynq_ultra_ps_e_1/inst/pl_clk_unbuffered[0]
    BUFG_PS_X0Y77        BUFG_PS (Prop_BUFG_PS_I_O)
                                                      0.028     0.199 r  Sections_i/zynq_ultra_ps_e_1/inst/buffer_pl_clk_0.PL_CLK_0_BUFG/O
    X1Y2 (CLOCK_ROOT)    net (fo=3402, routed)        2.140     2.339    dbg_hub/inst/BSCANID.u_xsdbm_id/CORE_XSDB.UUT_MASTER/U_ICON_INTERFACE/U_CMD1/clk
    SLICE_X48Y224        FDRE                                         r  dbg_hub/inst/BSCANID.u_xsdbm_id/CORE_XSDB.UUT_MASTER/U_ICON_INTERFACE/U_CMD1/ctl_reg_reg[0]/C
  -------------------------------------------------------------------    -------------------
    SLICE_X48Y224        FDRE (Prop_HFF_SLICEL_C_Q)
                                                      0.079     2.418 f  dbg_hub/inst/BSCANID.u_xsdbm_id/CORE_XSDB.UUT_MASTER/U_ICON_INTERFACE/U_CMD1/ctl_reg_reg[0]/Q
                         net (fo=168, routed)         1.293     3.711    dbg_hub/inst/BSCANID.u_xsdbm_id/CORE_XSDB.UUT_MASTER/U_XSDB_BUS_CONTROLLER/out[0]
    SLICE_X51Y222        FDCE                                         f  dbg_hub/inst/BSCANID.u_xsdbm_id/CORE_XSDB.UUT_MASTER/U_XSDB_BUS_CONTROLLER/in_read_mode_reg/CLR
  -------------------------------------------------------------------    -------------------

                         (clock clk_pl_0 rise edge)
                                                    100.001   100.001 r  
    PS8_X0Y0             PS8                          0.000   100.001 r  Sections_i/zynq_ultra_ps_e_1/inst/PS8_i/PLCLK[0]
                         net (fo=1, routed)           0.135   100.136    Sections_i/zynq_ultra_ps_e_1/inst/pl_clk_unbuffered[0]
    BUFG_PS_X0Y77        BUFG_PS (Prop_BUFG_PS_I_O)
                                                      0.025   100.161 r  Sections_i/zynq_ultra_ps_e_1/inst/buffer_pl_clk_0.PL_CLK_0_BUFG/O
    X1Y2 (CLOCK_ROOT)    net (fo=3402, routed)        1.935   102.096    dbg_hub/inst/BSCANID.u_xsdbm_id/CORE_XSDB.UUT_MASTER/U_XSDB_BUS_CONTROLLER/clk
    SLICE_X51Y222        FDCE                                         r  dbg_hub/inst/BSCANID.u_xsdbm_id/CORE_XSDB.UUT_MASTER/U_XSDB_BUS_CONTROLLER/in_read_mode_reg/C
                         clock pessimism              0.192   102.288    
                         clock uncertainty           -0.482   101.806    
    SLICE_X51Y222        FDCE (Recov_BFF_SLICEL_C_CLR)
                                                     -0.066   101.740    dbg_hub/inst/BSCANID.u_xsdbm_id/CORE_XSDB.UUT_MASTER/U_XSDB_BUS_CONTROLLER/in_read_mode_reg
  -------------------------------------------------------------------
                         required time                        101.740    
                         arrival time                          -3.711    
  -------------------------------------------------------------------
                         slack                                 98.029    

Slack (MET) :             98.029ns  (required time - arrival time)
  Source:                 dbg_hub/inst/BSCANID.u_xsdbm_id/CORE_XSDB.UUT_MASTER/U_ICON_INTERFACE/U_CMD1/ctl_reg_reg[0]/C
                            (rising edge-triggered cell FDRE clocked by clk_pl_0  {rise@0.000ns fall@50.000ns period=100.001ns})
  Destination:            dbg_hub/inst/BSCANID.u_xsdbm_id/CORE_XSDB.UUT_MASTER/U_XSDB_BUS_CONTROLLER/ma_err_r_reg[1]/CLR
                            (recovery check against rising-edge clock clk_pl_0  {rise@0.000ns fall@50.000ns period=100.001ns})
  Path Group:             **async_default**
  Path Type:              Recovery (Max at Slow Process Corner)
  Requirement:            100.001ns  (clk_pl_0 rise@100.001ns - clk_pl_0 rise@0.000ns)
  Data Path Delay:        1.372ns  (logic 0.079ns (5.758%)  route 1.293ns (94.242%))
  Logic Levels:           0  
  Clock Path Skew:        -0.052ns (DCD - SCD + CPR)
    Destination Clock Delay (DCD):    2.095ns = ( 102.096 - 100.001 ) 
    Source Clock Delay      (SCD):    2.339ns
    Clock Pessimism Removal (CPR):    0.192ns
  Clock Uncertainty:      0.482ns  ((TSJ^2 + DJ^2)^1/2) / 2 + PE
    Total System Jitter     (TSJ):    0.071ns
    Discrete Jitter          (DJ):    0.962ns
    Phase Error              (PE):    0.000ns
  Clock Net Delay (Source):      2.140ns (routing 0.998ns, distribution 1.142ns)
  Clock Net Delay (Destination): 1.935ns (routing 0.905ns, distribution 1.030ns)

    Location             Delay type                Incr(ns)  Path(ns)    Netlist Resource(s)
  -------------------------------------------------------------------    -------------------
                         (clock clk_pl_0 rise edge)
                                                      0.000     0.000 r  
    PS8_X0Y0             PS8                          0.000     0.000 r  Sections_i/zynq_ultra_ps_e_1/inst/PS8_i/PLCLK[0]
                         net (fo=1, routed)           0.171     0.171    Sections_i/zynq_ultra_ps_e_1/inst/pl_clk_unbuffered[0]
    BUFG_PS_X0Y77        BUFG_PS (Prop_BUFG_PS_I_O)
                                                      0.028     0.199 r  Sections_i/zynq_ultra_ps_e_1/inst/buffer_pl_clk_0.PL_CLK_0_BUFG/O
    X1Y2 (CLOCK_ROOT)    net (fo=3402, routed)        2.140     2.339    dbg_hub/inst/BSCANID.u_xsdbm_id/CORE_XSDB.UUT_MASTER/U_ICON_INTERFACE/U_CMD1/clk
    SLICE_X48Y224        FDRE                                         r  dbg_hub/inst/BSCANID.u_xsdbm_id/CORE_XSDB.UUT_MASTER/U_ICON_INTERFACE/U_CMD1/ctl_reg_reg[0]/C
  -------------------------------------------------------------------    -------------------
    SLICE_X48Y224        FDRE (Prop_HFF_SLICEL_C_Q)
                                                      0.079     2.418 f  dbg_hub/inst/BSCANID.u_xsdbm_id/CORE_XSDB.UUT_MASTER/U_ICON_INTERFACE/U_CMD1/ctl_reg_reg[0]/Q
                         net (fo=168, routed)         1.293     3.711    dbg_hub/inst/BSCANID.u_xsdbm_id/CORE_XSDB.UUT_MASTER/U_XSDB_BUS_CONTROLLER/out[0]
    SLICE_X51Y222        FDCE                                         f  dbg_hub/inst/BSCANID.u_xsdbm_id/CORE_XSDB.UUT_MASTER/U_XSDB_BUS_CONTROLLER/ma_err_r_reg[1]/CLR
  -------------------------------------------------------------------    -------------------

                         (clock clk_pl_0 rise edge)
                                                    100.001   100.001 r  
    PS8_X0Y0             PS8                          0.000   100.001 r  Sections_i/zynq_ultra_ps_e_1/inst/PS8_i/PLCLK[0]
                         net (fo=1, routed)           0.135   100.136    Sections_i/zynq_ultra_ps_e_1/inst/pl_clk_unbuffered[0]
    BUFG_PS_X0Y77        BUFG_PS (Prop_BUFG_PS_I_O)
                                                      0.025   100.161 r  Sections_i/zynq_ultra_ps_e_1/inst/buffer_pl_clk_0.PL_CLK_0_BUFG/O
    X1Y2 (CLOCK_ROOT)    net (fo=3402, routed)        1.935   102.096    dbg_hub/inst/BSCANID.u_xsdbm_id/CORE_XSDB.UUT_MASTER/U_XSDB_BUS_CONTROLLER/clk
    SLICE_X51Y222        FDCE                                         r  dbg_hub/inst/BSCANID.u_xsdbm_id/CORE_XSDB.UUT_MASTER/U_XSDB_BUS_CONTROLLER/ma_err_r_reg[1]/C
                         clock pessimism              0.192   102.288    
                         clock uncertainty           -0.482   101.806    
    SLICE_X51Y222        FDCE (Recov_CFF_SLICEL_C_CLR)
                                                     -0.066   101.740    dbg_hub/inst/BSCANID.u_xsdbm_id/CORE_XSDB.UUT_MASTER/U_XSDB_BUS_CONTROLLER/ma_err_r_reg[1]
  -------------------------------------------------------------------
                         required time                        101.740    
                         arrival time                          -3.711    
  -------------------------------------------------------------------
                         slack                                 98.029    

Slack (MET) :             98.029ns  (required time - arrival time)
  Source:                 dbg_hub/inst/BSCANID.u_xsdbm_id/CORE_XSDB.UUT_MASTER/U_ICON_INTERFACE/U_CMD1/ctl_reg_reg[0]/C
                            (rising edge-triggered cell FDRE clocked by clk_pl_0  {rise@0.000ns fall@50.000ns period=100.001ns})
  Destination:            dbg_hub/inst/BSCANID.u_xsdbm_id/CORE_XSDB.UUT_MASTER/U_XSDB_BUS_CONTROLLER/timer_rst_reg/PRE
                            (recovery check against rising-edge clock clk_pl_0  {rise@0.000ns fall@50.000ns period=100.001ns})
  Path Group:             **async_default**
  Path Type:              Recovery (Max at Slow Process Corner)
  Requirement:            100.001ns  (clk_pl_0 rise@100.001ns - clk_pl_0 rise@0.000ns)
  Data Path Delay:        1.372ns  (logic 0.079ns (5.758%)  route 1.293ns (94.242%))
  Logic Levels:           0  
  Clock Path Skew:        -0.052ns (DCD - SCD + CPR)
    Destination Clock Delay (DCD):    2.095ns = ( 102.096 - 100.001 ) 
    Source Clock Delay      (SCD):    2.339ns
    Clock Pessimism Removal (CPR):    0.192ns
  Clock Uncertainty:      0.482ns  ((TSJ^2 + DJ^2)^1/2) / 2 + PE
    Total System Jitter     (TSJ):    0.071ns
    Discrete Jitter          (DJ):    0.962ns
    Phase Error              (PE):    0.000ns
  Clock Net Delay (Source):      2.140ns (routing 0.998ns, distribution 1.142ns)
  Clock Net Delay (Destination): 1.935ns (routing 0.905ns, distribution 1.030ns)

    Location             Delay type                Incr(ns)  Path(ns)    Netlist Resource(s)
  -------------------------------------------------------------------    -------------------
                         (clock clk_pl_0 rise edge)
                                                      0.000     0.000 r  
    PS8_X0Y0             PS8                          0.000     0.000 r  Sections_i/zynq_ultra_ps_e_1/inst/PS8_i/PLCLK[0]
                         net (fo=1, routed)           0.171     0.171    Sections_i/zynq_ultra_ps_e_1/inst/pl_clk_unbuffered[0]
    BUFG_PS_X0Y77        BUFG_PS (Prop_BUFG_PS_I_O)
                                                      0.028     0.199 r  Sections_i/zynq_ultra_ps_e_1/inst/buffer_pl_clk_0.PL_CLK_0_BUFG/O
    X1Y2 (CLOCK_ROOT)    net (fo=3402, routed)        2.140     2.339    dbg_hub/inst/BSCANID.u_xsdbm_id/CORE_XSDB.UUT_MASTER/U_ICON_INTERFACE/U_CMD1/clk
    SLICE_X48Y224        FDRE                                         r  dbg_hub/inst/BSCANID.u_xsdbm_id/CORE_XSDB.UUT_MASTER/U_ICON_INTERFACE/U_CMD1/ctl_reg_reg[0]/C
  -------------------------------------------------------------------    -------------------
    SLICE_X48Y224        FDRE (Prop_HFF_SLICEL_C_Q)
                                                      0.079     2.418 f  dbg_hub/inst/BSCANID.u_xsdbm_id/CORE_XSDB.UUT_MASTER/U_ICON_INTERFACE/U_CMD1/ctl_reg_reg[0]/Q
                         net (fo=168, routed)         1.293     3.711    dbg_hub/inst/BSCANID.u_xsdbm_id/CORE_XSDB.UUT_MASTER/U_XSDB_BUS_CONTROLLER/out[0]
    SLICE_X51Y222        FDPE                                         f  dbg_hub/inst/BSCANID.u_xsdbm_id/CORE_XSDB.UUT_MASTER/U_XSDB_BUS_CONTROLLER/timer_rst_reg/PRE
  -------------------------------------------------------------------    -------------------

                         (clock clk_pl_0 rise edge)
                                                    100.001   100.001 r  
    PS8_X0Y0             PS8                          0.000   100.001 r  Sections_i/zynq_ultra_ps_e_1/inst/PS8_i/PLCLK[0]
                         net (fo=1, routed)           0.135   100.136    Sections_i/zynq_ultra_ps_e_1/inst/pl_clk_unbuffered[0]
    BUFG_PS_X0Y77        BUFG_PS (Prop_BUFG_PS_I_O)
                                                      0.025   100.161 r  Sections_i/zynq_ultra_ps_e_1/inst/buffer_pl_clk_0.PL_CLK_0_BUFG/O
    X1Y2 (CLOCK_ROOT)    net (fo=3402, routed)        1.935   102.096    dbg_hub/inst/BSCANID.u_xsdbm_id/CORE_XSDB.UUT_MASTER/U_XSDB_BUS_CONTROLLER/clk
    SLICE_X51Y222        FDPE                                         r  dbg_hub/inst/BSCANID.u_xsdbm_id/CORE_XSDB.UUT_MASTER/U_XSDB_BUS_CONTROLLER/timer_rst_reg/C
                         clock pessimism              0.192   102.288    
                         clock uncertainty           -0.482   101.806    
    SLICE_X51Y222        FDPE (Recov_AFF_SLICEL_C_PRE)
                                                     -0.066   101.740    dbg_hub/inst/BSCANID.u_xsdbm_id/CORE_XSDB.UUT_MASTER/U_XSDB_BUS_CONTROLLER/timer_rst_reg
  -------------------------------------------------------------------
                         required time                        101.740    
                         arrival time                          -3.711    
  -------------------------------------------------------------------
                         slack                                 98.029    

Slack (MET) :             98.032ns  (required time - arrival time)
  Source:                 dbg_hub/inst/BSCANID.u_xsdbm_id/CORE_XSDB.UUT_MASTER/U_ICON_INTERFACE/U_CMD1/ctl_reg_reg[0]/C
                            (rising edge-triggered cell FDRE clocked by clk_pl_0  {rise@0.000ns fall@50.000ns period=100.001ns})
  Destination:            dbg_hub/inst/BSCANID.u_xsdbm_id/CORE_XSDB.UUT_MASTER/U_XSDB_BUS_CONTROLLER/active_sl_den_mask_reg[0]/CLR
                            (recovery check against rising-edge clock clk_pl_0  {rise@0.000ns fall@50.000ns period=100.001ns})
  Path Group:             **async_default**
  Path Type:              Recovery (Max at Slow Process Corner)
  Requirement:            100.001ns  (clk_pl_0 rise@100.001ns - clk_pl_0 rise@0.000ns)
  Data Path Delay:        1.371ns  (logic 0.079ns (5.762%)  route 1.292ns (94.238%))
  Logic Levels:           0  
  Clock Path Skew:        -0.050ns (DCD - SCD + CPR)
    Destination Clock Delay (DCD):    2.097ns = ( 102.098 - 100.001 ) 
    Source Clock Delay      (SCD):    2.339ns
    Clock Pessimism Removal (CPR):    0.192ns
  Clock Uncertainty:      0.482ns  ((TSJ^2 + DJ^2)^1/2) / 2 + PE
    Total System Jitter     (TSJ):    0.071ns
    Discrete Jitter          (DJ):    0.962ns
    Phase Error              (PE):    0.000ns
  Clock Net Delay (Source):      2.140ns (routing 0.998ns, distribution 1.142ns)
  Clock Net Delay (Destination): 1.937ns (routing 0.905ns, distribution 1.032ns)

    Location             Delay type                Incr(ns)  Path(ns)    Netlist Resource(s)
  -------------------------------------------------------------------    -------------------
                         (clock clk_pl_0 rise edge)
                                                      0.000     0.000 r  
    PS8_X0Y0             PS8                          0.000     0.000 r  Sections_i/zynq_ultra_ps_e_1/inst/PS8_i/PLCLK[0]
                         net (fo=1, routed)           0.171     0.171    Sections_i/zynq_ultra_ps_e_1/inst/pl_clk_unbuffered[0]
    BUFG_PS_X0Y77        BUFG_PS (Prop_BUFG_PS_I_O)
                                                      0.028     0.199 r  Sections_i/zynq_ultra_ps_e_1/inst/buffer_pl_clk_0.PL_CLK_0_BUFG/O
    X1Y2 (CLOCK_ROOT)    net (fo=3402, routed)        2.140     2.339    dbg_hub/inst/BSCANID.u_xsdbm_id/CORE_XSDB.UUT_MASTER/U_ICON_INTERFACE/U_CMD1/clk
    SLICE_X48Y224        FDRE                                         r  dbg_hub/inst/BSCANID.u_xsdbm_id/CORE_XSDB.UUT_MASTER/U_ICON_INTERFACE/U_CMD1/ctl_reg_reg[0]/C
  -------------------------------------------------------------------    -------------------
    SLICE_X48Y224        FDRE (Prop_HFF_SLICEL_C_Q)
                                                      0.079     2.418 f  dbg_hub/inst/BSCANID.u_xsdbm_id/CORE_XSDB.UUT_MASTER/U_ICON_INTERFACE/U_CMD1/ctl_reg_reg[0]/Q
                         net (fo=168, routed)         1.292     3.710    dbg_hub/inst/BSCANID.u_xsdbm_id/CORE_XSDB.UUT_MASTER/U_XSDB_BUS_CONTROLLER/out[0]
    SLICE_X50Y222        FDCE                                         f  dbg_hub/inst/BSCANID.u_xsdbm_id/CORE_XSDB.UUT_MASTER/U_XSDB_BUS_CONTROLLER/active_sl_den_mask_reg[0]/CLR
  -------------------------------------------------------------------    -------------------

                         (clock clk_pl_0 rise edge)
                                                    100.001   100.001 r  
    PS8_X0Y0             PS8                          0.000   100.001 r  Sections_i/zynq_ultra_ps_e_1/inst/PS8_i/PLCLK[0]
                         net (fo=1, routed)           0.135   100.136    Sections_i/zynq_ultra_ps_e_1/inst/pl_clk_unbuffered[0]
    BUFG_PS_X0Y77        BUFG_PS (Prop_BUFG_PS_I_O)
                                                      0.025   100.161 r  Sections_i/zynq_ultra_ps_e_1/inst/buffer_pl_clk_0.PL_CLK_0_BUFG/O
    X1Y2 (CLOCK_ROOT)    net (fo=3402, routed)        1.937   102.098    dbg_hub/inst/BSCANID.u_xsdbm_id/CORE_XSDB.UUT_MASTER/U_XSDB_BUS_CONTROLLER/clk
    SLICE_X50Y222        FDCE                                         r  dbg_hub/inst/BSCANID.u_xsdbm_id/CORE_XSDB.UUT_MASTER/U_XSDB_BUS_CONTROLLER/active_sl_den_mask_reg[0]/C
                         clock pessimism              0.192   102.290    
                         clock uncertainty           -0.482   101.808    
    SLICE_X50Y222        FDCE (Recov_HFF_SLICEL_C_CLR)
                                                     -0.066   101.742    dbg_hub/inst/BSCANID.u_xsdbm_id/CORE_XSDB.UUT_MASTER/U_XSDB_BUS_CONTROLLER/active_sl_den_mask_reg[0]
  -------------------------------------------------------------------
                         required time                        101.742    
                         arrival time                          -3.710    
  -------------------------------------------------------------------
                         slack                                 98.032    

Slack (MET) :             98.032ns  (required time - arrival time)
  Source:                 dbg_hub/inst/BSCANID.u_xsdbm_id/CORE_XSDB.UUT_MASTER/U_ICON_INTERFACE/U_CMD1/ctl_reg_reg[0]/C
                            (rising edge-triggered cell FDRE clocked by clk_pl_0  {rise@0.000ns fall@50.000ns period=100.001ns})
  Destination:            dbg_hub/inst/BSCANID.u_xsdbm_id/CORE_XSDB.UUT_MASTER/U_XSDB_BUS_CONTROLLER/active_sl_den_mask_reg[1]/CLR
                            (recovery check against rising-edge clock clk_pl_0  {rise@0.000ns fall@50.000ns period=100.001ns})
  Path Group:             **async_default**
  Path Type:              Recovery (Max at Slow Process Corner)
  Requirement:            100.001ns  (clk_pl_0 rise@100.001ns - clk_pl_0 rise@0.000ns)
  Data Path Delay:        1.371ns  (logic 0.079ns (5.762%)  route 1.292ns (94.238%))
  Logic Levels:           0  
  Clock Path Skew:        -0.050ns (DCD - SCD + CPR)
    Destination Clock Delay (DCD):    2.097ns = ( 102.098 - 100.001 ) 
    Source Clock Delay      (SCD):    2.339ns
    Clock Pessimism Removal (CPR):    0.192ns
  Clock Uncertainty:      0.482ns  ((TSJ^2 + DJ^2)^1/2) / 2 + PE
    Total System Jitter     (TSJ):    0.071ns
    Discrete Jitter          (DJ):    0.962ns
    Phase Error              (PE):    0.000ns
  Clock Net Delay (Source):      2.140ns (routing 0.998ns, distribution 1.142ns)
  Clock Net Delay (Destination): 1.937ns (routing 0.905ns, distribution 1.032ns)

    Location             Delay type                Incr(ns)  Path(ns)    Netlist Resource(s)
  -------------------------------------------------------------------    -------------------
                         (clock clk_pl_0 rise edge)
                                                      0.000     0.000 r  
    PS8_X0Y0             PS8                          0.000     0.000 r  Sections_i/zynq_ultra_ps_e_1/inst/PS8_i/PLCLK[0]
                         net (fo=1, routed)           0.171     0.171    Sections_i/zynq_ultra_ps_e_1/inst/pl_clk_unbuffered[0]
    BUFG_PS_X0Y77        BUFG_PS (Prop_BUFG_PS_I_O)
                                                      0.028     0.199 r  Sections_i/zynq_ultra_ps_e_1/inst/buffer_pl_clk_0.PL_CLK_0_BUFG/O
    X1Y2 (CLOCK_ROOT)    net (fo=3402, routed)        2.140     2.339    dbg_hub/inst/BSCANID.u_xsdbm_id/CORE_XSDB.UUT_MASTER/U_ICON_INTERFACE/U_CMD1/clk
    SLICE_X48Y224        FDRE                                         r  dbg_hub/inst/BSCANID.u_xsdbm_id/CORE_XSDB.UUT_MASTER/U_ICON_INTERFACE/U_CMD1/ctl_reg_reg[0]/C
  -------------------------------------------------------------------    -------------------
    SLICE_X48Y224        FDRE (Prop_HFF_SLICEL_C_Q)
                                                      0.079     2.418 f  dbg_hub/inst/BSCANID.u_xsdbm_id/CORE_XSDB.UUT_MASTER/U_ICON_INTERFACE/U_CMD1/ctl_reg_reg[0]/Q
                         net (fo=168, routed)         1.292     3.710    dbg_hub/inst/BSCANID.u_xsdbm_id/CORE_XSDB.UUT_MASTER/U_XSDB_BUS_CONTROLLER/out[0]
    SLICE_X50Y222        FDCE                                         f  dbg_hub/inst/BSCANID.u_xsdbm_id/CORE_XSDB.UUT_MASTER/U_XSDB_BUS_CONTROLLER/active_sl_den_mask_reg[1]/CLR
  -------------------------------------------------------------------    -------------------

                         (clock clk_pl_0 rise edge)
                                                    100.001   100.001 r  
    PS8_X0Y0             PS8                          0.000   100.001 r  Sections_i/zynq_ultra_ps_e_1/inst/PS8_i/PLCLK[0]
                         net (fo=1, routed)           0.135   100.136    Sections_i/zynq_ultra_ps_e_1/inst/pl_clk_unbuffered[0]
    BUFG_PS_X0Y77        BUFG_PS (Prop_BUFG_PS_I_O)
                                                      0.025   100.161 r  Sections_i/zynq_ultra_ps_e_1/inst/buffer_pl_clk_0.PL_CLK_0_BUFG/O
    X1Y2 (CLOCK_ROOT)    net (fo=3402, routed)        1.937   102.098    dbg_hub/inst/BSCANID.u_xsdbm_id/CORE_XSDB.UUT_MASTER/U_XSDB_BUS_CONTROLLER/clk
    SLICE_X50Y222        FDCE                                         r  dbg_hub/inst/BSCANID.u_xsdbm_id/CORE_XSDB.UUT_MASTER/U_XSDB_BUS_CONTROLLER/active_sl_den_mask_reg[1]/C
                         clock pessimism              0.192   102.290    
                         clock uncertainty           -0.482   101.808    
    SLICE_X50Y222        FDCE (Recov_HFF2_SLICEL_C_CLR)
                                                     -0.066   101.742    dbg_hub/inst/BSCANID.u_xsdbm_id/CORE_XSDB.UUT_MASTER/U_XSDB_BUS_CONTROLLER/active_sl_den_mask_reg[1]
  -------------------------------------------------------------------
                         required time                        101.742    
                         arrival time                          -3.710    
  -------------------------------------------------------------------
                         slack                                 98.032    





Min Delay Paths
--------------------------------------------------------------------------------------
Slack (MET) :             0.114ns  (arrival time - required time)
  Source:                 dbg_hub/inst/BSCANID.u_xsdbm_id/CORE_XSDB.UUT_MASTER/U_XSDB_BUS_CONTROLLER/clr_rd_req_reg/C
                            (rising edge-triggered cell FDCE clocked by clk_pl_0  {rise@0.000ns fall@50.000ns period=100.001ns})
  Destination:            dbg_hub/inst/BSCANID.u_xsdbm_id/CORE_XSDB.UUT_MASTER/U_XSDB_BUS_CONTROLLER/U_RD_REQ_FLAG/G_POS_EDGE.flag_reg/CLR
                            (removal check against rising-edge clock clk_pl_0  {rise@0.000ns fall@50.000ns period=100.001ns})
  Path Group:             **async_default**
  Path Type:              Removal (Min at Fast Process Corner)
  Requirement:            0.000ns  (clk_pl_0 rise@0.000ns - clk_pl_0 rise@0.000ns)
  Data Path Delay:        0.106ns  (logic 0.039ns (36.792%)  route 0.067ns (63.208%))
  Logic Levels:           0  
  Clock Path Skew:        0.012ns (DCD - SCD - CPR)
    Destination Clock Delay (DCD):    1.474ns
    Source Clock Delay      (SCD):    1.298ns
    Clock Pessimism Removal (CPR):    0.164ns
  Clock Net Delay (Source):      1.187ns (routing 0.539ns, distribution 0.648ns)
  Clock Net Delay (Destination): 1.336ns (routing 0.601ns, distribution 0.735ns)

    Location             Delay type                Incr(ns)  Path(ns)    Netlist Resource(s)
  -------------------------------------------------------------------    -------------------
                         (clock clk_pl_0 rise edge)
                                                      0.000     0.000 r  
    PS8_X0Y0             PS8                          0.000     0.000 r  Sections_i/zynq_ultra_ps_e_1/inst/PS8_i/PLCLK[0]
                         net (fo=1, routed)           0.094     0.094    Sections_i/zynq_ultra_ps_e_1/inst/pl_clk_unbuffered[0]
    BUFG_PS_X0Y77        BUFG_PS (Prop_BUFG_PS_I_O)
                                                      0.017     0.111 r  Sections_i/zynq_ultra_ps_e_1/inst/buffer_pl_clk_0.PL_CLK_0_BUFG/O
    X1Y2 (CLOCK_ROOT)    net (fo=3402, routed)        1.187     1.298    dbg_hub/inst/BSCANID.u_xsdbm_id/CORE_XSDB.UUT_MASTER/U_XSDB_BUS_CONTROLLER/clk
    SLICE_X51Y224        FDCE                                         r  dbg_hub/inst/BSCANID.u_xsdbm_id/CORE_XSDB.UUT_MASTER/U_XSDB_BUS_CONTROLLER/clr_rd_req_reg/C
  -------------------------------------------------------------------    -------------------
    SLICE_X51Y224        FDCE (Prop_HFF_SLICEL_C_Q)
                                                      0.039     1.337 f  dbg_hub/inst/BSCANID.u_xsdbm_id/CORE_XSDB.UUT_MASTER/U_XSDB_BUS_CONTROLLER/clr_rd_req_reg/Q
                         net (fo=2, routed)           0.067     1.404    dbg_hub/inst/BSCANID.u_xsdbm_id/CORE_XSDB.UUT_MASTER/U_XSDB_BUS_CONTROLLER/U_RD_REQ_FLAG/clr_rd_req
    SLICE_X50Y224        FDCE                                         f  dbg_hub/inst/BSCANID.u_xsdbm_id/CORE_XSDB.UUT_MASTER/U_XSDB_BUS_CONTROLLER/U_RD_REQ_FLAG/G_POS_EDGE.flag_reg/CLR
  -------------------------------------------------------------------    -------------------

                         (clock clk_pl_0 rise edge)
                                                      0.000     0.000 r  
    PS8_X0Y0             PS8                          0.000     0.000 r  Sections_i/zynq_ultra_ps_e_1/inst/PS8_i/PLCLK[0]
                         net (fo=1, routed)           0.120     0.120    Sections_i/zynq_ultra_ps_e_1/inst/pl_clk_unbuffered[0]
    BUFG_PS_X0Y77        BUFG_PS (Prop_BUFG_PS_I_O)
                                                      0.018     0.138 r  Sections_i/zynq_ultra_ps_e_1/inst/buffer_pl_clk_0.PL_CLK_0_BUFG/O
    X1Y2 (CLOCK_ROOT)    net (fo=3402, routed)        1.336     1.474    dbg_hub/inst/BSCANID.u_xsdbm_id/CORE_XSDB.UUT_MASTER/U_XSDB_BUS_CONTROLLER/U_RD_REQ_FLAG/clk
    SLICE_X50Y224        FDCE                                         r  dbg_hub/inst/BSCANID.u_xsdbm_id/CORE_XSDB.UUT_MASTER/U_XSDB_BUS_CONTROLLER/U_RD_REQ_FLAG/G_POS_EDGE.flag_reg/C
                         clock pessimism             -0.164     1.310    
    SLICE_X50Y224        FDCE (Remov_HFF2_SLICEL_C_CLR)
                                                     -0.020     1.290    dbg_hub/inst/BSCANID.u_xsdbm_id/CORE_XSDB.UUT_MASTER/U_XSDB_BUS_CONTROLLER/U_RD_REQ_FLAG/G_POS_EDGE.flag_reg
  -------------------------------------------------------------------
                         required time                         -1.290    
                         arrival time                           1.404    
  -------------------------------------------------------------------
                         slack                                  0.114    

Slack (MET) :             0.117ns  (arrival time - required time)
  Source:                 dbg_hub/inst/BSCANID.u_xsdbm_id/CORE_XSDB.UUT_MASTER/U_ICON_INTERFACE/U_CMD6_RD/U_RD_FIFO/SUBCORE_FIFO.xsdbm_v3_0_0_rdfifo_inst/inst_fifo_gen/gconvfifo.rf/grf.rf/rstblk/ngwrdrst.grst.g7serrst.wr_rst_reg_reg[0]/C
                            (rising edge-triggered cell FDPE clocked by clk_pl_0  {rise@0.000ns fall@50.000ns period=100.001ns})
  Destination:            dbg_hub/inst/BSCANID.u_xsdbm_id/CORE_XSDB.UUT_MASTER/U_ICON_INTERFACE/U_CMD6_RD/U_RD_FIFO/SUBCORE_FIFO.xsdbm_v3_0_0_rdfifo_inst/inst_fifo_gen/gconvfifo.rf/grf.rf/gntv_or_sync_fifo.gcx.clkx/gnxpm_cdc.gsync_stage[1].wr_stg_inst/Q_reg_reg[2]/CLR
                            (removal check against rising-edge clock clk_pl_0  {rise@0.000ns fall@50.000ns period=100.001ns})
  Path Group:             **async_default**
  Path Type:              Removal (Min at Fast Process Corner)
  Requirement:            0.000ns  (clk_pl_0 rise@0.000ns - clk_pl_0 rise@0.000ns)
  Data Path Delay:        0.141ns  (logic 0.039ns (27.660%)  route 0.102ns (72.340%))
  Logic Levels:           0  
  Clock Path Skew:        0.044ns (DCD - SCD - CPR)
    Destination Clock Delay (DCD):    1.455ns
    Source Clock Delay      (SCD):    1.286ns
    Clock Pessimism Removal (CPR):    0.125ns
  Clock Net Delay (Source):      1.175ns (routing 0.539ns, distribution 0.636ns)
  Clock Net Delay (Destination): 1.317ns (routing 0.601ns, distribution 0.716ns)

    Location             Delay type                Incr(ns)  Path(ns)    Netlist Resource(s)
  -------------------------------------------------------------------    -------------------
                         (clock clk_pl_0 rise edge)
                                                      0.000     0.000 r  
    PS8_X0Y0             PS8                          0.000     0.000 r  Sections_i/zynq_ultra_ps_e_1/inst/PS8_i/PLCLK[0]
                         net (fo=1, routed)           0.094     0.094    Sections_i/zynq_ultra_ps_e_1/inst/pl_clk_unbuffered[0]
    BUFG_PS_X0Y77        BUFG_PS (Prop_BUFG_PS_I_O)
                                                      0.017     0.111 r  Sections_i/zynq_ultra_ps_e_1/inst/buffer_pl_clk_0.PL_CLK_0_BUFG/O
    X1Y2 (CLOCK_ROOT)    net (fo=3402, routed)        1.175     1.286    dbg_hub/inst/BSCANID.u_xsdbm_id/CORE_XSDB.UUT_MASTER/U_ICON_INTERFACE/U_CMD6_RD/U_RD_FIFO/SUBCORE_FIFO.xsdbm_v3_0_0_rdfifo_inst/inst_fifo_gen/gconvfifo.rf/grf.rf/rstblk/wr_clk
    SLICE_X48Y227        FDPE                                         r  dbg_hub/inst/BSCANID.u_xsdbm_id/CORE_XSDB.UUT_MASTER/U_ICON_INTERFACE/U_CMD6_RD/U_RD_FIFO/SUBCORE_FIFO.xsdbm_v3_0_0_rdfifo_inst/inst_fifo_gen/gconvfifo.rf/grf.rf/rstblk/ngwrdrst.grst.g7serrst.wr_rst_reg_reg[0]/C
  -------------------------------------------------------------------    -------------------
    SLICE_X48Y227        FDPE (Prop_EFF_SLICEL_C_Q)
                                                      0.039     1.325 f  dbg_hub/inst/BSCANID.u_xsdbm_id/CORE_XSDB.UUT_MASTER/U_ICON_INTERFACE/U_CMD6_RD/U_RD_FIFO/SUBCORE_FIFO.xsdbm_v3_0_0_rdfifo_inst/inst_fifo_gen/gconvfifo.rf/grf.rf/rstblk/ngwrdrst.grst.g7serrst.wr_rst_reg_reg[0]/Q
                         net (fo=18, routed)          0.102     1.427    dbg_hub/inst/BSCANID.u_xsdbm_id/CORE_XSDB.UUT_MASTER/U_ICON_INTERFACE/U_CMD6_RD/U_RD_FIFO/SUBCORE_FIFO.xsdbm_v3_0_0_rdfifo_inst/inst_fifo_gen/gconvfifo.rf/grf.rf/gntv_or_sync_fifo.gcx.clkx/gnxpm_cdc.gsync_stage[1].wr_stg_inst/AR[0]
    SLICE_X47Y227        FDCE                                         f  dbg_hub/inst/BSCANID.u_xsdbm_id/CORE_XSDB.UUT_MASTER/U_ICON_INTERFACE/U_CMD6_RD/U_RD_FIFO/SUBCORE_FIFO.xsdbm_v3_0_0_rdfifo_inst/inst_fifo_gen/gconvfifo.rf/grf.rf/gntv_or_sync_fifo.gcx.clkx/gnxpm_cdc.gsync_stage[1].wr_stg_inst/Q_reg_reg[2]/CLR
  -------------------------------------------------------------------    -------------------

                         (clock clk_pl_0 rise edge)
                                                      0.000     0.000 r  
    PS8_X0Y0             PS8                          0.000     0.000 r  Sections_i/zynq_ultra_ps_e_1/inst/PS8_i/PLCLK[0]
                         net (fo=1, routed)           0.120     0.120    Sections_i/zynq_ultra_ps_e_1/inst/pl_clk_unbuffered[0]
    BUFG_PS_X0Y77        BUFG_PS (Prop_BUFG_PS_I_O)
                                                      0.018     0.138 r  Sections_i/zynq_ultra_ps_e_1/inst/buffer_pl_clk_0.PL_CLK_0_BUFG/O
    X1Y2 (CLOCK_ROOT)    net (fo=3402, routed)        1.317     1.455    dbg_hub/inst/BSCANID.u_xsdbm_id/CORE_XSDB.UUT_MASTER/U_ICON_INTERFACE/U_CMD6_RD/U_RD_FIFO/SUBCORE_FIFO.xsdbm_v3_0_0_rdfifo_inst/inst_fifo_gen/gconvfifo.rf/grf.rf/gntv_or_sync_fifo.gcx.clkx/gnxpm_cdc.gsync_stage[1].wr_stg_inst/wr_clk
    SLICE_X47Y227        FDCE                                         r  dbg_hub/inst/BSCANID.u_xsdbm_id/CORE_XSDB.UUT_MASTER/U_ICON_INTERFACE/U_CMD6_RD/U_RD_FIFO/SUBCORE_FIFO.xsdbm_v3_0_0_rdfifo_inst/inst_fifo_gen/gconvfifo.rf/grf.rf/gntv_or_sync_fifo.gcx.clkx/gnxpm_cdc.gsync_stage[1].wr_stg_inst/Q_reg_reg[2]/C
                         clock pessimism             -0.125     1.330    
    SLICE_X47Y227        FDCE (Remov_HFF2_SLICEL_C_CLR)
                                                     -0.020     1.310    dbg_hub/inst/BSCANID.u_xsdbm_id/CORE_XSDB.UUT_MASTER/U_ICON_INTERFACE/U_CMD6_RD/U_RD_FIFO/SUBCORE_FIFO.xsdbm_v3_0_0_rdfifo_inst/inst_fifo_gen/gconvfifo.rf/grf.rf/gntv_or_sync_fifo.gcx.clkx/gnxpm_cdc.gsync_stage[1].wr_stg_inst/Q_reg_reg[2]
  -------------------------------------------------------------------
                         required time                         -1.310    
                         arrival time                           1.427    
  -------------------------------------------------------------------
                         slack                                  0.117    

Slack (MET) :             0.117ns  (arrival time - required time)
  Source:                 dbg_hub/inst/BSCANID.u_xsdbm_id/CORE_XSDB.UUT_MASTER/U_ICON_INTERFACE/U_CMD6_RD/U_RD_FIFO/SUBCORE_FIFO.xsdbm_v3_0_0_rdfifo_inst/inst_fifo_gen/gconvfifo.rf/grf.rf/rstblk/ngwrdrst.grst.g7serrst.wr_rst_reg_reg[0]/C
                            (rising edge-triggered cell FDPE clocked by clk_pl_0  {rise@0.000ns fall@50.000ns period=100.001ns})
  Destination:            dbg_hub/inst/BSCANID.u_xsdbm_id/CORE_XSDB.UUT_MASTER/U_ICON_INTERFACE/U_CMD6_RD/U_RD_FIFO/SUBCORE_FIFO.xsdbm_v3_0_0_rdfifo_inst/inst_fifo_gen/gconvfifo.rf/grf.rf/gntv_or_sync_fifo.gcx.clkx/gnxpm_cdc.gsync_stage[1].wr_stg_inst/Q_reg_reg[3]/CLR
                            (removal check against rising-edge clock clk_pl_0  {rise@0.000ns fall@50.000ns period=100.001ns})
  Path Group:             **async_default**
  Path Type:              Removal (Min at Fast Process Corner)
  Requirement:            0.000ns  (clk_pl_0 rise@0.000ns - clk_pl_0 rise@0.000ns)
  Data Path Delay:        0.141ns  (logic 0.039ns (27.660%)  route 0.102ns (72.340%))
  Logic Levels:           0  
  Clock Path Skew:        0.044ns (DCD - SCD - CPR)
    Destination Clock Delay (DCD):    1.455ns
    Source Clock Delay      (SCD):    1.286ns
    Clock Pessimism Removal (CPR):    0.125ns
  Clock Net Delay (Source):      1.175ns (routing 0.539ns, distribution 0.636ns)
  Clock Net Delay (Destination): 1.317ns (routing 0.601ns, distribution 0.716ns)

    Location             Delay type                Incr(ns)  Path(ns)    Netlist Resource(s)
  -------------------------------------------------------------------    -------------------
                         (clock clk_pl_0 rise edge)
                                                      0.000     0.000 r  
    PS8_X0Y0             PS8                          0.000     0.000 r  Sections_i/zynq_ultra_ps_e_1/inst/PS8_i/PLCLK[0]
                         net (fo=1, routed)           0.094     0.094    Sections_i/zynq_ultra_ps_e_1/inst/pl_clk_unbuffered[0]
    BUFG_PS_X0Y77        BUFG_PS (Prop_BUFG_PS_I_O)
                                                      0.017     0.111 r  Sections_i/zynq_ultra_ps_e_1/inst/buffer_pl_clk_0.PL_CLK_0_BUFG/O
    X1Y2 (CLOCK_ROOT)    net (fo=3402, routed)        1.175     1.286    dbg_hub/inst/BSCANID.u_xsdbm_id/CORE_XSDB.UUT_MASTER/U_ICON_INTERFACE/U_CMD6_RD/U_RD_FIFO/SUBCORE_FIFO.xsdbm_v3_0_0_rdfifo_inst/inst_fifo_gen/gconvfifo.rf/grf.rf/rstblk/wr_clk
    SLICE_X48Y227        FDPE                                         r  dbg_hub/inst/BSCANID.u_xsdbm_id/CORE_XSDB.UUT_MASTER/U_ICON_INTERFACE/U_CMD6_RD/U_RD_FIFO/SUBCORE_FIFO.xsdbm_v3_0_0_rdfifo_inst/inst_fifo_gen/gconvfifo.rf/grf.rf/rstblk/ngwrdrst.grst.g7serrst.wr_rst_reg_reg[0]/C
  -------------------------------------------------------------------    -------------------
    SLICE_X48Y227        FDPE (Prop_EFF_SLICEL_C_Q)
                                                      0.039     1.325 f  dbg_hub/inst/BSCANID.u_xsdbm_id/CORE_XSDB.UUT_MASTER/U_ICON_INTERFACE/U_CMD6_RD/U_RD_FIFO/SUBCORE_FIFO.xsdbm_v3_0_0_rdfifo_inst/inst_fifo_gen/gconvfifo.rf/grf.rf/rstblk/ngwrdrst.grst.g7serrst.wr_rst_reg_reg[0]/Q
                         net (fo=18, routed)          0.102     1.427    dbg_hub/inst/BSCANID.u_xsdbm_id/CORE_XSDB.UUT_MASTER/U_ICON_INTERFACE/U_CMD6_RD/U_RD_FIFO/SUBCORE_FIFO.xsdbm_v3_0_0_rdfifo_inst/inst_fifo_gen/gconvfifo.rf/grf.rf/gntv_or_sync_fifo.gcx.clkx/gnxpm_cdc.gsync_stage[1].wr_stg_inst/AR[0]
    SLICE_X47Y227        FDCE                                         f  dbg_hub/inst/BSCANID.u_xsdbm_id/CORE_XSDB.UUT_MASTER/U_ICON_INTERFACE/U_CMD6_RD/U_RD_FIFO/SUBCORE_FIFO.xsdbm_v3_0_0_rdfifo_inst/inst_fifo_gen/gconvfifo.rf/grf.rf/gntv_or_sync_fifo.gcx.clkx/gnxpm_cdc.gsync_stage[1].wr_stg_inst/Q_reg_reg[3]/CLR
  -------------------------------------------------------------------    -------------------

                         (clock clk_pl_0 rise edge)
                                                      0.000     0.000 r  
    PS8_X0Y0             PS8                          0.000     0.000 r  Sections_i/zynq_ultra_ps_e_1/inst/PS8_i/PLCLK[0]
                         net (fo=1, routed)           0.120     0.120    Sections_i/zynq_ultra_ps_e_1/inst/pl_clk_unbuffered[0]
    BUFG_PS_X0Y77        BUFG_PS (Prop_BUFG_PS_I_O)
                                                      0.018     0.138 r  Sections_i/zynq_ultra_ps_e_1/inst/buffer_pl_clk_0.PL_CLK_0_BUFG/O
    X1Y2 (CLOCK_ROOT)    net (fo=3402, routed)        1.317     1.455    dbg_hub/inst/BSCANID.u_xsdbm_id/CORE_XSDB.UUT_MASTER/U_ICON_INTERFACE/U_CMD6_RD/U_RD_FIFO/SUBCORE_FIFO.xsdbm_v3_0_0_rdfifo_inst/inst_fifo_gen/gconvfifo.rf/grf.rf/gntv_or_sync_fifo.gcx.clkx/gnxpm_cdc.gsync_stage[1].wr_stg_inst/wr_clk
    SLICE_X47Y227        FDCE                                         r  dbg_hub/inst/BSCANID.u_xsdbm_id/CORE_XSDB.UUT_MASTER/U_ICON_INTERFACE/U_CMD6_RD/U_RD_FIFO/SUBCORE_FIFO.xsdbm_v3_0_0_rdfifo_inst/inst_fifo_gen/gconvfifo.rf/grf.rf/gntv_or_sync_fifo.gcx.clkx/gnxpm_cdc.gsync_stage[1].wr_stg_inst/Q_reg_reg[3]/C
                         clock pessimism             -0.125     1.330    
    SLICE_X47Y227        FDCE (Remov_GFF2_SLICEL_C_CLR)
                                                     -0.020     1.310    dbg_hub/inst/BSCANID.u_xsdbm_id/CORE_XSDB.UUT_MASTER/U_ICON_INTERFACE/U_CMD6_RD/U_RD_FIFO/SUBCORE_FIFO.xsdbm_v3_0_0_rdfifo_inst/inst_fifo_gen/gconvfifo.rf/grf.rf/gntv_or_sync_fifo.gcx.clkx/gnxpm_cdc.gsync_stage[1].wr_stg_inst/Q_reg_reg[3]
  -------------------------------------------------------------------
                         required time                         -1.310    
                         arrival time                           1.427    
  -------------------------------------------------------------------
                         slack                                  0.117    

Slack (MET) :             0.117ns  (arrival time - required time)
  Source:                 dbg_hub/inst/BSCANID.u_xsdbm_id/CORE_XSDB.UUT_MASTER/U_ICON_INTERFACE/U_CMD6_RD/U_RD_FIFO/SUBCORE_FIFO.xsdbm_v3_0_0_rdfifo_inst/inst_fifo_gen/gconvfifo.rf/grf.rf/rstblk/ngwrdrst.grst.g7serrst.wr_rst_reg_reg[0]/C
                            (rising edge-triggered cell FDPE clocked by clk_pl_0  {rise@0.000ns fall@50.000ns period=100.001ns})
  Destination:            dbg_hub/inst/BSCANID.u_xsdbm_id/CORE_XSDB.UUT_MASTER/U_ICON_INTERFACE/U_CMD6_RD/U_RD_FIFO/SUBCORE_FIFO.xsdbm_v3_0_0_rdfifo_inst/inst_fifo_gen/gconvfifo.rf/grf.rf/gntv_or_sync_fifo.gcx.clkx/gnxpm_cdc.gsync_stage[2].wr_stg_inst/Q_reg_reg[2]/CLR
                            (removal check against rising-edge clock clk_pl_0  {rise@0.000ns fall@50.000ns period=100.001ns})
  Path Group:             **async_default**
  Path Type:              Removal (Min at Fast Process Corner)
  Requirement:            0.000ns  (clk_pl_0 rise@0.000ns - clk_pl_0 rise@0.000ns)
  Data Path Delay:        0.141ns  (logic 0.039ns (27.660%)  route 0.102ns (72.340%))
  Logic Levels:           0  
  Clock Path Skew:        0.044ns (DCD - SCD - CPR)
    Destination Clock Delay (DCD):    1.455ns
    Source Clock Delay      (SCD):    1.286ns
    Clock Pessimism Removal (CPR):    0.125ns
  Clock Net Delay (Source):      1.175ns (routing 0.539ns, distribution 0.636ns)
  Clock Net Delay (Destination): 1.317ns (routing 0.601ns, distribution 0.716ns)

    Location             Delay type                Incr(ns)  Path(ns)    Netlist Resource(s)
  -------------------------------------------------------------------    -------------------
                         (clock clk_pl_0 rise edge)
                                                      0.000     0.000 r  
    PS8_X0Y0             PS8                          0.000     0.000 r  Sections_i/zynq_ultra_ps_e_1/inst/PS8_i/PLCLK[0]
                         net (fo=1, routed)           0.094     0.094    Sections_i/zynq_ultra_ps_e_1/inst/pl_clk_unbuffered[0]
    BUFG_PS_X0Y77        BUFG_PS (Prop_BUFG_PS_I_O)
                                                      0.017     0.111 r  Sections_i/zynq_ultra_ps_e_1/inst/buffer_pl_clk_0.PL_CLK_0_BUFG/O
    X1Y2 (CLOCK_ROOT)    net (fo=3402, routed)        1.175     1.286    dbg_hub/inst/BSCANID.u_xsdbm_id/CORE_XSDB.UUT_MASTER/U_ICON_INTERFACE/U_CMD6_RD/U_RD_FIFO/SUBCORE_FIFO.xsdbm_v3_0_0_rdfifo_inst/inst_fifo_gen/gconvfifo.rf/grf.rf/rstblk/wr_clk
    SLICE_X48Y227        FDPE                                         r  dbg_hub/inst/BSCANID.u_xsdbm_id/CORE_XSDB.UUT_MASTER/U_ICON_INTERFACE/U_CMD6_RD/U_RD_FIFO/SUBCORE_FIFO.xsdbm_v3_0_0_rdfifo_inst/inst_fifo_gen/gconvfifo.rf/grf.rf/rstblk/ngwrdrst.grst.g7serrst.wr_rst_reg_reg[0]/C
  -------------------------------------------------------------------    -------------------
    SLICE_X48Y227        FDPE (Prop_EFF_SLICEL_C_Q)
                                                      0.039     1.325 f  dbg_hub/inst/BSCANID.u_xsdbm_id/CORE_XSDB.UUT_MASTER/U_ICON_INTERFACE/U_CMD6_RD/U_RD_FIFO/SUBCORE_FIFO.xsdbm_v3_0_0_rdfifo_inst/inst_fifo_gen/gconvfifo.rf/grf.rf/rstblk/ngwrdrst.grst.g7serrst.wr_rst_reg_reg[0]/Q
                         net (fo=18, routed)          0.102     1.427    dbg_hub/inst/BSCANID.u_xsdbm_id/CORE_XSDB.UUT_MASTER/U_ICON_INTERFACE/U_CMD6_RD/U_RD_FIFO/SUBCORE_FIFO.xsdbm_v3_0_0_rdfifo_inst/inst_fifo_gen/gconvfifo.rf/grf.rf/gntv_or_sync_fifo.gcx.clkx/gnxpm_cdc.gsync_stage[2].wr_stg_inst/AR[0]
    SLICE_X47Y227        FDCE                                         f  dbg_hub/inst/BSCANID.u_xsdbm_id/CORE_XSDB.UUT_MASTER/U_ICON_INTERFACE/U_CMD6_RD/U_RD_FIFO/SUBCORE_FIFO.xsdbm_v3_0_0_rdfifo_inst/inst_fifo_gen/gconvfifo.rf/grf.rf/gntv_or_sync_fifo.gcx.clkx/gnxpm_cdc.gsync_stage[2].wr_stg_inst/Q_reg_reg[2]/CLR
  -------------------------------------------------------------------    -------------------

                         (clock clk_pl_0 rise edge)
                                                      0.000     0.000 r  
    PS8_X0Y0             PS8                          0.000     0.000 r  Sections_i/zynq_ultra_ps_e_1/inst/PS8_i/PLCLK[0]
                         net (fo=1, routed)           0.120     0.120    Sections_i/zynq_ultra_ps_e_1/inst/pl_clk_unbuffered[0]
    BUFG_PS_X0Y77        BUFG_PS (Prop_BUFG_PS_I_O)
                                                      0.018     0.138 r  Sections_i/zynq_ultra_ps_e_1/inst/buffer_pl_clk_0.PL_CLK_0_BUFG/O
    X1Y2 (CLOCK_ROOT)    net (fo=3402, routed)        1.317     1.455    dbg_hub/inst/BSCANID.u_xsdbm_id/CORE_XSDB.UUT_MASTER/U_ICON_INTERFACE/U_CMD6_RD/U_RD_FIFO/SUBCORE_FIFO.xsdbm_v3_0_0_rdfifo_inst/inst_fifo_gen/gconvfifo.rf/grf.rf/gntv_or_sync_fifo.gcx.clkx/gnxpm_cdc.gsync_stage[2].wr_stg_inst/wr_clk
    SLICE_X47Y227        FDCE                                         r  dbg_hub/inst/BSCANID.u_xsdbm_id/CORE_XSDB.UUT_MASTER/U_ICON_INTERFACE/U_CMD6_RD/U_RD_FIFO/SUBCORE_FIFO.xsdbm_v3_0_0_rdfifo_inst/inst_fifo_gen/gconvfifo.rf/grf.rf/gntv_or_sync_fifo.gcx.clkx/gnxpm_cdc.gsync_stage[2].wr_stg_inst/Q_reg_reg[2]/C
                         clock pessimism             -0.125     1.330    
    SLICE_X47Y227        FDCE (Remov_EFF2_SLICEL_C_CLR)
                                                     -0.020     1.310    dbg_hub/inst/BSCANID.u_xsdbm_id/CORE_XSDB.UUT_MASTER/U_ICON_INTERFACE/U_CMD6_RD/U_RD_FIFO/SUBCORE_FIFO.xsdbm_v3_0_0_rdfifo_inst/inst_fifo_gen/gconvfifo.rf/grf.rf/gntv_or_sync_fifo.gcx.clkx/gnxpm_cdc.gsync_stage[2].wr_stg_inst/Q_reg_reg[2]
  -------------------------------------------------------------------
                         required time                         -1.310    
                         arrival time                           1.427    
  -------------------------------------------------------------------
                         slack                                  0.117    

Slack (MET) :             0.117ns  (arrival time - required time)
  Source:                 dbg_hub/inst/BSCANID.u_xsdbm_id/CORE_XSDB.UUT_MASTER/U_ICON_INTERFACE/U_CMD6_RD/U_RD_FIFO/SUBCORE_FIFO.xsdbm_v3_0_0_rdfifo_inst/inst_fifo_gen/gconvfifo.rf/grf.rf/rstblk/ngwrdrst.grst.g7serrst.wr_rst_reg_reg[0]/C
                            (rising edge-triggered cell FDPE clocked by clk_pl_0  {rise@0.000ns fall@50.000ns period=100.001ns})
  Destination:            dbg_hub/inst/BSCANID.u_xsdbm_id/CORE_XSDB.UUT_MASTER/U_ICON_INTERFACE/U_CMD6_RD/U_RD_FIFO/SUBCORE_FIFO.xsdbm_v3_0_0_rdfifo_inst/inst_fifo_gen/gconvfifo.rf/grf.rf/gntv_or_sync_fifo.gcx.clkx/gnxpm_cdc.gsync_stage[2].wr_stg_inst/Q_reg_reg[3]/CLR
                            (removal check against rising-edge clock clk_pl_0  {rise@0.000ns fall@50.000ns period=100.001ns})
  Path Group:             **async_default**
  Path Type:              Removal (Min at Fast Process Corner)
  Requirement:            0.000ns  (clk_pl_0 rise@0.000ns - clk_pl_0 rise@0.000ns)
  Data Path Delay:        0.141ns  (logic 0.039ns (27.660%)  route 0.102ns (72.340%))
  Logic Levels:           0  
  Clock Path Skew:        0.044ns (DCD - SCD - CPR)
    Destination Clock Delay (DCD):    1.455ns
    Source Clock Delay      (SCD):    1.286ns
    Clock Pessimism Removal (CPR):    0.125ns
  Clock Net Delay (Source):      1.175ns (routing 0.539ns, distribution 0.636ns)
  Clock Net Delay (Destination): 1.317ns (routing 0.601ns, distribution 0.716ns)

    Location             Delay type                Incr(ns)  Path(ns)    Netlist Resource(s)
  -------------------------------------------------------------------    -------------------
                         (clock clk_pl_0 rise edge)
                                                      0.000     0.000 r  
    PS8_X0Y0             PS8                          0.000     0.000 r  Sections_i/zynq_ultra_ps_e_1/inst/PS8_i/PLCLK[0]
                         net (fo=1, routed)           0.094     0.094    Sections_i/zynq_ultra_ps_e_1/inst/pl_clk_unbuffered[0]
    BUFG_PS_X0Y77        BUFG_PS (Prop_BUFG_PS_I_O)
                                                      0.017     0.111 r  Sections_i/zynq_ultra_ps_e_1/inst/buffer_pl_clk_0.PL_CLK_0_BUFG/O
    X1Y2 (CLOCK_ROOT)    net (fo=3402, routed)        1.175     1.286    dbg_hub/inst/BSCANID.u_xsdbm_id/CORE_XSDB.UUT_MASTER/U_ICON_INTERFACE/U_CMD6_RD/U_RD_FIFO/SUBCORE_FIFO.xsdbm_v3_0_0_rdfifo_inst/inst_fifo_gen/gconvfifo.rf/grf.rf/rstblk/wr_clk
    SLICE_X48Y227        FDPE                                         r  dbg_hub/inst/BSCANID.u_xsdbm_id/CORE_XSDB.UUT_MASTER/U_ICON_INTERFACE/U_CMD6_RD/U_RD_FIFO/SUBCORE_FIFO.xsdbm_v3_0_0_rdfifo_inst/inst_fifo_gen/gconvfifo.rf/grf.rf/rstblk/ngwrdrst.grst.g7serrst.wr_rst_reg_reg[0]/C
  -------------------------------------------------------------------    -------------------
    SLICE_X48Y227        FDPE (Prop_EFF_SLICEL_C_Q)
                                                      0.039     1.325 f  dbg_hub/inst/BSCANID.u_xsdbm_id/CORE_XSDB.UUT_MASTER/U_ICON_INTERFACE/U_CMD6_RD/U_RD_FIFO/SUBCORE_FIFO.xsdbm_v3_0_0_rdfifo_inst/inst_fifo_gen/gconvfifo.rf/grf.rf/rstblk/ngwrdrst.grst.g7serrst.wr_rst_reg_reg[0]/Q
                         net (fo=18, routed)          0.102     1.427    dbg_hub/inst/BSCANID.u_xsdbm_id/CORE_XSDB.UUT_MASTER/U_ICON_INTERFACE/U_CMD6_RD/U_RD_FIFO/SUBCORE_FIFO.xsdbm_v3_0_0_rdfifo_inst/inst_fifo_gen/gconvfifo.rf/grf.rf/gntv_or_sync_fifo.gcx.clkx/gnxpm_cdc.gsync_stage[2].wr_stg_inst/AR[0]
    SLICE_X47Y227        FDCE                                         f  dbg_hub/inst/BSCANID.u_xsdbm_id/CORE_XSDB.UUT_MASTER/U_ICON_INTERFACE/U_CMD6_RD/U_RD_FIFO/SUBCORE_FIFO.xsdbm_v3_0_0_rdfifo_inst/inst_fifo_gen/gconvfifo.rf/grf.rf/gntv_or_sync_fifo.gcx.clkx/gnxpm_cdc.gsync_stage[2].wr_stg_inst/Q_reg_reg[3]/CLR
  -------------------------------------------------------------------    -------------------

                         (clock clk_pl_0 rise edge)
                                                      0.000     0.000 r  
    PS8_X0Y0             PS8                          0.000     0.000 r  Sections_i/zynq_ultra_ps_e_1/inst/PS8_i/PLCLK[0]
                         net (fo=1, routed)           0.120     0.120    Sections_i/zynq_ultra_ps_e_1/inst/pl_clk_unbuffered[0]
    BUFG_PS_X0Y77        BUFG_PS (Prop_BUFG_PS_I_O)
                                                      0.018     0.138 r  Sections_i/zynq_ultra_ps_e_1/inst/buffer_pl_clk_0.PL_CLK_0_BUFG/O
    X1Y2 (CLOCK_ROOT)    net (fo=3402, routed)        1.317     1.455    dbg_hub/inst/BSCANID.u_xsdbm_id/CORE_XSDB.UUT_MASTER/U_ICON_INTERFACE/U_CMD6_RD/U_RD_FIFO/SUBCORE_FIFO.xsdbm_v3_0_0_rdfifo_inst/inst_fifo_gen/gconvfifo.rf/grf.rf/gntv_or_sync_fifo.gcx.clkx/gnxpm_cdc.gsync_stage[2].wr_stg_inst/wr_clk
    SLICE_X47Y227        FDCE                                         r  dbg_hub/inst/BSCANID.u_xsdbm_id/CORE_XSDB.UUT_MASTER/U_ICON_INTERFACE/U_CMD6_RD/U_RD_FIFO/SUBCORE_FIFO.xsdbm_v3_0_0_rdfifo_inst/inst_fifo_gen/gconvfifo.rf/grf.rf/gntv_or_sync_fifo.gcx.clkx/gnxpm_cdc.gsync_stage[2].wr_stg_inst/Q_reg_reg[3]/C
                         clock pessimism             -0.125     1.330    
    SLICE_X47Y227        FDCE (Remov_FFF2_SLICEL_C_CLR)
                                                     -0.020     1.310    dbg_hub/inst/BSCANID.u_xsdbm_id/CORE_XSDB.UUT_MASTER/U_ICON_INTERFACE/U_CMD6_RD/U_RD_FIFO/SUBCORE_FIFO.xsdbm_v3_0_0_rdfifo_inst/inst_fifo_gen/gconvfifo.rf/grf.rf/gntv_or_sync_fifo.gcx.clkx/gnxpm_cdc.gsync_stage[2].wr_stg_inst/Q_reg_reg[3]
  -------------------------------------------------------------------
                         required time                         -1.310    
                         arrival time                           1.427    
  -------------------------------------------------------------------
                         slack                                  0.117    

Slack (MET) :             0.117ns  (arrival time - required time)
  Source:                 dbg_hub/inst/BSCANID.u_xsdbm_id/CORE_XSDB.UUT_MASTER/U_ICON_INTERFACE/U_CMD6_RD/U_RD_FIFO/SUBCORE_FIFO.xsdbm_v3_0_0_rdfifo_inst/inst_fifo_gen/gconvfifo.rf/grf.rf/rstblk/ngwrdrst.grst.g7serrst.wr_rst_reg_reg[0]/C
                            (rising edge-triggered cell FDPE clocked by clk_pl_0  {rise@0.000ns fall@50.000ns period=100.001ns})
  Destination:            dbg_hub/inst/BSCANID.u_xsdbm_id/CORE_XSDB.UUT_MASTER/U_ICON_INTERFACE/U_CMD6_RD/U_RD_FIFO/SUBCORE_FIFO.xsdbm_v3_0_0_rdfifo_inst/inst_fifo_gen/gconvfifo.rf/grf.rf/gntv_or_sync_fifo.gcx.clkx/gnxpm_cdc.wr_pntr_gc_reg[3]/CLR
                            (removal check against rising-edge clock clk_pl_0  {rise@0.000ns fall@50.000ns period=100.001ns})
  Path Group:             **async_default**
  Path Type:              Removal (Min at Fast Process Corner)
  Requirement:            0.000ns  (clk_pl_0 rise@0.000ns - clk_pl_0 rise@0.000ns)
  Data Path Delay:        0.141ns  (logic 0.039ns (27.660%)  route 0.102ns (72.340%))
  Logic Levels:           0  
  Clock Path Skew:        0.044ns (DCD - SCD - CPR)
    Destination Clock Delay (DCD):    1.455ns
    Source Clock Delay      (SCD):    1.286ns
    Clock Pessimism Removal (CPR):    0.125ns
  Clock Net Delay (Source):      1.175ns (routing 0.539ns, distribution 0.636ns)
  Clock Net Delay (Destination): 1.317ns (routing 0.601ns, distribution 0.716ns)

    Location             Delay type                Incr(ns)  Path(ns)    Netlist Resource(s)
  -------------------------------------------------------------------    -------------------
                         (clock clk_pl_0 rise edge)
                                                      0.000     0.000 r  
    PS8_X0Y0             PS8                          0.000     0.000 r  Sections_i/zynq_ultra_ps_e_1/inst/PS8_i/PLCLK[0]
                         net (fo=1, routed)           0.094     0.094    Sections_i/zynq_ultra_ps_e_1/inst/pl_clk_unbuffered[0]
    BUFG_PS_X0Y77        BUFG_PS (Prop_BUFG_PS_I_O)
                                                      0.017     0.111 r  Sections_i/zynq_ultra_ps_e_1/inst/buffer_pl_clk_0.PL_CLK_0_BUFG/O
    X1Y2 (CLOCK_ROOT)    net (fo=3402, routed)        1.175     1.286    dbg_hub/inst/BSCANID.u_xsdbm_id/CORE_XSDB.UUT_MASTER/U_ICON_INTERFACE/U_CMD6_RD/U_RD_FIFO/SUBCORE_FIFO.xsdbm_v3_0_0_rdfifo_inst/inst_fifo_gen/gconvfifo.rf/grf.rf/rstblk/wr_clk
    SLICE_X48Y227        FDPE                                         r  dbg_hub/inst/BSCANID.u_xsdbm_id/CORE_XSDB.UUT_MASTER/U_ICON_INTERFACE/U_CMD6_RD/U_RD_FIFO/SUBCORE_FIFO.xsdbm_v3_0_0_rdfifo_inst/inst_fifo_gen/gconvfifo.rf/grf.rf/rstblk/ngwrdrst.grst.g7serrst.wr_rst_reg_reg[0]/C
  -------------------------------------------------------------------    -------------------
    SLICE_X48Y227        FDPE (Prop_EFF_SLICEL_C_Q)
                                                      0.039     1.325 f  dbg_hub/inst/BSCANID.u_xsdbm_id/CORE_XSDB.UUT_MASTER/U_ICON_INTERFACE/U_CMD6_RD/U_RD_FIFO/SUBCORE_FIFO.xsdbm_v3_0_0_rdfifo_inst/inst_fifo_gen/gconvfifo.rf/grf.rf/rstblk/ngwrdrst.grst.g7serrst.wr_rst_reg_reg[0]/Q
                         net (fo=18, routed)          0.102     1.427    dbg_hub/inst/BSCANID.u_xsdbm_id/CORE_XSDB.UUT_MASTER/U_ICON_INTERFACE/U_CMD6_RD/U_RD_FIFO/SUBCORE_FIFO.xsdbm_v3_0_0_rdfifo_inst/inst_fifo_gen/gconvfifo.rf/grf.rf/gntv_or_sync_fifo.gcx.clkx/AR[0]
    SLICE_X47Y227        FDCE                                         f  dbg_hub/inst/BSCANID.u_xsdbm_id/CORE_XSDB.UUT_MASTER/U_ICON_INTERFACE/U_CMD6_RD/U_RD_FIFO/SUBCORE_FIFO.xsdbm_v3_0_0_rdfifo_inst/inst_fifo_gen/gconvfifo.rf/grf.rf/gntv_or_sync_fifo.gcx.clkx/gnxpm_cdc.wr_pntr_gc_reg[3]/CLR
  -------------------------------------------------------------------    -------------------

                         (clock clk_pl_0 rise edge)
                                                      0.000     0.000 r  
    PS8_X0Y0             PS8                          0.000     0.000 r  Sections_i/zynq_ultra_ps_e_1/inst/PS8_i/PLCLK[0]
                         net (fo=1, routed)           0.120     0.120    Sections_i/zynq_ultra_ps_e_1/inst/pl_clk_unbuffered[0]
    BUFG_PS_X0Y77        BUFG_PS (Prop_BUFG_PS_I_O)
                                                      0.018     0.138 r  Sections_i/zynq_ultra_ps_e_1/inst/buffer_pl_clk_0.PL_CLK_0_BUFG/O
    X1Y2 (CLOCK_ROOT)    net (fo=3402, routed)        1.317     1.455    dbg_hub/inst/BSCANID.u_xsdbm_id/CORE_XSDB.UUT_MASTER/U_ICON_INTERFACE/U_CMD6_RD/U_RD_FIFO/SUBCORE_FIFO.xsdbm_v3_0_0_rdfifo_inst/inst_fifo_gen/gconvfifo.rf/grf.rf/gntv_or_sync_fifo.gcx.clkx/wr_clk
    SLICE_X47Y227        FDCE                                         r  dbg_hub/inst/BSCANID.u_xsdbm_id/CORE_XSDB.UUT_MASTER/U_ICON_INTERFACE/U_CMD6_RD/U_RD_FIFO/SUBCORE_FIFO.xsdbm_v3_0_0_rdfifo_inst/inst_fifo_gen/gconvfifo.rf/grf.rf/gntv_or_sync_fifo.gcx.clkx/gnxpm_cdc.wr_pntr_gc_reg[3]/C
                         clock pessimism             -0.125     1.330    
    SLICE_X47Y227        FDCE (Remov_EFF_SLICEL_C_CLR)
                                                     -0.020     1.310    dbg_hub/inst/BSCANID.u_xsdbm_id/CORE_XSDB.UUT_MASTER/U_ICON_INTERFACE/U_CMD6_RD/U_RD_FIFO/SUBCORE_FIFO.xsdbm_v3_0_0_rdfifo_inst/inst_fifo_gen/gconvfifo.rf/grf.rf/gntv_or_sync_fifo.gcx.clkx/gnxpm_cdc.wr_pntr_gc_reg[3]
  -------------------------------------------------------------------
                         required time                         -1.310    
                         arrival time                           1.427    
  -------------------------------------------------------------------
                         slack                                  0.117    

Slack (MET) :             0.125ns  (arrival time - required time)
  Source:                 dbg_hub/inst/BSCANID.u_xsdbm_id/CORE_XSDB.UUT_MASTER/U_ICON_INTERFACE/U_CMD6_WR/U_WR_FIFO/SUBCORE_FIFO.xsdbm_v3_0_0_wrfifo_inst/inst_fifo_gen/gconvfifo.rf/grf.rf/rstblk/ngwrdrst.grst.g7serrst.rst_rd_reg2_reg/C
                            (rising edge-triggered cell FDPE clocked by clk_pl_0  {rise@0.000ns fall@50.000ns period=100.001ns})
  Destination:            dbg_hub/inst/BSCANID.u_xsdbm_id/CORE_XSDB.UUT_MASTER/U_ICON_INTERFACE/U_CMD6_WR/U_WR_FIFO/SUBCORE_FIFO.xsdbm_v3_0_0_wrfifo_inst/inst_fifo_gen/gconvfifo.rf/grf.rf/rstblk/ngwrdrst.grst.g7serrst.rd_rst_asreg_reg/PRE
                            (removal check against rising-edge clock clk_pl_0  {rise@0.000ns fall@50.000ns period=100.001ns})
  Path Group:             **async_default**
  Path Type:              Removal (Min at Fast Process Corner)
  Requirement:            0.000ns  (clk_pl_0 rise@0.000ns - clk_pl_0 rise@0.000ns)
  Data Path Delay:        0.130ns  (logic 0.040ns (30.769%)  route 0.090ns (69.231%))
  Logic Levels:           0  
  Clock Path Skew:        0.025ns (DCD - SCD - CPR)
    Destination Clock Delay (DCD):    1.451ns
    Source Clock Delay      (SCD):    1.270ns
    Clock Pessimism Removal (CPR):    0.156ns
  Clock Net Delay (Source):      1.159ns (routing 0.539ns, distribution 0.620ns)
  Clock Net Delay (Destination): 1.313ns (routing 0.601ns, distribution 0.712ns)

    Location             Delay type                Incr(ns)  Path(ns)    Netlist Resource(s)
  -------------------------------------------------------------------    -------------------
                         (clock clk_pl_0 rise edge)
                                                      0.000     0.000 r  
    PS8_X0Y0             PS8                          0.000     0.000 r  Sections_i/zynq_ultra_ps_e_1/inst/PS8_i/PLCLK[0]
                         net (fo=1, routed)           0.094     0.094    Sections_i/zynq_ultra_ps_e_1/inst/pl_clk_unbuffered[0]
    BUFG_PS_X0Y77        BUFG_PS (Prop_BUFG_PS_I_O)
                                                      0.017     0.111 r  Sections_i/zynq_ultra_ps_e_1/inst/buffer_pl_clk_0.PL_CLK_0_BUFG/O
    X1Y2 (CLOCK_ROOT)    net (fo=3402, routed)        1.159     1.270    dbg_hub/inst/BSCANID.u_xsdbm_id/CORE_XSDB.UUT_MASTER/U_ICON_INTERFACE/U_CMD6_WR/U_WR_FIFO/SUBCORE_FIFO.xsdbm_v3_0_0_wrfifo_inst/inst_fifo_gen/gconvfifo.rf/grf.rf/rstblk/rd_clk
    SLICE_X44Y231        FDPE                                         r  dbg_hub/inst/BSCANID.u_xsdbm_id/CORE_XSDB.UUT_MASTER/U_ICON_INTERFACE/U_CMD6_WR/U_WR_FIFO/SUBCORE_FIFO.xsdbm_v3_0_0_wrfifo_inst/inst_fifo_gen/gconvfifo.rf/grf.rf/rstblk/ngwrdrst.grst.g7serrst.rst_rd_reg2_reg/C
  -------------------------------------------------------------------    -------------------
    SLICE_X44Y231        FDPE (Prop_AFF2_SLICEL_C_Q)
                                                      0.040     1.310 f  dbg_hub/inst/BSCANID.u_xsdbm_id/CORE_XSDB.UUT_MASTER/U_ICON_INTERFACE/U_CMD6_WR/U_WR_FIFO/SUBCORE_FIFO.xsdbm_v3_0_0_wrfifo_inst/inst_fifo_gen/gconvfifo.rf/grf.rf/rstblk/ngwrdrst.grst.g7serrst.rst_rd_reg2_reg/Q
                         net (fo=1, routed)           0.090     1.400    dbg_hub/inst/BSCANID.u_xsdbm_id/CORE_XSDB.UUT_MASTER/U_ICON_INTERFACE/U_CMD6_WR/U_WR_FIFO/SUBCORE_FIFO.xsdbm_v3_0_0_wrfifo_inst/inst_fifo_gen/gconvfifo.rf/grf.rf/rstblk/rst_rd_reg2
    SLICE_X44Y232        FDPE                                         f  dbg_hub/inst/BSCANID.u_xsdbm_id/CORE_XSDB.UUT_MASTER/U_ICON_INTERFACE/U_CMD6_WR/U_WR_FIFO/SUBCORE_FIFO.xsdbm_v3_0_0_wrfifo_inst/inst_fifo_gen/gconvfifo.rf/grf.rf/rstblk/ngwrdrst.grst.g7serrst.rd_rst_asreg_reg/PRE
  -------------------------------------------------------------------    -------------------

                         (clock clk_pl_0 rise edge)
                                                      0.000     0.000 r  
    PS8_X0Y0             PS8                          0.000     0.000 r  Sections_i/zynq_ultra_ps_e_1/inst/PS8_i/PLCLK[0]
                         net (fo=1, routed)           0.120     0.120    Sections_i/zynq_ultra_ps_e_1/inst/pl_clk_unbuffered[0]
    BUFG_PS_X0Y77        BUFG_PS (Prop_BUFG_PS_I_O)
                                                      0.018     0.138 r  Sections_i/zynq_ultra_ps_e_1/inst/buffer_pl_clk_0.PL_CLK_0_BUFG/O
    X1Y2 (CLOCK_ROOT)    net (fo=3402, routed)        1.313     1.451    dbg_hub/inst/BSCANID.u_xsdbm_id/CORE_XSDB.UUT_MASTER/U_ICON_INTERFACE/U_CMD6_WR/U_WR_FIFO/SUBCORE_FIFO.xsdbm_v3_0_0_wrfifo_inst/inst_fifo_gen/gconvfifo.rf/grf.rf/rstblk/rd_clk
    SLICE_X44Y232        FDPE                                         r  dbg_hub/inst/BSCANID.u_xsdbm_id/CORE_XSDB.UUT_MASTER/U_ICON_INTERFACE/U_CMD6_WR/U_WR_FIFO/SUBCORE_FIFO.xsdbm_v3_0_0_wrfifo_inst/inst_fifo_gen/gconvfifo.rf/grf.rf/rstblk/ngwrdrst.grst.g7serrst.rd_rst_asreg_reg/C
                         clock pessimism             -0.156     1.295    
    SLICE_X44Y232        FDPE (Remov_HFF2_SLICEL_C_PRE)
                                                     -0.020     1.275    dbg_hub/inst/BSCANID.u_xsdbm_id/CORE_XSDB.UUT_MASTER/U_ICON_INTERFACE/U_CMD6_WR/U_WR_FIFO/SUBCORE_FIFO.xsdbm_v3_0_0_wrfifo_inst/inst_fifo_gen/gconvfifo.rf/grf.rf/rstblk/ngwrdrst.grst.g7serrst.rd_rst_asreg_reg
  -------------------------------------------------------------------
                         required time                         -1.275    
                         arrival time                           1.400    
  -------------------------------------------------------------------
                         slack                                  0.125    

Slack (MET) :             0.127ns  (arrival time - required time)
  Source:                 dbg_hub/inst/BSCANID.u_xsdbm_id/CORE_XSDB.UUT_MASTER/U_ICON_INTERFACE/U_CMD6_RD/U_RD_FIFO/SUBCORE_FIFO.xsdbm_v3_0_0_rdfifo_inst/inst_fifo_gen/gconvfifo.rf/grf.rf/rstblk/ngwrdrst.grst.g7serrst.wr_rst_reg_reg[0]/C
                            (rising edge-triggered cell FDPE clocked by clk_pl_0  {rise@0.000ns fall@50.000ns period=100.001ns})
  Destination:            dbg_hub/inst/BSCANID.u_xsdbm_id/CORE_XSDB.UUT_MASTER/U_ICON_INTERFACE/U_CMD6_RD/U_RD_FIFO/SUBCORE_FIFO.xsdbm_v3_0_0_rdfifo_inst/inst_fifo_gen/gconvfifo.rf/grf.rf/gntv_or_sync_fifo.gcx.clkx/gnxpm_cdc.gsync_stage[1].wr_stg_inst/Q_reg_reg[0]/CLR
                            (removal check against rising-edge clock clk_pl_0  {rise@0.000ns fall@50.000ns period=100.001ns})
  Path Group:             **async_default**
  Path Type:              Removal (Min at Fast Process Corner)
  Requirement:            0.000ns  (clk_pl_0 rise@0.000ns - clk_pl_0 rise@0.000ns)
  Data Path Delay:        0.115ns  (logic 0.039ns (33.913%)  route 0.076ns (66.087%))
  Logic Levels:           0  
  Clock Path Skew:        0.008ns (DCD - SCD - CPR)
    Destination Clock Delay (DCD):    1.457ns
    Source Clock Delay      (SCD):    1.286ns
    Clock Pessimism Removal (CPR):    0.163ns
  Clock Net Delay (Source):      1.175ns (routing 0.539ns, distribution 0.636ns)
  Clock Net Delay (Destination): 1.319ns (routing 0.601ns, distribution 0.718ns)

    Location             Delay type                Incr(ns)  Path(ns)    Netlist Resource(s)
  -------------------------------------------------------------------    -------------------
                         (clock clk_pl_0 rise edge)
                                                      0.000     0.000 r  
    PS8_X0Y0             PS8                          0.000     0.000 r  Sections_i/zynq_ultra_ps_e_1/inst/PS8_i/PLCLK[0]
                         net (fo=1, routed)           0.094     0.094    Sections_i/zynq_ultra_ps_e_1/inst/pl_clk_unbuffered[0]
    BUFG_PS_X0Y77        BUFG_PS (Prop_BUFG_PS_I_O)
                                                      0.017     0.111 r  Sections_i/zynq_ultra_ps_e_1/inst/buffer_pl_clk_0.PL_CLK_0_BUFG/O
    X1Y2 (CLOCK_ROOT)    net (fo=3402, routed)        1.175     1.286    dbg_hub/inst/BSCANID.u_xsdbm_id/CORE_XSDB.UUT_MASTER/U_ICON_INTERFACE/U_CMD6_RD/U_RD_FIFO/SUBCORE_FIFO.xsdbm_v3_0_0_rdfifo_inst/inst_fifo_gen/gconvfifo.rf/grf.rf/rstblk/wr_clk
    SLICE_X48Y227        FDPE                                         r  dbg_hub/inst/BSCANID.u_xsdbm_id/CORE_XSDB.UUT_MASTER/U_ICON_INTERFACE/U_CMD6_RD/U_RD_FIFO/SUBCORE_FIFO.xsdbm_v3_0_0_rdfifo_inst/inst_fifo_gen/gconvfifo.rf/grf.rf/rstblk/ngwrdrst.grst.g7serrst.wr_rst_reg_reg[0]/C
  -------------------------------------------------------------------    -------------------
    SLICE_X48Y227        FDPE (Prop_EFF_SLICEL_C_Q)
                                                      0.039     1.325 f  dbg_hub/inst/BSCANID.u_xsdbm_id/CORE_XSDB.UUT_MASTER/U_ICON_INTERFACE/U_CMD6_RD/U_RD_FIFO/SUBCORE_FIFO.xsdbm_v3_0_0_rdfifo_inst/inst_fifo_gen/gconvfifo.rf/grf.rf/rstblk/ngwrdrst.grst.g7serrst.wr_rst_reg_reg[0]/Q
                         net (fo=18, routed)          0.076     1.401    dbg_hub/inst/BSCANID.u_xsdbm_id/CORE_XSDB.UUT_MASTER/U_ICON_INTERFACE/U_CMD6_RD/U_RD_FIFO/SUBCORE_FIFO.xsdbm_v3_0_0_rdfifo_inst/inst_fifo_gen/gconvfifo.rf/grf.rf/gntv_or_sync_fifo.gcx.clkx/gnxpm_cdc.gsync_stage[1].wr_stg_inst/AR[0]
    SLICE_X48Y227        FDCE                                         f  dbg_hub/inst/BSCANID.u_xsdbm_id/CORE_XSDB.UUT_MASTER/U_ICON_INTERFACE/U_CMD6_RD/U_RD_FIFO/SUBCORE_FIFO.xsdbm_v3_0_0_rdfifo_inst/inst_fifo_gen/gconvfifo.rf/grf.rf/gntv_or_sync_fifo.gcx.clkx/gnxpm_cdc.gsync_stage[1].wr_stg_inst/Q_reg_reg[0]/CLR
  -------------------------------------------------------------------    -------------------

                         (clock clk_pl_0 rise edge)
                                                      0.000     0.000 r  
    PS8_X0Y0             PS8                          0.000     0.000 r  Sections_i/zynq_ultra_ps_e_1/inst/PS8_i/PLCLK[0]
                         net (fo=1, routed)           0.120     0.120    Sections_i/zynq_ultra_ps_e_1/inst/pl_clk_unbuffered[0]
    BUFG_PS_X0Y77        BUFG_PS (Prop_BUFG_PS_I_O)
                                                      0.018     0.138 r  Sections_i/zynq_ultra_ps_e_1/inst/buffer_pl_clk_0.PL_CLK_0_BUFG/O
    X1Y2 (CLOCK_ROOT)    net (fo=3402, routed)        1.319     1.457    dbg_hub/inst/BSCANID.u_xsdbm_id/CORE_XSDB.UUT_MASTER/U_ICON_INTERFACE/U_CMD6_RD/U_RD_FIFO/SUBCORE_FIFO.xsdbm_v3_0_0_rdfifo_inst/inst_fifo_gen/gconvfifo.rf/grf.rf/gntv_or_sync_fifo.gcx.clkx/gnxpm_cdc.gsync_stage[1].wr_stg_inst/wr_clk
    SLICE_X48Y227        FDCE                                         r  dbg_hub/inst/BSCANID.u_xsdbm_id/CORE_XSDB.UUT_MASTER/U_ICON_INTERFACE/U_CMD6_RD/U_RD_FIFO/SUBCORE_FIFO.xsdbm_v3_0_0_rdfifo_inst/inst_fifo_gen/gconvfifo.rf/grf.rf/gntv_or_sync_fifo.gcx.clkx/gnxpm_cdc.gsync_stage[1].wr_stg_inst/Q_reg_reg[0]/C
                         clock pessimism             -0.163     1.294    
    SLICE_X48Y227        FDCE (Remov_BFF2_SLICEL_C_CLR)
                                                     -0.020     1.274    dbg_hub/inst/BSCANID.u_xsdbm_id/CORE_XSDB.UUT_MASTER/U_ICON_INTERFACE/U_CMD6_RD/U_RD_FIFO/SUBCORE_FIFO.xsdbm_v3_0_0_rdfifo_inst/inst_fifo_gen/gconvfifo.rf/grf.rf/gntv_or_sync_fifo.gcx.clkx/gnxpm_cdc.gsync_stage[1].wr_stg_inst/Q_reg_reg[0]
  -------------------------------------------------------------------
                         required time                         -1.274    
                         arrival time                           1.401    
  -------------------------------------------------------------------
                         slack                                  0.127    

Slack (MET) :             0.127ns  (arrival time - required time)
  Source:                 dbg_hub/inst/BSCANID.u_xsdbm_id/CORE_XSDB.UUT_MASTER/U_ICON_INTERFACE/U_CMD6_RD/U_RD_FIFO/SUBCORE_FIFO.xsdbm_v3_0_0_rdfifo_inst/inst_fifo_gen/gconvfifo.rf/grf.rf/rstblk/ngwrdrst.grst.g7serrst.wr_rst_reg_reg[0]/C
                            (rising edge-triggered cell FDPE clocked by clk_pl_0  {rise@0.000ns fall@50.000ns period=100.001ns})
  Destination:            dbg_hub/inst/BSCANID.u_xsdbm_id/CORE_XSDB.UUT_MASTER/U_ICON_INTERFACE/U_CMD6_RD/U_RD_FIFO/SUBCORE_FIFO.xsdbm_v3_0_0_rdfifo_inst/inst_fifo_gen/gconvfifo.rf/grf.rf/gntv_or_sync_fifo.gcx.clkx/gnxpm_cdc.gsync_stage[2].wr_stg_inst/Q_reg_reg[0]/CLR
                            (removal check against rising-edge clock clk_pl_0  {rise@0.000ns fall@50.000ns period=100.001ns})
  Path Group:             **async_default**
  Path Type:              Removal (Min at Fast Process Corner)
  Requirement:            0.000ns  (clk_pl_0 rise@0.000ns - clk_pl_0 rise@0.000ns)
  Data Path Delay:        0.115ns  (logic 0.039ns (33.913%)  route 0.076ns (66.087%))
  Logic Levels:           0  
  Clock Path Skew:        0.008ns (DCD - SCD - CPR)
    Destination Clock Delay (DCD):    1.457ns
    Source Clock Delay      (SCD):    1.286ns
    Clock Pessimism Removal (CPR):    0.163ns
  Clock Net Delay (Source):      1.175ns (routing 0.539ns, distribution 0.636ns)
  Clock Net Delay (Destination): 1.319ns (routing 0.601ns, distribution 0.718ns)

    Location             Delay type                Incr(ns)  Path(ns)    Netlist Resource(s)
  -------------------------------------------------------------------    -------------------
                         (clock clk_pl_0 rise edge)
                                                      0.000     0.000 r  
    PS8_X0Y0             PS8                          0.000     0.000 r  Sections_i/zynq_ultra_ps_e_1/inst/PS8_i/PLCLK[0]
                         net (fo=1, routed)           0.094     0.094    Sections_i/zynq_ultra_ps_e_1/inst/pl_clk_unbuffered[0]
    BUFG_PS_X0Y77        BUFG_PS (Prop_BUFG_PS_I_O)
                                                      0.017     0.111 r  Sections_i/zynq_ultra_ps_e_1/inst/buffer_pl_clk_0.PL_CLK_0_BUFG/O
    X1Y2 (CLOCK_ROOT)    net (fo=3402, routed)        1.175     1.286    dbg_hub/inst/BSCANID.u_xsdbm_id/CORE_XSDB.UUT_MASTER/U_ICON_INTERFACE/U_CMD6_RD/U_RD_FIFO/SUBCORE_FIFO.xsdbm_v3_0_0_rdfifo_inst/inst_fifo_gen/gconvfifo.rf/grf.rf/rstblk/wr_clk
    SLICE_X48Y227        FDPE                                         r  dbg_hub/inst/BSCANID.u_xsdbm_id/CORE_XSDB.UUT_MASTER/U_ICON_INTERFACE/U_CMD6_RD/U_RD_FIFO/SUBCORE_FIFO.xsdbm_v3_0_0_rdfifo_inst/inst_fifo_gen/gconvfifo.rf/grf.rf/rstblk/ngwrdrst.grst.g7serrst.wr_rst_reg_reg[0]/C
  -------------------------------------------------------------------    -------------------
    SLICE_X48Y227        FDPE (Prop_EFF_SLICEL_C_Q)
                                                      0.039     1.325 f  dbg_hub/inst/BSCANID.u_xsdbm_id/CORE_XSDB.UUT_MASTER/U_ICON_INTERFACE/U_CMD6_RD/U_RD_FIFO/SUBCORE_FIFO.xsdbm_v3_0_0_rdfifo_inst/inst_fifo_gen/gconvfifo.rf/grf.rf/rstblk/ngwrdrst.grst.g7serrst.wr_rst_reg_reg[0]/Q
                         net (fo=18, routed)          0.076     1.401    dbg_hub/inst/BSCANID.u_xsdbm_id/CORE_XSDB.UUT_MASTER/U_ICON_INTERFACE/U_CMD6_RD/U_RD_FIFO/SUBCORE_FIFO.xsdbm_v3_0_0_rdfifo_inst/inst_fifo_gen/gconvfifo.rf/grf.rf/gntv_or_sync_fifo.gcx.clkx/gnxpm_cdc.gsync_stage[2].wr_stg_inst/AR[0]
    SLICE_X48Y227        FDCE                                         f  dbg_hub/inst/BSCANID.u_xsdbm_id/CORE_XSDB.UUT_MASTER/U_ICON_INTERFACE/U_CMD6_RD/U_RD_FIFO/SUBCORE_FIFO.xsdbm_v3_0_0_rdfifo_inst/inst_fifo_gen/gconvfifo.rf/grf.rf/gntv_or_sync_fifo.gcx.clkx/gnxpm_cdc.gsync_stage[2].wr_stg_inst/Q_reg_reg[0]/CLR
  -------------------------------------------------------------------    -------------------

                         (clock clk_pl_0 rise edge)
                                                      0.000     0.000 r  
    PS8_X0Y0             PS8                          0.000     0.000 r  Sections_i/zynq_ultra_ps_e_1/inst/PS8_i/PLCLK[0]
                         net (fo=1, routed)           0.120     0.120    Sections_i/zynq_ultra_ps_e_1/inst/pl_clk_unbuffered[0]
    BUFG_PS_X0Y77        BUFG_PS (Prop_BUFG_PS_I_O)
                                                      0.018     0.138 r  Sections_i/zynq_ultra_ps_e_1/inst/buffer_pl_clk_0.PL_CLK_0_BUFG/O
    X1Y2 (CLOCK_ROOT)    net (fo=3402, routed)        1.319     1.457    dbg_hub/inst/BSCANID.u_xsdbm_id/CORE_XSDB.UUT_MASTER/U_ICON_INTERFACE/U_CMD6_RD/U_RD_FIFO/SUBCORE_FIFO.xsdbm_v3_0_0_rdfifo_inst/inst_fifo_gen/gconvfifo.rf/grf.rf/gntv_or_sync_fifo.gcx.clkx/gnxpm_cdc.gsync_stage[2].wr_stg_inst/wr_clk
    SLICE_X48Y227        FDCE                                         r  dbg_hub/inst/BSCANID.u_xsdbm_id/CORE_XSDB.UUT_MASTER/U_ICON_INTERFACE/U_CMD6_RD/U_RD_FIFO/SUBCORE_FIFO.xsdbm_v3_0_0_rdfifo_inst/inst_fifo_gen/gconvfifo.rf/grf.rf/gntv_or_sync_fifo.gcx.clkx/gnxpm_cdc.gsync_stage[2].wr_stg_inst/Q_reg_reg[0]/C
                         clock pessimism             -0.163     1.294    
    SLICE_X48Y227        FDCE (Remov_AFF2_SLICEL_C_CLR)
                                                     -0.020     1.274    dbg_hub/inst/BSCANID.u_xsdbm_id/CORE_XSDB.UUT_MASTER/U_ICON_INTERFACE/U_CMD6_RD/U_RD_FIFO/SUBCORE_FIFO.xsdbm_v3_0_0_rdfifo_inst/inst_fifo_gen/gconvfifo.rf/grf.rf/gntv_or_sync_fifo.gcx.clkx/gnxpm_cdc.gsync_stage[2].wr_stg_inst/Q_reg_reg[0]
  -------------------------------------------------------------------
                         required time                         -1.274    
                         arrival time                           1.401    
  -------------------------------------------------------------------
                         slack                                  0.127    

Slack (MET) :             0.127ns  (arrival time - required time)
  Source:                 dbg_hub/inst/BSCANID.u_xsdbm_id/CORE_XSDB.UUT_MASTER/U_ICON_INTERFACE/U_CMD6_RD/U_RD_FIFO/SUBCORE_FIFO.xsdbm_v3_0_0_rdfifo_inst/inst_fifo_gen/gconvfifo.rf/grf.rf/rstblk/ngwrdrst.grst.g7serrst.wr_rst_reg_reg[0]/C
                            (rising edge-triggered cell FDPE clocked by clk_pl_0  {rise@0.000ns fall@50.000ns period=100.001ns})
  Destination:            dbg_hub/inst/BSCANID.u_xsdbm_id/CORE_XSDB.UUT_MASTER/U_ICON_INTERFACE/U_CMD6_RD/U_RD_FIFO/SUBCORE_FIFO.xsdbm_v3_0_0_rdfifo_inst/inst_fifo_gen/gconvfifo.rf/grf.rf/gntv_or_sync_fifo.gcx.clkx/gnxpm_cdc.rd_pntr_bin_reg[0]/CLR
                            (removal check against rising-edge clock clk_pl_0  {rise@0.000ns fall@50.000ns period=100.001ns})
  Path Group:             **async_default**
  Path Type:              Removal (Min at Fast Process Corner)
  Requirement:            0.000ns  (clk_pl_0 rise@0.000ns - clk_pl_0 rise@0.000ns)
  Data Path Delay:        0.115ns  (logic 0.039ns (33.913%)  route 0.076ns (66.087%))
  Logic Levels:           0  
  Clock Path Skew:        0.008ns (DCD - SCD - CPR)
    Destination Clock Delay (DCD):    1.457ns
    Source Clock Delay      (SCD):    1.286ns
    Clock Pessimism Removal (CPR):    0.163ns
  Clock Net Delay (Source):      1.175ns (routing 0.539ns, distribution 0.636ns)
  Clock Net Delay (Destination): 1.319ns (routing 0.601ns, distribution 0.718ns)

    Location             Delay type                Incr(ns)  Path(ns)    Netlist Resource(s)
  -------------------------------------------------------------------    -------------------
                         (clock clk_pl_0 rise edge)
                                                      0.000     0.000 r  
    PS8_X0Y0             PS8                          0.000     0.000 r  Sections_i/zynq_ultra_ps_e_1/inst/PS8_i/PLCLK[0]
                         net (fo=1, routed)           0.094     0.094    Sections_i/zynq_ultra_ps_e_1/inst/pl_clk_unbuffered[0]
    BUFG_PS_X0Y77        BUFG_PS (Prop_BUFG_PS_I_O)
                                                      0.017     0.111 r  Sections_i/zynq_ultra_ps_e_1/inst/buffer_pl_clk_0.PL_CLK_0_BUFG/O
    X1Y2 (CLOCK_ROOT)    net (fo=3402, routed)        1.175     1.286    dbg_hub/inst/BSCANID.u_xsdbm_id/CORE_XSDB.UUT_MASTER/U_ICON_INTERFACE/U_CMD6_RD/U_RD_FIFO/SUBCORE_FIFO.xsdbm_v3_0_0_rdfifo_inst/inst_fifo_gen/gconvfifo.rf/grf.rf/rstblk/wr_clk
    SLICE_X48Y227        FDPE                                         r  dbg_hub/inst/BSCANID.u_xsdbm_id/CORE_XSDB.UUT_MASTER/U_ICON_INTERFACE/U_CMD6_RD/U_RD_FIFO/SUBCORE_FIFO.xsdbm_v3_0_0_rdfifo_inst/inst_fifo_gen/gconvfifo.rf/grf.rf/rstblk/ngwrdrst.grst.g7serrst.wr_rst_reg_reg[0]/C
  -------------------------------------------------------------------    -------------------
    SLICE_X48Y227        FDPE (Prop_EFF_SLICEL_C_Q)
                                                      0.039     1.325 f  dbg_hub/inst/BSCANID.u_xsdbm_id/CORE_XSDB.UUT_MASTER/U_ICON_INTERFACE/U_CMD6_RD/U_RD_FIFO/SUBCORE_FIFO.xsdbm_v3_0_0_rdfifo_inst/inst_fifo_gen/gconvfifo.rf/grf.rf/rstblk/ngwrdrst.grst.g7serrst.wr_rst_reg_reg[0]/Q
                         net (fo=18, routed)          0.076     1.401    dbg_hub/inst/BSCANID.u_xsdbm_id/CORE_XSDB.UUT_MASTER/U_ICON_INTERFACE/U_CMD6_RD/U_RD_FIFO/SUBCORE_FIFO.xsdbm_v3_0_0_rdfifo_inst/inst_fifo_gen/gconvfifo.rf/grf.rf/gntv_or_sync_fifo.gcx.clkx/AR[0]
    SLICE_X48Y227        FDCE                                         f  dbg_hub/inst/BSCANID.u_xsdbm_id/CORE_XSDB.UUT_MASTER/U_ICON_INTERFACE/U_CMD6_RD/U_RD_FIFO/SUBCORE_FIFO.xsdbm_v3_0_0_rdfifo_inst/inst_fifo_gen/gconvfifo.rf/grf.rf/gntv_or_sync_fifo.gcx.clkx/gnxpm_cdc.rd_pntr_bin_reg[0]/CLR
  -------------------------------------------------------------------    -------------------

                         (clock clk_pl_0 rise edge)
                                                      0.000     0.000 r  
    PS8_X0Y0             PS8                          0.000     0.000 r  Sections_i/zynq_ultra_ps_e_1/inst/PS8_i/PLCLK[0]
                         net (fo=1, routed)           0.120     0.120    Sections_i/zynq_ultra_ps_e_1/inst/pl_clk_unbuffered[0]
    BUFG_PS_X0Y77        BUFG_PS (Prop_BUFG_PS_I_O)
                                                      0.018     0.138 r  Sections_i/zynq_ultra_ps_e_1/inst/buffer_pl_clk_0.PL_CLK_0_BUFG/O
    X1Y2 (CLOCK_ROOT)    net (fo=3402, routed)        1.319     1.457    dbg_hub/inst/BSCANID.u_xsdbm_id/CORE_XSDB.UUT_MASTER/U_ICON_INTERFACE/U_CMD6_RD/U_RD_FIFO/SUBCORE_FIFO.xsdbm_v3_0_0_rdfifo_inst/inst_fifo_gen/gconvfifo.rf/grf.rf/gntv_or_sync_fifo.gcx.clkx/wr_clk
    SLICE_X48Y227        FDCE                                         r  dbg_hub/inst/BSCANID.u_xsdbm_id/CORE_XSDB.UUT_MASTER/U_ICON_INTERFACE/U_CMD6_RD/U_RD_FIFO/SUBCORE_FIFO.xsdbm_v3_0_0_rdfifo_inst/inst_fifo_gen/gconvfifo.rf/grf.rf/gntv_or_sync_fifo.gcx.clkx/gnxpm_cdc.rd_pntr_bin_reg[0]/C
                         clock pessimism             -0.163     1.294    
    SLICE_X48Y227        FDCE (Remov_CFF_SLICEL_C_CLR)
                                                     -0.020     1.274    dbg_hub/inst/BSCANID.u_xsdbm_id/CORE_XSDB.UUT_MASTER/U_ICON_INTERFACE/U_CMD6_RD/U_RD_FIFO/SUBCORE_FIFO.xsdbm_v3_0_0_rdfifo_inst/inst_fifo_gen/gconvfifo.rf/grf.rf/gntv_or_sync_fifo.gcx.clkx/gnxpm_cdc.rd_pntr_bin_reg[0]
  -------------------------------------------------------------------
                         required time                         -1.274    
                         arrival time                           1.401    
  -------------------------------------------------------------------
                         slack                                  0.127    





---------------------------------------------------------------------------------------------------
Path Group:  **async_default**
From Clock:  dbg_hub/inst/BSCANID.u_xsdbm_id/SWITCH_N_EXT_BSCAN.bscan_inst/SERIES7_BSCAN.bscan_inst/INTERNAL_TCK
  To Clock:  dbg_hub/inst/BSCANID.u_xsdbm_id/SWITCH_N_EXT_BSCAN.bscan_inst/SERIES7_BSCAN.bscan_inst/INTERNAL_TCK

Setup :            0  Failing Endpoints,  Worst Slack       47.629ns,  Total Violation        0.000ns
Hold  :            0  Failing Endpoints,  Worst Slack        0.108ns,  Total Violation        0.000ns
---------------------------------------------------------------------------------------------------


Max Delay Paths
--------------------------------------------------------------------------------------
Slack (MET) :             47.629ns  (required time - arrival time)
  Source:                 dbg_hub/inst/BSCANID.u_xsdbm_id/SWITCH_N_EXT_BSCAN.bscan_switch/state_reg[0]/C
                            (rising edge-triggered cell FDRE clocked by dbg_hub/inst/BSCANID.u_xsdbm_id/SWITCH_N_EXT_BSCAN.bscan_inst/SERIES7_BSCAN.bscan_inst/INTERNAL_TCK  {rise@0.000ns fall@25.000ns period=50.000ns})
  Destination:            dbg_hub/inst/BSCANID.u_xsdbm_id/CORE_XSDB.U_ICON/U_CMD/iTARGET_reg[10]/CLR
                            (recovery check against rising-edge clock dbg_hub/inst/BSCANID.u_xsdbm_id/SWITCH_N_EXT_BSCAN.bscan_inst/SERIES7_BSCAN.bscan_inst/INTERNAL_TCK  {rise@0.000ns fall@25.000ns period=50.000ns})
  Path Group:             **async_default**
  Path Type:              Recovery (Max at Slow Process Corner)
  Requirement:            50.000ns  (dbg_hub/inst/BSCANID.u_xsdbm_id/SWITCH_N_EXT_BSCAN.bscan_inst/SERIES7_BSCAN.bscan_inst/INTERNAL_TCK rise@50.000ns - dbg_hub/inst/BSCANID.u_xsdbm_id/SWITCH_N_EXT_BSCAN.bscan_inst/SERIES7_BSCAN.bscan_inst/INTERNAL_TCK rise@0.000ns)
  Data Path Delay:        2.212ns  (logic 0.144ns (6.510%)  route 2.068ns (93.490%))
  Logic Levels:           1  (LUT4=1)
  Clock Path Skew:        -0.058ns (DCD - SCD + CPR)
    Destination Clock Delay (DCD):    2.666ns = ( 52.666 - 50.000 ) 
    Source Clock Delay      (SCD):    6.994ns
    Clock Pessimism Removal (CPR):    4.270ns
  Clock Uncertainty:      0.035ns  ((TSJ^2 + TIJ^2)^1/2 + DJ) / 2 + PE
    Total System Jitter     (TSJ):    0.071ns
    Total Input Jitter      (TIJ):    0.000ns
    Discrete Jitter          (DJ):    0.000ns
    Phase Error              (PE):    0.000ns
  Clock Net Delay (Source):      1.526ns (routing 0.716ns, distribution 0.810ns)
  Clock Net Delay (Destination): 1.369ns (routing 0.651ns, distribution 0.718ns)

    Location             Delay type                Incr(ns)  Path(ns)    Netlist Resource(s)
  -------------------------------------------------------------------    -------------------
                         (clock dbg_hub/inst/BSCANID.u_xsdbm_id/SWITCH_N_EXT_BSCAN.bscan_inst/SERIES7_BSCAN.bscan_inst/INTERNAL_TCK rise edge)
                                                      0.000     0.000 r  
    CONFIG_SITE_X0Y0     BSCANE2                      0.000     0.000 r  dbg_hub/inst/BSCANID.u_xsdbm_id/SWITCH_N_EXT_BSCAN.bscan_inst/SERIES7_BSCAN.bscan_inst/INTERNAL_TCK
    CONFIG_SITE_X0Y0     BSCANE2 (Prop_BSCAN1_CONFIG_SITE_INTERNAL_TCK_TCK)
                                                      4.300     4.300 r  dbg_hub/inst/BSCANID.u_xsdbm_id/SWITCH_N_EXT_BSCAN.bscan_inst/SERIES7_BSCAN.bscan_inst/TCK
                         net (fo=1, routed)           1.140     5.440    dbg_hub/inst/BSCANID.u_xsdbm_id/tck_bs
    BUFGCE_X0Y50         BUFGCE (Prop_BUFCE_BUFGCE_I_O)
                                                      0.028     5.468 r  dbg_hub/inst/BSCANID.u_xsdbm_id/SWITCH_N_EXT_BSCAN.u_bufg_icon_tck/O
    X2Y3 (CLOCK_ROOT)    net (fo=494, routed)         1.526     6.994    dbg_hub/inst/BSCANID.u_xsdbm_id/SWITCH_N_EXT_BSCAN.bscan_switch/s_bscan_tck
    SLICE_X48Y212        FDRE                                         r  dbg_hub/inst/BSCANID.u_xsdbm_id/SWITCH_N_EXT_BSCAN.bscan_switch/state_reg[0]/C
  -------------------------------------------------------------------    -------------------
    SLICE_X48Y212        FDRE (Prop_EFF_SLICEL_C_Q)
                                                      0.079     7.073 f  dbg_hub/inst/BSCANID.u_xsdbm_id/SWITCH_N_EXT_BSCAN.bscan_switch/state_reg[0]/Q
                         net (fo=50, routed)          0.874     7.947    dbg_hub/inst/BSCANID.u_xsdbm_id/SWITCH_N_EXT_BSCAN.bscan_switch/state[0]
    SLICE_X48Y216        LUT4 (Prop_H5LUT_SLICEL_I1_O)
                                                      0.065     8.012 r  dbg_hub/inst/BSCANID.u_xsdbm_id/SWITCH_N_EXT_BSCAN.bscan_switch/m_bscan_sel[0]_INST_0/O
                         net (fo=11, routed)          1.194     9.206    dbg_hub/inst/BSCANID.u_xsdbm_id/CORE_XSDB.U_ICON/U_CMD/iTARGET_reg[6]_0
    SLICE_X49Y219        FDCE                                         f  dbg_hub/inst/BSCANID.u_xsdbm_id/CORE_XSDB.U_ICON/U_CMD/iTARGET_reg[10]/CLR  (IS_INVERTED)
  -------------------------------------------------------------------    -------------------

                         (clock dbg_hub/inst/BSCANID.u_xsdbm_id/SWITCH_N_EXT_BSCAN.bscan_inst/SERIES7_BSCAN.bscan_inst/INTERNAL_TCK rise edge)
                                                     50.000    50.000 r  
    CONFIG_SITE_X0Y0     BSCANE2                      0.000    50.000 r  dbg_hub/inst/BSCANID.u_xsdbm_id/SWITCH_N_EXT_BSCAN.bscan_inst/SERIES7_BSCAN.bscan_inst/INTERNAL_TCK
    CONFIG_SITE_X0Y0     BSCANE2 (Prop_BSCAN1_CONFIG_SITE_INTERNAL_TCK_TCK)
                                                      0.465    50.465 r  dbg_hub/inst/BSCANID.u_xsdbm_id/SWITCH_N_EXT_BSCAN.bscan_inst/SERIES7_BSCAN.bscan_inst/TCK
                         net (fo=1, routed)           0.808    51.273    dbg_hub/inst/BSCANID.u_xsdbm_id/tck_bs
    BUFGCE_X0Y50         BUFGCE (Prop_BUFCE_BUFGCE_I_O)
                                                      0.024    51.297 r  dbg_hub/inst/BSCANID.u_xsdbm_id/SWITCH_N_EXT_BSCAN.u_bufg_icon_tck/O
    X2Y3 (CLOCK_ROOT)    net (fo=494, routed)         1.369    52.666    dbg_hub/inst/BSCANID.u_xsdbm_id/CORE_XSDB.U_ICON/U_CMD/m_bscan_tck[0]
    SLICE_X49Y219        FDCE                                         r  dbg_hub/inst/BSCANID.u_xsdbm_id/CORE_XSDB.U_ICON/U_CMD/iTARGET_reg[10]/C
                         clock pessimism              4.270    56.936    
                         clock uncertainty           -0.035    56.901    
    SLICE_X49Y219        FDCE (Recov_EFF_SLICEL_C_CLR)
                                                     -0.066    56.835    dbg_hub/inst/BSCANID.u_xsdbm_id/CORE_XSDB.U_ICON/U_CMD/iTARGET_reg[10]
  -------------------------------------------------------------------
                         required time                         56.835    
                         arrival time                          -9.206    
  -------------------------------------------------------------------
                         slack                                 47.629    

Slack (MET) :             47.629ns  (required time - arrival time)
  Source:                 dbg_hub/inst/BSCANID.u_xsdbm_id/SWITCH_N_EXT_BSCAN.bscan_switch/state_reg[0]/C
                            (rising edge-triggered cell FDRE clocked by dbg_hub/inst/BSCANID.u_xsdbm_id/SWITCH_N_EXT_BSCAN.bscan_inst/SERIES7_BSCAN.bscan_inst/INTERNAL_TCK  {rise@0.000ns fall@25.000ns period=50.000ns})
  Destination:            dbg_hub/inst/BSCANID.u_xsdbm_id/CORE_XSDB.U_ICON/U_CMD/iTARGET_reg[11]/CLR
                            (recovery check against rising-edge clock dbg_hub/inst/BSCANID.u_xsdbm_id/SWITCH_N_EXT_BSCAN.bscan_inst/SERIES7_BSCAN.bscan_inst/INTERNAL_TCK  {rise@0.000ns fall@25.000ns period=50.000ns})
  Path Group:             **async_default**
  Path Type:              Recovery (Max at Slow Process Corner)
  Requirement:            50.000ns  (dbg_hub/inst/BSCANID.u_xsdbm_id/SWITCH_N_EXT_BSCAN.bscan_inst/SERIES7_BSCAN.bscan_inst/INTERNAL_TCK rise@50.000ns - dbg_hub/inst/BSCANID.u_xsdbm_id/SWITCH_N_EXT_BSCAN.bscan_inst/SERIES7_BSCAN.bscan_inst/INTERNAL_TCK rise@0.000ns)
  Data Path Delay:        2.212ns  (logic 0.144ns (6.510%)  route 2.068ns (93.490%))
  Logic Levels:           1  (LUT4=1)
  Clock Path Skew:        -0.058ns (DCD - SCD + CPR)
    Destination Clock Delay (DCD):    2.666ns = ( 52.666 - 50.000 ) 
    Source Clock Delay      (SCD):    6.994ns
    Clock Pessimism Removal (CPR):    4.270ns
  Clock Uncertainty:      0.035ns  ((TSJ^2 + TIJ^2)^1/2 + DJ) / 2 + PE
    Total System Jitter     (TSJ):    0.071ns
    Total Input Jitter      (TIJ):    0.000ns
    Discrete Jitter          (DJ):    0.000ns
    Phase Error              (PE):    0.000ns
  Clock Net Delay (Source):      1.526ns (routing 0.716ns, distribution 0.810ns)
  Clock Net Delay (Destination): 1.369ns (routing 0.651ns, distribution 0.718ns)

    Location             Delay type                Incr(ns)  Path(ns)    Netlist Resource(s)
  -------------------------------------------------------------------    -------------------
                         (clock dbg_hub/inst/BSCANID.u_xsdbm_id/SWITCH_N_EXT_BSCAN.bscan_inst/SERIES7_BSCAN.bscan_inst/INTERNAL_TCK rise edge)
                                                      0.000     0.000 r  
    CONFIG_SITE_X0Y0     BSCANE2                      0.000     0.000 r  dbg_hub/inst/BSCANID.u_xsdbm_id/SWITCH_N_EXT_BSCAN.bscan_inst/SERIES7_BSCAN.bscan_inst/INTERNAL_TCK
    CONFIG_SITE_X0Y0     BSCANE2 (Prop_BSCAN1_CONFIG_SITE_INTERNAL_TCK_TCK)
                                                      4.300     4.300 r  dbg_hub/inst/BSCANID.u_xsdbm_id/SWITCH_N_EXT_BSCAN.bscan_inst/SERIES7_BSCAN.bscan_inst/TCK
                         net (fo=1, routed)           1.140     5.440    dbg_hub/inst/BSCANID.u_xsdbm_id/tck_bs
    BUFGCE_X0Y50         BUFGCE (Prop_BUFCE_BUFGCE_I_O)
                                                      0.028     5.468 r  dbg_hub/inst/BSCANID.u_xsdbm_id/SWITCH_N_EXT_BSCAN.u_bufg_icon_tck/O
    X2Y3 (CLOCK_ROOT)    net (fo=494, routed)         1.526     6.994    dbg_hub/inst/BSCANID.u_xsdbm_id/SWITCH_N_EXT_BSCAN.bscan_switch/s_bscan_tck
    SLICE_X48Y212        FDRE                                         r  dbg_hub/inst/BSCANID.u_xsdbm_id/SWITCH_N_EXT_BSCAN.bscan_switch/state_reg[0]/C
  -------------------------------------------------------------------    -------------------
    SLICE_X48Y212        FDRE (Prop_EFF_SLICEL_C_Q)
                                                      0.079     7.073 f  dbg_hub/inst/BSCANID.u_xsdbm_id/SWITCH_N_EXT_BSCAN.bscan_switch/state_reg[0]/Q
                         net (fo=50, routed)          0.874     7.947    dbg_hub/inst/BSCANID.u_xsdbm_id/SWITCH_N_EXT_BSCAN.bscan_switch/state[0]
    SLICE_X48Y216        LUT4 (Prop_H5LUT_SLICEL_I1_O)
                                                      0.065     8.012 r  dbg_hub/inst/BSCANID.u_xsdbm_id/SWITCH_N_EXT_BSCAN.bscan_switch/m_bscan_sel[0]_INST_0/O
                         net (fo=11, routed)          1.194     9.206    dbg_hub/inst/BSCANID.u_xsdbm_id/CORE_XSDB.U_ICON/U_CMD/iTARGET_reg[6]_0
    SLICE_X49Y219        FDCE                                         f  dbg_hub/inst/BSCANID.u_xsdbm_id/CORE_XSDB.U_ICON/U_CMD/iTARGET_reg[11]/CLR  (IS_INVERTED)
  -------------------------------------------------------------------    -------------------

                         (clock dbg_hub/inst/BSCANID.u_xsdbm_id/SWITCH_N_EXT_BSCAN.bscan_inst/SERIES7_BSCAN.bscan_inst/INTERNAL_TCK rise edge)
                                                     50.000    50.000 r  
    CONFIG_SITE_X0Y0     BSCANE2                      0.000    50.000 r  dbg_hub/inst/BSCANID.u_xsdbm_id/SWITCH_N_EXT_BSCAN.bscan_inst/SERIES7_BSCAN.bscan_inst/INTERNAL_TCK
    CONFIG_SITE_X0Y0     BSCANE2 (Prop_BSCAN1_CONFIG_SITE_INTERNAL_TCK_TCK)
                                                      0.465    50.465 r  dbg_hub/inst/BSCANID.u_xsdbm_id/SWITCH_N_EXT_BSCAN.bscan_inst/SERIES7_BSCAN.bscan_inst/TCK
                         net (fo=1, routed)           0.808    51.273    dbg_hub/inst/BSCANID.u_xsdbm_id/tck_bs
    BUFGCE_X0Y50         BUFGCE (Prop_BUFCE_BUFGCE_I_O)
                                                      0.024    51.297 r  dbg_hub/inst/BSCANID.u_xsdbm_id/SWITCH_N_EXT_BSCAN.u_bufg_icon_tck/O
    X2Y3 (CLOCK_ROOT)    net (fo=494, routed)         1.369    52.666    dbg_hub/inst/BSCANID.u_xsdbm_id/CORE_XSDB.U_ICON/U_CMD/m_bscan_tck[0]
    SLICE_X49Y219        FDCE                                         r  dbg_hub/inst/BSCANID.u_xsdbm_id/CORE_XSDB.U_ICON/U_CMD/iTARGET_reg[11]/C
                         clock pessimism              4.270    56.936    
                         clock uncertainty           -0.035    56.901    
    SLICE_X49Y219        FDCE (Recov_EFF2_SLICEL_C_CLR)
                                                     -0.066    56.835    dbg_hub/inst/BSCANID.u_xsdbm_id/CORE_XSDB.U_ICON/U_CMD/iTARGET_reg[11]
  -------------------------------------------------------------------
                         required time                         56.835    
                         arrival time                          -9.206    
  -------------------------------------------------------------------
                         slack                                 47.629    

Slack (MET) :             47.629ns  (required time - arrival time)
  Source:                 dbg_hub/inst/BSCANID.u_xsdbm_id/SWITCH_N_EXT_BSCAN.bscan_switch/state_reg[0]/C
                            (rising edge-triggered cell FDRE clocked by dbg_hub/inst/BSCANID.u_xsdbm_id/SWITCH_N_EXT_BSCAN.bscan_inst/SERIES7_BSCAN.bscan_inst/INTERNAL_TCK  {rise@0.000ns fall@25.000ns period=50.000ns})
  Destination:            dbg_hub/inst/BSCANID.u_xsdbm_id/CORE_XSDB.U_ICON/U_CMD/iTARGET_reg[12]/CLR
                            (recovery check against rising-edge clock dbg_hub/inst/BSCANID.u_xsdbm_id/SWITCH_N_EXT_BSCAN.bscan_inst/SERIES7_BSCAN.bscan_inst/INTERNAL_TCK  {rise@0.000ns fall@25.000ns period=50.000ns})
  Path Group:             **async_default**
  Path Type:              Recovery (Max at Slow Process Corner)
  Requirement:            50.000ns  (dbg_hub/inst/BSCANID.u_xsdbm_id/SWITCH_N_EXT_BSCAN.bscan_inst/SERIES7_BSCAN.bscan_inst/INTERNAL_TCK rise@50.000ns - dbg_hub/inst/BSCANID.u_xsdbm_id/SWITCH_N_EXT_BSCAN.bscan_inst/SERIES7_BSCAN.bscan_inst/INTERNAL_TCK rise@0.000ns)
  Data Path Delay:        2.212ns  (logic 0.144ns (6.510%)  route 2.068ns (93.490%))
  Logic Levels:           1  (LUT4=1)
  Clock Path Skew:        -0.058ns (DCD - SCD + CPR)
    Destination Clock Delay (DCD):    2.666ns = ( 52.666 - 50.000 ) 
    Source Clock Delay      (SCD):    6.994ns
    Clock Pessimism Removal (CPR):    4.270ns
  Clock Uncertainty:      0.035ns  ((TSJ^2 + TIJ^2)^1/2 + DJ) / 2 + PE
    Total System Jitter     (TSJ):    0.071ns
    Total Input Jitter      (TIJ):    0.000ns
    Discrete Jitter          (DJ):    0.000ns
    Phase Error              (PE):    0.000ns
  Clock Net Delay (Source):      1.526ns (routing 0.716ns, distribution 0.810ns)
  Clock Net Delay (Destination): 1.369ns (routing 0.651ns, distribution 0.718ns)

    Location             Delay type                Incr(ns)  Path(ns)    Netlist Resource(s)
  -------------------------------------------------------------------    -------------------
                         (clock dbg_hub/inst/BSCANID.u_xsdbm_id/SWITCH_N_EXT_BSCAN.bscan_inst/SERIES7_BSCAN.bscan_inst/INTERNAL_TCK rise edge)
                                                      0.000     0.000 r  
    CONFIG_SITE_X0Y0     BSCANE2                      0.000     0.000 r  dbg_hub/inst/BSCANID.u_xsdbm_id/SWITCH_N_EXT_BSCAN.bscan_inst/SERIES7_BSCAN.bscan_inst/INTERNAL_TCK
    CONFIG_SITE_X0Y0     BSCANE2 (Prop_BSCAN1_CONFIG_SITE_INTERNAL_TCK_TCK)
                                                      4.300     4.300 r  dbg_hub/inst/BSCANID.u_xsdbm_id/SWITCH_N_EXT_BSCAN.bscan_inst/SERIES7_BSCAN.bscan_inst/TCK
                         net (fo=1, routed)           1.140     5.440    dbg_hub/inst/BSCANID.u_xsdbm_id/tck_bs
    BUFGCE_X0Y50         BUFGCE (Prop_BUFCE_BUFGCE_I_O)
                                                      0.028     5.468 r  dbg_hub/inst/BSCANID.u_xsdbm_id/SWITCH_N_EXT_BSCAN.u_bufg_icon_tck/O
    X2Y3 (CLOCK_ROOT)    net (fo=494, routed)         1.526     6.994    dbg_hub/inst/BSCANID.u_xsdbm_id/SWITCH_N_EXT_BSCAN.bscan_switch/s_bscan_tck
    SLICE_X48Y212        FDRE                                         r  dbg_hub/inst/BSCANID.u_xsdbm_id/SWITCH_N_EXT_BSCAN.bscan_switch/state_reg[0]/C
  -------------------------------------------------------------------    -------------------
    SLICE_X48Y212        FDRE (Prop_EFF_SLICEL_C_Q)
                                                      0.079     7.073 f  dbg_hub/inst/BSCANID.u_xsdbm_id/SWITCH_N_EXT_BSCAN.bscan_switch/state_reg[0]/Q
                         net (fo=50, routed)          0.874     7.947    dbg_hub/inst/BSCANID.u_xsdbm_id/SWITCH_N_EXT_BSCAN.bscan_switch/state[0]
    SLICE_X48Y216        LUT4 (Prop_H5LUT_SLICEL_I1_O)
                                                      0.065     8.012 r  dbg_hub/inst/BSCANID.u_xsdbm_id/SWITCH_N_EXT_BSCAN.bscan_switch/m_bscan_sel[0]_INST_0/O
                         net (fo=11, routed)          1.194     9.206    dbg_hub/inst/BSCANID.u_xsdbm_id/CORE_XSDB.U_ICON/U_CMD/iTARGET_reg[6]_0
    SLICE_X49Y219        FDCE                                         f  dbg_hub/inst/BSCANID.u_xsdbm_id/CORE_XSDB.U_ICON/U_CMD/iTARGET_reg[12]/CLR  (IS_INVERTED)
  -------------------------------------------------------------------    -------------------

                         (clock dbg_hub/inst/BSCANID.u_xsdbm_id/SWITCH_N_EXT_BSCAN.bscan_inst/SERIES7_BSCAN.bscan_inst/INTERNAL_TCK rise edge)
                                                     50.000    50.000 r  
    CONFIG_SITE_X0Y0     BSCANE2                      0.000    50.000 r  dbg_hub/inst/BSCANID.u_xsdbm_id/SWITCH_N_EXT_BSCAN.bscan_inst/SERIES7_BSCAN.bscan_inst/INTERNAL_TCK
    CONFIG_SITE_X0Y0     BSCANE2 (Prop_BSCAN1_CONFIG_SITE_INTERNAL_TCK_TCK)
                                                      0.465    50.465 r  dbg_hub/inst/BSCANID.u_xsdbm_id/SWITCH_N_EXT_BSCAN.bscan_inst/SERIES7_BSCAN.bscan_inst/TCK
                         net (fo=1, routed)           0.808    51.273    dbg_hub/inst/BSCANID.u_xsdbm_id/tck_bs
    BUFGCE_X0Y50         BUFGCE (Prop_BUFCE_BUFGCE_I_O)
                                                      0.024    51.297 r  dbg_hub/inst/BSCANID.u_xsdbm_id/SWITCH_N_EXT_BSCAN.u_bufg_icon_tck/O
    X2Y3 (CLOCK_ROOT)    net (fo=494, routed)         1.369    52.666    dbg_hub/inst/BSCANID.u_xsdbm_id/CORE_XSDB.U_ICON/U_CMD/m_bscan_tck[0]
    SLICE_X49Y219        FDCE                                         r  dbg_hub/inst/BSCANID.u_xsdbm_id/CORE_XSDB.U_ICON/U_CMD/iTARGET_reg[12]/C
                         clock pessimism              4.270    56.936    
                         clock uncertainty           -0.035    56.901    
    SLICE_X49Y219        FDCE (Recov_FFF_SLICEL_C_CLR)
                                                     -0.066    56.835    dbg_hub/inst/BSCANID.u_xsdbm_id/CORE_XSDB.U_ICON/U_CMD/iTARGET_reg[12]
  -------------------------------------------------------------------
                         required time                         56.835    
                         arrival time                          -9.206    
  -------------------------------------------------------------------
                         slack                                 47.629    

Slack (MET) :             47.629ns  (required time - arrival time)
  Source:                 dbg_hub/inst/BSCANID.u_xsdbm_id/SWITCH_N_EXT_BSCAN.bscan_switch/state_reg[0]/C
                            (rising edge-triggered cell FDRE clocked by dbg_hub/inst/BSCANID.u_xsdbm_id/SWITCH_N_EXT_BSCAN.bscan_inst/SERIES7_BSCAN.bscan_inst/INTERNAL_TCK  {rise@0.000ns fall@25.000ns period=50.000ns})
  Destination:            dbg_hub/inst/BSCANID.u_xsdbm_id/CORE_XSDB.U_ICON/U_CMD/iTARGET_reg[13]/CLR
                            (recovery check against rising-edge clock dbg_hub/inst/BSCANID.u_xsdbm_id/SWITCH_N_EXT_BSCAN.bscan_inst/SERIES7_BSCAN.bscan_inst/INTERNAL_TCK  {rise@0.000ns fall@25.000ns period=50.000ns})
  Path Group:             **async_default**
  Path Type:              Recovery (Max at Slow Process Corner)
  Requirement:            50.000ns  (dbg_hub/inst/BSCANID.u_xsdbm_id/SWITCH_N_EXT_BSCAN.bscan_inst/SERIES7_BSCAN.bscan_inst/INTERNAL_TCK rise@50.000ns - dbg_hub/inst/BSCANID.u_xsdbm_id/SWITCH_N_EXT_BSCAN.bscan_inst/SERIES7_BSCAN.bscan_inst/INTERNAL_TCK rise@0.000ns)
  Data Path Delay:        2.212ns  (logic 0.144ns (6.510%)  route 2.068ns (93.490%))
  Logic Levels:           1  (LUT4=1)
  Clock Path Skew:        -0.058ns (DCD - SCD + CPR)
    Destination Clock Delay (DCD):    2.666ns = ( 52.666 - 50.000 ) 
    Source Clock Delay      (SCD):    6.994ns
    Clock Pessimism Removal (CPR):    4.270ns
  Clock Uncertainty:      0.035ns  ((TSJ^2 + TIJ^2)^1/2 + DJ) / 2 + PE
    Total System Jitter     (TSJ):    0.071ns
    Total Input Jitter      (TIJ):    0.000ns
    Discrete Jitter          (DJ):    0.000ns
    Phase Error              (PE):    0.000ns
  Clock Net Delay (Source):      1.526ns (routing 0.716ns, distribution 0.810ns)
  Clock Net Delay (Destination): 1.369ns (routing 0.651ns, distribution 0.718ns)

    Location             Delay type                Incr(ns)  Path(ns)    Netlist Resource(s)
  -------------------------------------------------------------------    -------------------
                         (clock dbg_hub/inst/BSCANID.u_xsdbm_id/SWITCH_N_EXT_BSCAN.bscan_inst/SERIES7_BSCAN.bscan_inst/INTERNAL_TCK rise edge)
                                                      0.000     0.000 r  
    CONFIG_SITE_X0Y0     BSCANE2                      0.000     0.000 r  dbg_hub/inst/BSCANID.u_xsdbm_id/SWITCH_N_EXT_BSCAN.bscan_inst/SERIES7_BSCAN.bscan_inst/INTERNAL_TCK
    CONFIG_SITE_X0Y0     BSCANE2 (Prop_BSCAN1_CONFIG_SITE_INTERNAL_TCK_TCK)
                                                      4.300     4.300 r  dbg_hub/inst/BSCANID.u_xsdbm_id/SWITCH_N_EXT_BSCAN.bscan_inst/SERIES7_BSCAN.bscan_inst/TCK
                         net (fo=1, routed)           1.140     5.440    dbg_hub/inst/BSCANID.u_xsdbm_id/tck_bs
    BUFGCE_X0Y50         BUFGCE (Prop_BUFCE_BUFGCE_I_O)
                                                      0.028     5.468 r  dbg_hub/inst/BSCANID.u_xsdbm_id/SWITCH_N_EXT_BSCAN.u_bufg_icon_tck/O
    X2Y3 (CLOCK_ROOT)    net (fo=494, routed)         1.526     6.994    dbg_hub/inst/BSCANID.u_xsdbm_id/SWITCH_N_EXT_BSCAN.bscan_switch/s_bscan_tck
    SLICE_X48Y212        FDRE                                         r  dbg_hub/inst/BSCANID.u_xsdbm_id/SWITCH_N_EXT_BSCAN.bscan_switch/state_reg[0]/C
  -------------------------------------------------------------------    -------------------
    SLICE_X48Y212        FDRE (Prop_EFF_SLICEL_C_Q)
                                                      0.079     7.073 f  dbg_hub/inst/BSCANID.u_xsdbm_id/SWITCH_N_EXT_BSCAN.bscan_switch/state_reg[0]/Q
                         net (fo=50, routed)          0.874     7.947    dbg_hub/inst/BSCANID.u_xsdbm_id/SWITCH_N_EXT_BSCAN.bscan_switch/state[0]
    SLICE_X48Y216        LUT4 (Prop_H5LUT_SLICEL_I1_O)
                                                      0.065     8.012 r  dbg_hub/inst/BSCANID.u_xsdbm_id/SWITCH_N_EXT_BSCAN.bscan_switch/m_bscan_sel[0]_INST_0/O
                         net (fo=11, routed)          1.194     9.206    dbg_hub/inst/BSCANID.u_xsdbm_id/CORE_XSDB.U_ICON/U_CMD/iTARGET_reg[6]_0
    SLICE_X49Y219        FDCE                                         f  dbg_hub/inst/BSCANID.u_xsdbm_id/CORE_XSDB.U_ICON/U_CMD/iTARGET_reg[13]/CLR  (IS_INVERTED)
  -------------------------------------------------------------------    -------------------

                         (clock dbg_hub/inst/BSCANID.u_xsdbm_id/SWITCH_N_EXT_BSCAN.bscan_inst/SERIES7_BSCAN.bscan_inst/INTERNAL_TCK rise edge)
                                                     50.000    50.000 r  
    CONFIG_SITE_X0Y0     BSCANE2                      0.000    50.000 r  dbg_hub/inst/BSCANID.u_xsdbm_id/SWITCH_N_EXT_BSCAN.bscan_inst/SERIES7_BSCAN.bscan_inst/INTERNAL_TCK
    CONFIG_SITE_X0Y0     BSCANE2 (Prop_BSCAN1_CONFIG_SITE_INTERNAL_TCK_TCK)
                                                      0.465    50.465 r  dbg_hub/inst/BSCANID.u_xsdbm_id/SWITCH_N_EXT_BSCAN.bscan_inst/SERIES7_BSCAN.bscan_inst/TCK
                         net (fo=1, routed)           0.808    51.273    dbg_hub/inst/BSCANID.u_xsdbm_id/tck_bs
    BUFGCE_X0Y50         BUFGCE (Prop_BUFCE_BUFGCE_I_O)
                                                      0.024    51.297 r  dbg_hub/inst/BSCANID.u_xsdbm_id/SWITCH_N_EXT_BSCAN.u_bufg_icon_tck/O
    X2Y3 (CLOCK_ROOT)    net (fo=494, routed)         1.369    52.666    dbg_hub/inst/BSCANID.u_xsdbm_id/CORE_XSDB.U_ICON/U_CMD/m_bscan_tck[0]
    SLICE_X49Y219        FDCE                                         r  dbg_hub/inst/BSCANID.u_xsdbm_id/CORE_XSDB.U_ICON/U_CMD/iTARGET_reg[13]/C
                         clock pessimism              4.270    56.936    
                         clock uncertainty           -0.035    56.901    
    SLICE_X49Y219        FDCE (Recov_FFF2_SLICEL_C_CLR)
                                                     -0.066    56.835    dbg_hub/inst/BSCANID.u_xsdbm_id/CORE_XSDB.U_ICON/U_CMD/iTARGET_reg[13]
  -------------------------------------------------------------------
                         required time                         56.835    
                         arrival time                          -9.206    
  -------------------------------------------------------------------
                         slack                                 47.629    

Slack (MET) :             47.629ns  (required time - arrival time)
  Source:                 dbg_hub/inst/BSCANID.u_xsdbm_id/SWITCH_N_EXT_BSCAN.bscan_switch/state_reg[0]/C
                            (rising edge-triggered cell FDRE clocked by dbg_hub/inst/BSCANID.u_xsdbm_id/SWITCH_N_EXT_BSCAN.bscan_inst/SERIES7_BSCAN.bscan_inst/INTERNAL_TCK  {rise@0.000ns fall@25.000ns period=50.000ns})
  Destination:            dbg_hub/inst/BSCANID.u_xsdbm_id/CORE_XSDB.U_ICON/U_CMD/iTARGET_reg[6]/CLR
                            (recovery check against rising-edge clock dbg_hub/inst/BSCANID.u_xsdbm_id/SWITCH_N_EXT_BSCAN.bscan_inst/SERIES7_BSCAN.bscan_inst/INTERNAL_TCK  {rise@0.000ns fall@25.000ns period=50.000ns})
  Path Group:             **async_default**
  Path Type:              Recovery (Max at Slow Process Corner)
  Requirement:            50.000ns  (dbg_hub/inst/BSCANID.u_xsdbm_id/SWITCH_N_EXT_BSCAN.bscan_inst/SERIES7_BSCAN.bscan_inst/INTERNAL_TCK rise@50.000ns - dbg_hub/inst/BSCANID.u_xsdbm_id/SWITCH_N_EXT_BSCAN.bscan_inst/SERIES7_BSCAN.bscan_inst/INTERNAL_TCK rise@0.000ns)
  Data Path Delay:        2.212ns  (logic 0.144ns (6.510%)  route 2.068ns (93.490%))
  Logic Levels:           1  (LUT4=1)
  Clock Path Skew:        -0.058ns (DCD - SCD + CPR)
    Destination Clock Delay (DCD):    2.666ns = ( 52.666 - 50.000 ) 
    Source Clock Delay      (SCD):    6.994ns
    Clock Pessimism Removal (CPR):    4.270ns
  Clock Uncertainty:      0.035ns  ((TSJ^2 + TIJ^2)^1/2 + DJ) / 2 + PE
    Total System Jitter     (TSJ):    0.071ns
    Total Input Jitter      (TIJ):    0.000ns
    Discrete Jitter          (DJ):    0.000ns
    Phase Error              (PE):    0.000ns
  Clock Net Delay (Source):      1.526ns (routing 0.716ns, distribution 0.810ns)
  Clock Net Delay (Destination): 1.369ns (routing 0.651ns, distribution 0.718ns)

    Location             Delay type                Incr(ns)  Path(ns)    Netlist Resource(s)
  -------------------------------------------------------------------    -------------------
                         (clock dbg_hub/inst/BSCANID.u_xsdbm_id/SWITCH_N_EXT_BSCAN.bscan_inst/SERIES7_BSCAN.bscan_inst/INTERNAL_TCK rise edge)
                                                      0.000     0.000 r  
    CONFIG_SITE_X0Y0     BSCANE2                      0.000     0.000 r  dbg_hub/inst/BSCANID.u_xsdbm_id/SWITCH_N_EXT_BSCAN.bscan_inst/SERIES7_BSCAN.bscan_inst/INTERNAL_TCK
    CONFIG_SITE_X0Y0     BSCANE2 (Prop_BSCAN1_CONFIG_SITE_INTERNAL_TCK_TCK)
                                                      4.300     4.300 r  dbg_hub/inst/BSCANID.u_xsdbm_id/SWITCH_N_EXT_BSCAN.bscan_inst/SERIES7_BSCAN.bscan_inst/TCK
                         net (fo=1, routed)           1.140     5.440    dbg_hub/inst/BSCANID.u_xsdbm_id/tck_bs
    BUFGCE_X0Y50         BUFGCE (Prop_BUFCE_BUFGCE_I_O)
                                                      0.028     5.468 r  dbg_hub/inst/BSCANID.u_xsdbm_id/SWITCH_N_EXT_BSCAN.u_bufg_icon_tck/O
    X2Y3 (CLOCK_ROOT)    net (fo=494, routed)         1.526     6.994    dbg_hub/inst/BSCANID.u_xsdbm_id/SWITCH_N_EXT_BSCAN.bscan_switch/s_bscan_tck
    SLICE_X48Y212        FDRE                                         r  dbg_hub/inst/BSCANID.u_xsdbm_id/SWITCH_N_EXT_BSCAN.bscan_switch/state_reg[0]/C
  -------------------------------------------------------------------    -------------------
    SLICE_X48Y212        FDRE (Prop_EFF_SLICEL_C_Q)
                                                      0.079     7.073 f  dbg_hub/inst/BSCANID.u_xsdbm_id/SWITCH_N_EXT_BSCAN.bscan_switch/state_reg[0]/Q
                         net (fo=50, routed)          0.874     7.947    dbg_hub/inst/BSCANID.u_xsdbm_id/SWITCH_N_EXT_BSCAN.bscan_switch/state[0]
    SLICE_X48Y216        LUT4 (Prop_H5LUT_SLICEL_I1_O)
                                                      0.065     8.012 r  dbg_hub/inst/BSCANID.u_xsdbm_id/SWITCH_N_EXT_BSCAN.bscan_switch/m_bscan_sel[0]_INST_0/O
                         net (fo=11, routed)          1.194     9.206    dbg_hub/inst/BSCANID.u_xsdbm_id/CORE_XSDB.U_ICON/U_CMD/iTARGET_reg[6]_0
    SLICE_X49Y219        FDCE                                         f  dbg_hub/inst/BSCANID.u_xsdbm_id/CORE_XSDB.U_ICON/U_CMD/iTARGET_reg[6]/CLR  (IS_INVERTED)
  -------------------------------------------------------------------    -------------------

                         (clock dbg_hub/inst/BSCANID.u_xsdbm_id/SWITCH_N_EXT_BSCAN.bscan_inst/SERIES7_BSCAN.bscan_inst/INTERNAL_TCK rise edge)
                                                     50.000    50.000 r  
    CONFIG_SITE_X0Y0     BSCANE2                      0.000    50.000 r  dbg_hub/inst/BSCANID.u_xsdbm_id/SWITCH_N_EXT_BSCAN.bscan_inst/SERIES7_BSCAN.bscan_inst/INTERNAL_TCK
    CONFIG_SITE_X0Y0     BSCANE2 (Prop_BSCAN1_CONFIG_SITE_INTERNAL_TCK_TCK)
                                                      0.465    50.465 r  dbg_hub/inst/BSCANID.u_xsdbm_id/SWITCH_N_EXT_BSCAN.bscan_inst/SERIES7_BSCAN.bscan_inst/TCK
                         net (fo=1, routed)           0.808    51.273    dbg_hub/inst/BSCANID.u_xsdbm_id/tck_bs
    BUFGCE_X0Y50         BUFGCE (Prop_BUFCE_BUFGCE_I_O)
                                                      0.024    51.297 r  dbg_hub/inst/BSCANID.u_xsdbm_id/SWITCH_N_EXT_BSCAN.u_bufg_icon_tck/O
    X2Y3 (CLOCK_ROOT)    net (fo=494, routed)         1.369    52.666    dbg_hub/inst/BSCANID.u_xsdbm_id/CORE_XSDB.U_ICON/U_CMD/m_bscan_tck[0]
    SLICE_X49Y219        FDCE                                         r  dbg_hub/inst/BSCANID.u_xsdbm_id/CORE_XSDB.U_ICON/U_CMD/iTARGET_reg[6]/C
                         clock pessimism              4.270    56.936    
                         clock uncertainty           -0.035    56.901    
    SLICE_X49Y219        FDCE (Recov_GFF_SLICEL_C_CLR)
                                                     -0.066    56.835    dbg_hub/inst/BSCANID.u_xsdbm_id/CORE_XSDB.U_ICON/U_CMD/iTARGET_reg[6]
  -------------------------------------------------------------------
                         required time                         56.835    
                         arrival time                          -9.206    
  -------------------------------------------------------------------
                         slack                                 47.629    

Slack (MET) :             47.629ns  (required time - arrival time)
  Source:                 dbg_hub/inst/BSCANID.u_xsdbm_id/SWITCH_N_EXT_BSCAN.bscan_switch/state_reg[0]/C
                            (rising edge-triggered cell FDRE clocked by dbg_hub/inst/BSCANID.u_xsdbm_id/SWITCH_N_EXT_BSCAN.bscan_inst/SERIES7_BSCAN.bscan_inst/INTERNAL_TCK  {rise@0.000ns fall@25.000ns period=50.000ns})
  Destination:            dbg_hub/inst/BSCANID.u_xsdbm_id/CORE_XSDB.U_ICON/U_CMD/iTARGET_reg[7]/CLR
                            (recovery check against rising-edge clock dbg_hub/inst/BSCANID.u_xsdbm_id/SWITCH_N_EXT_BSCAN.bscan_inst/SERIES7_BSCAN.bscan_inst/INTERNAL_TCK  {rise@0.000ns fall@25.000ns period=50.000ns})
  Path Group:             **async_default**
  Path Type:              Recovery (Max at Slow Process Corner)
  Requirement:            50.000ns  (dbg_hub/inst/BSCANID.u_xsdbm_id/SWITCH_N_EXT_BSCAN.bscan_inst/SERIES7_BSCAN.bscan_inst/INTERNAL_TCK rise@50.000ns - dbg_hub/inst/BSCANID.u_xsdbm_id/SWITCH_N_EXT_BSCAN.bscan_inst/SERIES7_BSCAN.bscan_inst/INTERNAL_TCK rise@0.000ns)
  Data Path Delay:        2.212ns  (logic 0.144ns (6.510%)  route 2.068ns (93.490%))
  Logic Levels:           1  (LUT4=1)
  Clock Path Skew:        -0.058ns (DCD - SCD + CPR)
    Destination Clock Delay (DCD):    2.666ns = ( 52.666 - 50.000 ) 
    Source Clock Delay      (SCD):    6.994ns
    Clock Pessimism Removal (CPR):    4.270ns
  Clock Uncertainty:      0.035ns  ((TSJ^2 + TIJ^2)^1/2 + DJ) / 2 + PE
    Total System Jitter     (TSJ):    0.071ns
    Total Input Jitter      (TIJ):    0.000ns
    Discrete Jitter          (DJ):    0.000ns
    Phase Error              (PE):    0.000ns
  Clock Net Delay (Source):      1.526ns (routing 0.716ns, distribution 0.810ns)
  Clock Net Delay (Destination): 1.369ns (routing 0.651ns, distribution 0.718ns)

    Location             Delay type                Incr(ns)  Path(ns)    Netlist Resource(s)
  -------------------------------------------------------------------    -------------------
                         (clock dbg_hub/inst/BSCANID.u_xsdbm_id/SWITCH_N_EXT_BSCAN.bscan_inst/SERIES7_BSCAN.bscan_inst/INTERNAL_TCK rise edge)
                                                      0.000     0.000 r  
    CONFIG_SITE_X0Y0     BSCANE2                      0.000     0.000 r  dbg_hub/inst/BSCANID.u_xsdbm_id/SWITCH_N_EXT_BSCAN.bscan_inst/SERIES7_BSCAN.bscan_inst/INTERNAL_TCK
    CONFIG_SITE_X0Y0     BSCANE2 (Prop_BSCAN1_CONFIG_SITE_INTERNAL_TCK_TCK)
                                                      4.300     4.300 r  dbg_hub/inst/BSCANID.u_xsdbm_id/SWITCH_N_EXT_BSCAN.bscan_inst/SERIES7_BSCAN.bscan_inst/TCK
                         net (fo=1, routed)           1.140     5.440    dbg_hub/inst/BSCANID.u_xsdbm_id/tck_bs
    BUFGCE_X0Y50         BUFGCE (Prop_BUFCE_BUFGCE_I_O)
                                                      0.028     5.468 r  dbg_hub/inst/BSCANID.u_xsdbm_id/SWITCH_N_EXT_BSCAN.u_bufg_icon_tck/O
    X2Y3 (CLOCK_ROOT)    net (fo=494, routed)         1.526     6.994    dbg_hub/inst/BSCANID.u_xsdbm_id/SWITCH_N_EXT_BSCAN.bscan_switch/s_bscan_tck
    SLICE_X48Y212        FDRE                                         r  dbg_hub/inst/BSCANID.u_xsdbm_id/SWITCH_N_EXT_BSCAN.bscan_switch/state_reg[0]/C
  -------------------------------------------------------------------    -------------------
    SLICE_X48Y212        FDRE (Prop_EFF_SLICEL_C_Q)
                                                      0.079     7.073 f  dbg_hub/inst/BSCANID.u_xsdbm_id/SWITCH_N_EXT_BSCAN.bscan_switch/state_reg[0]/Q
                         net (fo=50, routed)          0.874     7.947    dbg_hub/inst/BSCANID.u_xsdbm_id/SWITCH_N_EXT_BSCAN.bscan_switch/state[0]
    SLICE_X48Y216        LUT4 (Prop_H5LUT_SLICEL_I1_O)
                                                      0.065     8.012 r  dbg_hub/inst/BSCANID.u_xsdbm_id/SWITCH_N_EXT_BSCAN.bscan_switch/m_bscan_sel[0]_INST_0/O
                         net (fo=11, routed)          1.194     9.206    dbg_hub/inst/BSCANID.u_xsdbm_id/CORE_XSDB.U_ICON/U_CMD/iTARGET_reg[6]_0
    SLICE_X49Y219        FDCE                                         f  dbg_hub/inst/BSCANID.u_xsdbm_id/CORE_XSDB.U_ICON/U_CMD/iTARGET_reg[7]/CLR  (IS_INVERTED)
  -------------------------------------------------------------------    -------------------

                         (clock dbg_hub/inst/BSCANID.u_xsdbm_id/SWITCH_N_EXT_BSCAN.bscan_inst/SERIES7_BSCAN.bscan_inst/INTERNAL_TCK rise edge)
                                                     50.000    50.000 r  
    CONFIG_SITE_X0Y0     BSCANE2                      0.000    50.000 r  dbg_hub/inst/BSCANID.u_xsdbm_id/SWITCH_N_EXT_BSCAN.bscan_inst/SERIES7_BSCAN.bscan_inst/INTERNAL_TCK
    CONFIG_SITE_X0Y0     BSCANE2 (Prop_BSCAN1_CONFIG_SITE_INTERNAL_TCK_TCK)
                                                      0.465    50.465 r  dbg_hub/inst/BSCANID.u_xsdbm_id/SWITCH_N_EXT_BSCAN.bscan_inst/SERIES7_BSCAN.bscan_inst/TCK
                         net (fo=1, routed)           0.808    51.273    dbg_hub/inst/BSCANID.u_xsdbm_id/tck_bs
    BUFGCE_X0Y50         BUFGCE (Prop_BUFCE_BUFGCE_I_O)
                                                      0.024    51.297 r  dbg_hub/inst/BSCANID.u_xsdbm_id/SWITCH_N_EXT_BSCAN.u_bufg_icon_tck/O
    X2Y3 (CLOCK_ROOT)    net (fo=494, routed)         1.369    52.666    dbg_hub/inst/BSCANID.u_xsdbm_id/CORE_XSDB.U_ICON/U_CMD/m_bscan_tck[0]
    SLICE_X49Y219        FDCE                                         r  dbg_hub/inst/BSCANID.u_xsdbm_id/CORE_XSDB.U_ICON/U_CMD/iTARGET_reg[7]/C
                         clock pessimism              4.270    56.936    
                         clock uncertainty           -0.035    56.901    
    SLICE_X49Y219        FDCE (Recov_GFF2_SLICEL_C_CLR)
                                                     -0.066    56.835    dbg_hub/inst/BSCANID.u_xsdbm_id/CORE_XSDB.U_ICON/U_CMD/iTARGET_reg[7]
  -------------------------------------------------------------------
                         required time                         56.835    
                         arrival time                          -9.206    
  -------------------------------------------------------------------
                         slack                                 47.629    

Slack (MET) :             47.629ns  (required time - arrival time)
  Source:                 dbg_hub/inst/BSCANID.u_xsdbm_id/SWITCH_N_EXT_BSCAN.bscan_switch/state_reg[0]/C
                            (rising edge-triggered cell FDRE clocked by dbg_hub/inst/BSCANID.u_xsdbm_id/SWITCH_N_EXT_BSCAN.bscan_inst/SERIES7_BSCAN.bscan_inst/INTERNAL_TCK  {rise@0.000ns fall@25.000ns period=50.000ns})
  Destination:            dbg_hub/inst/BSCANID.u_xsdbm_id/CORE_XSDB.U_ICON/U_CMD/iTARGET_reg[8]/CLR
                            (recovery check against rising-edge clock dbg_hub/inst/BSCANID.u_xsdbm_id/SWITCH_N_EXT_BSCAN.bscan_inst/SERIES7_BSCAN.bscan_inst/INTERNAL_TCK  {rise@0.000ns fall@25.000ns period=50.000ns})
  Path Group:             **async_default**
  Path Type:              Recovery (Max at Slow Process Corner)
  Requirement:            50.000ns  (dbg_hub/inst/BSCANID.u_xsdbm_id/SWITCH_N_EXT_BSCAN.bscan_inst/SERIES7_BSCAN.bscan_inst/INTERNAL_TCK rise@50.000ns - dbg_hub/inst/BSCANID.u_xsdbm_id/SWITCH_N_EXT_BSCAN.bscan_inst/SERIES7_BSCAN.bscan_inst/INTERNAL_TCK rise@0.000ns)
  Data Path Delay:        2.212ns  (logic 0.144ns (6.510%)  route 2.068ns (93.490%))
  Logic Levels:           1  (LUT4=1)
  Clock Path Skew:        -0.058ns (DCD - SCD + CPR)
    Destination Clock Delay (DCD):    2.666ns = ( 52.666 - 50.000 ) 
    Source Clock Delay      (SCD):    6.994ns
    Clock Pessimism Removal (CPR):    4.270ns
  Clock Uncertainty:      0.035ns  ((TSJ^2 + TIJ^2)^1/2 + DJ) / 2 + PE
    Total System Jitter     (TSJ):    0.071ns
    Total Input Jitter      (TIJ):    0.000ns
    Discrete Jitter          (DJ):    0.000ns
    Phase Error              (PE):    0.000ns
  Clock Net Delay (Source):      1.526ns (routing 0.716ns, distribution 0.810ns)
  Clock Net Delay (Destination): 1.369ns (routing 0.651ns, distribution 0.718ns)

    Location             Delay type                Incr(ns)  Path(ns)    Netlist Resource(s)
  -------------------------------------------------------------------    -------------------
                         (clock dbg_hub/inst/BSCANID.u_xsdbm_id/SWITCH_N_EXT_BSCAN.bscan_inst/SERIES7_BSCAN.bscan_inst/INTERNAL_TCK rise edge)
                                                      0.000     0.000 r  
    CONFIG_SITE_X0Y0     BSCANE2                      0.000     0.000 r  dbg_hub/inst/BSCANID.u_xsdbm_id/SWITCH_N_EXT_BSCAN.bscan_inst/SERIES7_BSCAN.bscan_inst/INTERNAL_TCK
    CONFIG_SITE_X0Y0     BSCANE2 (Prop_BSCAN1_CONFIG_SITE_INTERNAL_TCK_TCK)
                                                      4.300     4.300 r  dbg_hub/inst/BSCANID.u_xsdbm_id/SWITCH_N_EXT_BSCAN.bscan_inst/SERIES7_BSCAN.bscan_inst/TCK
                         net (fo=1, routed)           1.140     5.440    dbg_hub/inst/BSCANID.u_xsdbm_id/tck_bs
    BUFGCE_X0Y50         BUFGCE (Prop_BUFCE_BUFGCE_I_O)
                                                      0.028     5.468 r  dbg_hub/inst/BSCANID.u_xsdbm_id/SWITCH_N_EXT_BSCAN.u_bufg_icon_tck/O
    X2Y3 (CLOCK_ROOT)    net (fo=494, routed)         1.526     6.994    dbg_hub/inst/BSCANID.u_xsdbm_id/SWITCH_N_EXT_BSCAN.bscan_switch/s_bscan_tck
    SLICE_X48Y212        FDRE                                         r  dbg_hub/inst/BSCANID.u_xsdbm_id/SWITCH_N_EXT_BSCAN.bscan_switch/state_reg[0]/C
  -------------------------------------------------------------------    -------------------
    SLICE_X48Y212        FDRE (Prop_EFF_SLICEL_C_Q)
                                                      0.079     7.073 f  dbg_hub/inst/BSCANID.u_xsdbm_id/SWITCH_N_EXT_BSCAN.bscan_switch/state_reg[0]/Q
                         net (fo=50, routed)          0.874     7.947    dbg_hub/inst/BSCANID.u_xsdbm_id/SWITCH_N_EXT_BSCAN.bscan_switch/state[0]
    SLICE_X48Y216        LUT4 (Prop_H5LUT_SLICEL_I1_O)
                                                      0.065     8.012 r  dbg_hub/inst/BSCANID.u_xsdbm_id/SWITCH_N_EXT_BSCAN.bscan_switch/m_bscan_sel[0]_INST_0/O
                         net (fo=11, routed)          1.194     9.206    dbg_hub/inst/BSCANID.u_xsdbm_id/CORE_XSDB.U_ICON/U_CMD/iTARGET_reg[6]_0
    SLICE_X49Y219        FDCE                                         f  dbg_hub/inst/BSCANID.u_xsdbm_id/CORE_XSDB.U_ICON/U_CMD/iTARGET_reg[8]/CLR  (IS_INVERTED)
  -------------------------------------------------------------------    -------------------

                         (clock dbg_hub/inst/BSCANID.u_xsdbm_id/SWITCH_N_EXT_BSCAN.bscan_inst/SERIES7_BSCAN.bscan_inst/INTERNAL_TCK rise edge)
                                                     50.000    50.000 r  
    CONFIG_SITE_X0Y0     BSCANE2                      0.000    50.000 r  dbg_hub/inst/BSCANID.u_xsdbm_id/SWITCH_N_EXT_BSCAN.bscan_inst/SERIES7_BSCAN.bscan_inst/INTERNAL_TCK
    CONFIG_SITE_X0Y0     BSCANE2 (Prop_BSCAN1_CONFIG_SITE_INTERNAL_TCK_TCK)
                                                      0.465    50.465 r  dbg_hub/inst/BSCANID.u_xsdbm_id/SWITCH_N_EXT_BSCAN.bscan_inst/SERIES7_BSCAN.bscan_inst/TCK
                         net (fo=1, routed)           0.808    51.273    dbg_hub/inst/BSCANID.u_xsdbm_id/tck_bs
    BUFGCE_X0Y50         BUFGCE (Prop_BUFCE_BUFGCE_I_O)
                                                      0.024    51.297 r  dbg_hub/inst/BSCANID.u_xsdbm_id/SWITCH_N_EXT_BSCAN.u_bufg_icon_tck/O
    X2Y3 (CLOCK_ROOT)    net (fo=494, routed)         1.369    52.666    dbg_hub/inst/BSCANID.u_xsdbm_id/CORE_XSDB.U_ICON/U_CMD/m_bscan_tck[0]
    SLICE_X49Y219        FDCE                                         r  dbg_hub/inst/BSCANID.u_xsdbm_id/CORE_XSDB.U_ICON/U_CMD/iTARGET_reg[8]/C
                         clock pessimism              4.270    56.936    
                         clock uncertainty           -0.035    56.901    
    SLICE_X49Y219        FDCE (Recov_HFF_SLICEL_C_CLR)
                                                     -0.066    56.835    dbg_hub/inst/BSCANID.u_xsdbm_id/CORE_XSDB.U_ICON/U_CMD/iTARGET_reg[8]
  -------------------------------------------------------------------
                         required time                         56.835    
                         arrival time                          -9.206    
  -------------------------------------------------------------------
                         slack                                 47.629    

Slack (MET) :             47.629ns  (required time - arrival time)
  Source:                 dbg_hub/inst/BSCANID.u_xsdbm_id/SWITCH_N_EXT_BSCAN.bscan_switch/state_reg[0]/C
                            (rising edge-triggered cell FDRE clocked by dbg_hub/inst/BSCANID.u_xsdbm_id/SWITCH_N_EXT_BSCAN.bscan_inst/SERIES7_BSCAN.bscan_inst/INTERNAL_TCK  {rise@0.000ns fall@25.000ns period=50.000ns})
  Destination:            dbg_hub/inst/BSCANID.u_xsdbm_id/CORE_XSDB.U_ICON/U_CMD/iTARGET_reg[9]/CLR
                            (recovery check against rising-edge clock dbg_hub/inst/BSCANID.u_xsdbm_id/SWITCH_N_EXT_BSCAN.bscan_inst/SERIES7_BSCAN.bscan_inst/INTERNAL_TCK  {rise@0.000ns fall@25.000ns period=50.000ns})
  Path Group:             **async_default**
  Path Type:              Recovery (Max at Slow Process Corner)
  Requirement:            50.000ns  (dbg_hub/inst/BSCANID.u_xsdbm_id/SWITCH_N_EXT_BSCAN.bscan_inst/SERIES7_BSCAN.bscan_inst/INTERNAL_TCK rise@50.000ns - dbg_hub/inst/BSCANID.u_xsdbm_id/SWITCH_N_EXT_BSCAN.bscan_inst/SERIES7_BSCAN.bscan_inst/INTERNAL_TCK rise@0.000ns)
  Data Path Delay:        2.212ns  (logic 0.144ns (6.510%)  route 2.068ns (93.490%))
  Logic Levels:           1  (LUT4=1)
  Clock Path Skew:        -0.058ns (DCD - SCD + CPR)
    Destination Clock Delay (DCD):    2.666ns = ( 52.666 - 50.000 ) 
    Source Clock Delay      (SCD):    6.994ns
    Clock Pessimism Removal (CPR):    4.270ns
  Clock Uncertainty:      0.035ns  ((TSJ^2 + TIJ^2)^1/2 + DJ) / 2 + PE
    Total System Jitter     (TSJ):    0.071ns
    Total Input Jitter      (TIJ):    0.000ns
    Discrete Jitter          (DJ):    0.000ns
    Phase Error              (PE):    0.000ns
  Clock Net Delay (Source):      1.526ns (routing 0.716ns, distribution 0.810ns)
  Clock Net Delay (Destination): 1.369ns (routing 0.651ns, distribution 0.718ns)

    Location             Delay type                Incr(ns)  Path(ns)    Netlist Resource(s)
  -------------------------------------------------------------------    -------------------
                         (clock dbg_hub/inst/BSCANID.u_xsdbm_id/SWITCH_N_EXT_BSCAN.bscan_inst/SERIES7_BSCAN.bscan_inst/INTERNAL_TCK rise edge)
                                                      0.000     0.000 r  
    CONFIG_SITE_X0Y0     BSCANE2                      0.000     0.000 r  dbg_hub/inst/BSCANID.u_xsdbm_id/SWITCH_N_EXT_BSCAN.bscan_inst/SERIES7_BSCAN.bscan_inst/INTERNAL_TCK
    CONFIG_SITE_X0Y0     BSCANE2 (Prop_BSCAN1_CONFIG_SITE_INTERNAL_TCK_TCK)
                                                      4.300     4.300 r  dbg_hub/inst/BSCANID.u_xsdbm_id/SWITCH_N_EXT_BSCAN.bscan_inst/SERIES7_BSCAN.bscan_inst/TCK
                         net (fo=1, routed)           1.140     5.440    dbg_hub/inst/BSCANID.u_xsdbm_id/tck_bs
    BUFGCE_X0Y50         BUFGCE (Prop_BUFCE_BUFGCE_I_O)
                                                      0.028     5.468 r  dbg_hub/inst/BSCANID.u_xsdbm_id/SWITCH_N_EXT_BSCAN.u_bufg_icon_tck/O
    X2Y3 (CLOCK_ROOT)    net (fo=494, routed)         1.526     6.994    dbg_hub/inst/BSCANID.u_xsdbm_id/SWITCH_N_EXT_BSCAN.bscan_switch/s_bscan_tck
    SLICE_X48Y212        FDRE                                         r  dbg_hub/inst/BSCANID.u_xsdbm_id/SWITCH_N_EXT_BSCAN.bscan_switch/state_reg[0]/C
  -------------------------------------------------------------------    -------------------
    SLICE_X48Y212        FDRE (Prop_EFF_SLICEL_C_Q)
                                                      0.079     7.073 f  dbg_hub/inst/BSCANID.u_xsdbm_id/SWITCH_N_EXT_BSCAN.bscan_switch/state_reg[0]/Q
                         net (fo=50, routed)          0.874     7.947    dbg_hub/inst/BSCANID.u_xsdbm_id/SWITCH_N_EXT_BSCAN.bscan_switch/state[0]
    SLICE_X48Y216        LUT4 (Prop_H5LUT_SLICEL_I1_O)
                                                      0.065     8.012 r  dbg_hub/inst/BSCANID.u_xsdbm_id/SWITCH_N_EXT_BSCAN.bscan_switch/m_bscan_sel[0]_INST_0/O
                         net (fo=11, routed)          1.194     9.206    dbg_hub/inst/BSCANID.u_xsdbm_id/CORE_XSDB.U_ICON/U_CMD/iTARGET_reg[6]_0
    SLICE_X49Y219        FDCE                                         f  dbg_hub/inst/BSCANID.u_xsdbm_id/CORE_XSDB.U_ICON/U_CMD/iTARGET_reg[9]/CLR  (IS_INVERTED)
  -------------------------------------------------------------------    -------------------

                         (clock dbg_hub/inst/BSCANID.u_xsdbm_id/SWITCH_N_EXT_BSCAN.bscan_inst/SERIES7_BSCAN.bscan_inst/INTERNAL_TCK rise edge)
                                                     50.000    50.000 r  
    CONFIG_SITE_X0Y0     BSCANE2                      0.000    50.000 r  dbg_hub/inst/BSCANID.u_xsdbm_id/SWITCH_N_EXT_BSCAN.bscan_inst/SERIES7_BSCAN.bscan_inst/INTERNAL_TCK
    CONFIG_SITE_X0Y0     BSCANE2 (Prop_BSCAN1_CONFIG_SITE_INTERNAL_TCK_TCK)
                                                      0.465    50.465 r  dbg_hub/inst/BSCANID.u_xsdbm_id/SWITCH_N_EXT_BSCAN.bscan_inst/SERIES7_BSCAN.bscan_inst/TCK
                         net (fo=1, routed)           0.808    51.273    dbg_hub/inst/BSCANID.u_xsdbm_id/tck_bs
    BUFGCE_X0Y50         BUFGCE (Prop_BUFCE_BUFGCE_I_O)
                                                      0.024    51.297 r  dbg_hub/inst/BSCANID.u_xsdbm_id/SWITCH_N_EXT_BSCAN.u_bufg_icon_tck/O
    X2Y3 (CLOCK_ROOT)    net (fo=494, routed)         1.369    52.666    dbg_hub/inst/BSCANID.u_xsdbm_id/CORE_XSDB.U_ICON/U_CMD/m_bscan_tck[0]
    SLICE_X49Y219        FDCE                                         r  dbg_hub/inst/BSCANID.u_xsdbm_id/CORE_XSDB.U_ICON/U_CMD/iTARGET_reg[9]/C
                         clock pessimism              4.270    56.936    
                         clock uncertainty           -0.035    56.901    
    SLICE_X49Y219        FDCE (Recov_HFF2_SLICEL_C_CLR)
                                                     -0.066    56.835    dbg_hub/inst/BSCANID.u_xsdbm_id/CORE_XSDB.U_ICON/U_CMD/iTARGET_reg[9]
  -------------------------------------------------------------------
                         required time                         56.835    
                         arrival time                          -9.206    
  -------------------------------------------------------------------
                         slack                                 47.629    

Slack (MET) :             48.234ns  (required time - arrival time)
  Source:                 dbg_hub/inst/BSCANID.u_xsdbm_id/SWITCH_N_EXT_BSCAN.bscan_switch/state_reg[0]/C
                            (rising edge-triggered cell FDRE clocked by dbg_hub/inst/BSCANID.u_xsdbm_id/SWITCH_N_EXT_BSCAN.bscan_inst/SERIES7_BSCAN.bscan_inst/INTERNAL_TCK  {rise@0.000ns fall@25.000ns period=50.000ns})
  Destination:            dbg_hub/inst/BSCANID.u_xsdbm_id/CORE_XSDB.U_ICON/U_CMD/iTARGET_reg[14]/CLR
                            (recovery check against rising-edge clock dbg_hub/inst/BSCANID.u_xsdbm_id/SWITCH_N_EXT_BSCAN.bscan_inst/SERIES7_BSCAN.bscan_inst/INTERNAL_TCK  {rise@0.000ns fall@25.000ns period=50.000ns})
  Path Group:             **async_default**
  Path Type:              Recovery (Max at Slow Process Corner)
  Requirement:            50.000ns  (dbg_hub/inst/BSCANID.u_xsdbm_id/SWITCH_N_EXT_BSCAN.bscan_inst/SERIES7_BSCAN.bscan_inst/INTERNAL_TCK rise@50.000ns - dbg_hub/inst/BSCANID.u_xsdbm_id/SWITCH_N_EXT_BSCAN.bscan_inst/SERIES7_BSCAN.bscan_inst/INTERNAL_TCK rise@0.000ns)
  Data Path Delay:        1.613ns  (logic 0.144ns (8.927%)  route 1.469ns (91.073%))
  Logic Levels:           1  (LUT4=1)
  Clock Path Skew:        -0.052ns (DCD - SCD + CPR)
    Destination Clock Delay (DCD):    2.672ns = ( 52.672 - 50.000 ) 
    Source Clock Delay      (SCD):    6.994ns
    Clock Pessimism Removal (CPR):    4.270ns
  Clock Uncertainty:      0.035ns  ((TSJ^2 + TIJ^2)^1/2 + DJ) / 2 + PE
    Total System Jitter     (TSJ):    0.071ns
    Total Input Jitter      (TIJ):    0.000ns
    Discrete Jitter          (DJ):    0.000ns
    Phase Error              (PE):    0.000ns
  Clock Net Delay (Source):      1.526ns (routing 0.716ns, distribution 0.810ns)
  Clock Net Delay (Destination): 1.375ns (routing 0.651ns, distribution 0.724ns)

    Location             Delay type                Incr(ns)  Path(ns)    Netlist Resource(s)
  -------------------------------------------------------------------    -------------------
                         (clock dbg_hub/inst/BSCANID.u_xsdbm_id/SWITCH_N_EXT_BSCAN.bscan_inst/SERIES7_BSCAN.bscan_inst/INTERNAL_TCK rise edge)
                                                      0.000     0.000 r  
    CONFIG_SITE_X0Y0     BSCANE2                      0.000     0.000 r  dbg_hub/inst/BSCANID.u_xsdbm_id/SWITCH_N_EXT_BSCAN.bscan_inst/SERIES7_BSCAN.bscan_inst/INTERNAL_TCK
    CONFIG_SITE_X0Y0     BSCANE2 (Prop_BSCAN1_CONFIG_SITE_INTERNAL_TCK_TCK)
                                                      4.300     4.300 r  dbg_hub/inst/BSCANID.u_xsdbm_id/SWITCH_N_EXT_BSCAN.bscan_inst/SERIES7_BSCAN.bscan_inst/TCK
                         net (fo=1, routed)           1.140     5.440    dbg_hub/inst/BSCANID.u_xsdbm_id/tck_bs
    BUFGCE_X0Y50         BUFGCE (Prop_BUFCE_BUFGCE_I_O)
                                                      0.028     5.468 r  dbg_hub/inst/BSCANID.u_xsdbm_id/SWITCH_N_EXT_BSCAN.u_bufg_icon_tck/O
    X2Y3 (CLOCK_ROOT)    net (fo=494, routed)         1.526     6.994    dbg_hub/inst/BSCANID.u_xsdbm_id/SWITCH_N_EXT_BSCAN.bscan_switch/s_bscan_tck
    SLICE_X48Y212        FDRE                                         r  dbg_hub/inst/BSCANID.u_xsdbm_id/SWITCH_N_EXT_BSCAN.bscan_switch/state_reg[0]/C
  -------------------------------------------------------------------    -------------------
    SLICE_X48Y212        FDRE (Prop_EFF_SLICEL_C_Q)
                                                      0.079     7.073 f  dbg_hub/inst/BSCANID.u_xsdbm_id/SWITCH_N_EXT_BSCAN.bscan_switch/state_reg[0]/Q
                         net (fo=50, routed)          0.874     7.947    dbg_hub/inst/BSCANID.u_xsdbm_id/SWITCH_N_EXT_BSCAN.bscan_switch/state[0]
    SLICE_X48Y216        LUT4 (Prop_H5LUT_SLICEL_I1_O)
                                                      0.065     8.012 r  dbg_hub/inst/BSCANID.u_xsdbm_id/SWITCH_N_EXT_BSCAN.bscan_switch/m_bscan_sel[0]_INST_0/O
                         net (fo=11, routed)          0.595     8.607    dbg_hub/inst/BSCANID.u_xsdbm_id/CORE_XSDB.U_ICON/U_CMD/iTARGET_reg[6]_0
    SLICE_X49Y220        FDCE                                         f  dbg_hub/inst/BSCANID.u_xsdbm_id/CORE_XSDB.U_ICON/U_CMD/iTARGET_reg[14]/CLR  (IS_INVERTED)
  -------------------------------------------------------------------    -------------------

                         (clock dbg_hub/inst/BSCANID.u_xsdbm_id/SWITCH_N_EXT_BSCAN.bscan_inst/SERIES7_BSCAN.bscan_inst/INTERNAL_TCK rise edge)
                                                     50.000    50.000 r  
    CONFIG_SITE_X0Y0     BSCANE2                      0.000    50.000 r  dbg_hub/inst/BSCANID.u_xsdbm_id/SWITCH_N_EXT_BSCAN.bscan_inst/SERIES7_BSCAN.bscan_inst/INTERNAL_TCK
    CONFIG_SITE_X0Y0     BSCANE2 (Prop_BSCAN1_CONFIG_SITE_INTERNAL_TCK_TCK)
                                                      0.465    50.465 r  dbg_hub/inst/BSCANID.u_xsdbm_id/SWITCH_N_EXT_BSCAN.bscan_inst/SERIES7_BSCAN.bscan_inst/TCK
                         net (fo=1, routed)           0.808    51.273    dbg_hub/inst/BSCANID.u_xsdbm_id/tck_bs
    BUFGCE_X0Y50         BUFGCE (Prop_BUFCE_BUFGCE_I_O)
                                                      0.024    51.297 r  dbg_hub/inst/BSCANID.u_xsdbm_id/SWITCH_N_EXT_BSCAN.u_bufg_icon_tck/O
    X2Y3 (CLOCK_ROOT)    net (fo=494, routed)         1.375    52.672    dbg_hub/inst/BSCANID.u_xsdbm_id/CORE_XSDB.U_ICON/U_CMD/m_bscan_tck[0]
    SLICE_X49Y220        FDCE                                         r  dbg_hub/inst/BSCANID.u_xsdbm_id/CORE_XSDB.U_ICON/U_CMD/iTARGET_reg[14]/C
                         clock pessimism              4.270    56.942    
                         clock uncertainty           -0.035    56.907    
    SLICE_X49Y220        FDCE (Recov_EFF_SLICEL_C_CLR)
                                                     -0.066    56.841    dbg_hub/inst/BSCANID.u_xsdbm_id/CORE_XSDB.U_ICON/U_CMD/iTARGET_reg[14]
  -------------------------------------------------------------------
                         required time                         56.841    
                         arrival time                          -8.607    
  -------------------------------------------------------------------
                         slack                                 48.234    

Slack (MET) :             48.234ns  (required time - arrival time)
  Source:                 dbg_hub/inst/BSCANID.u_xsdbm_id/SWITCH_N_EXT_BSCAN.bscan_switch/state_reg[0]/C
                            (rising edge-triggered cell FDRE clocked by dbg_hub/inst/BSCANID.u_xsdbm_id/SWITCH_N_EXT_BSCAN.bscan_inst/SERIES7_BSCAN.bscan_inst/INTERNAL_TCK  {rise@0.000ns fall@25.000ns period=50.000ns})
  Destination:            dbg_hub/inst/BSCANID.u_xsdbm_id/CORE_XSDB.U_ICON/U_CMD/iTARGET_reg[15]/CLR
                            (recovery check against rising-edge clock dbg_hub/inst/BSCANID.u_xsdbm_id/SWITCH_N_EXT_BSCAN.bscan_inst/SERIES7_BSCAN.bscan_inst/INTERNAL_TCK  {rise@0.000ns fall@25.000ns period=50.000ns})
  Path Group:             **async_default**
  Path Type:              Recovery (Max at Slow Process Corner)
  Requirement:            50.000ns  (dbg_hub/inst/BSCANID.u_xsdbm_id/SWITCH_N_EXT_BSCAN.bscan_inst/SERIES7_BSCAN.bscan_inst/INTERNAL_TCK rise@50.000ns - dbg_hub/inst/BSCANID.u_xsdbm_id/SWITCH_N_EXT_BSCAN.bscan_inst/SERIES7_BSCAN.bscan_inst/INTERNAL_TCK rise@0.000ns)
  Data Path Delay:        1.613ns  (logic 0.144ns (8.927%)  route 1.469ns (91.073%))
  Logic Levels:           1  (LUT4=1)
  Clock Path Skew:        -0.052ns (DCD - SCD + CPR)
    Destination Clock Delay (DCD):    2.672ns = ( 52.672 - 50.000 ) 
    Source Clock Delay      (SCD):    6.994ns
    Clock Pessimism Removal (CPR):    4.270ns
  Clock Uncertainty:      0.035ns  ((TSJ^2 + TIJ^2)^1/2 + DJ) / 2 + PE
    Total System Jitter     (TSJ):    0.071ns
    Total Input Jitter      (TIJ):    0.000ns
    Discrete Jitter          (DJ):    0.000ns
    Phase Error              (PE):    0.000ns
  Clock Net Delay (Source):      1.526ns (routing 0.716ns, distribution 0.810ns)
  Clock Net Delay (Destination): 1.375ns (routing 0.651ns, distribution 0.724ns)

    Location             Delay type                Incr(ns)  Path(ns)    Netlist Resource(s)
  -------------------------------------------------------------------    -------------------
                         (clock dbg_hub/inst/BSCANID.u_xsdbm_id/SWITCH_N_EXT_BSCAN.bscan_inst/SERIES7_BSCAN.bscan_inst/INTERNAL_TCK rise edge)
                                                      0.000     0.000 r  
    CONFIG_SITE_X0Y0     BSCANE2                      0.000     0.000 r  dbg_hub/inst/BSCANID.u_xsdbm_id/SWITCH_N_EXT_BSCAN.bscan_inst/SERIES7_BSCAN.bscan_inst/INTERNAL_TCK
    CONFIG_SITE_X0Y0     BSCANE2 (Prop_BSCAN1_CONFIG_SITE_INTERNAL_TCK_TCK)
                                                      4.300     4.300 r  dbg_hub/inst/BSCANID.u_xsdbm_id/SWITCH_N_EXT_BSCAN.bscan_inst/SERIES7_BSCAN.bscan_inst/TCK
                         net (fo=1, routed)           1.140     5.440    dbg_hub/inst/BSCANID.u_xsdbm_id/tck_bs
    BUFGCE_X0Y50         BUFGCE (Prop_BUFCE_BUFGCE_I_O)
                                                      0.028     5.468 r  dbg_hub/inst/BSCANID.u_xsdbm_id/SWITCH_N_EXT_BSCAN.u_bufg_icon_tck/O
    X2Y3 (CLOCK_ROOT)    net (fo=494, routed)         1.526     6.994    dbg_hub/inst/BSCANID.u_xsdbm_id/SWITCH_N_EXT_BSCAN.bscan_switch/s_bscan_tck
    SLICE_X48Y212        FDRE                                         r  dbg_hub/inst/BSCANID.u_xsdbm_id/SWITCH_N_EXT_BSCAN.bscan_switch/state_reg[0]/C
  -------------------------------------------------------------------    -------------------
    SLICE_X48Y212        FDRE (Prop_EFF_SLICEL_C_Q)
                                                      0.079     7.073 f  dbg_hub/inst/BSCANID.u_xsdbm_id/SWITCH_N_EXT_BSCAN.bscan_switch/state_reg[0]/Q
                         net (fo=50, routed)          0.874     7.947    dbg_hub/inst/BSCANID.u_xsdbm_id/SWITCH_N_EXT_BSCAN.bscan_switch/state[0]
    SLICE_X48Y216        LUT4 (Prop_H5LUT_SLICEL_I1_O)
                                                      0.065     8.012 r  dbg_hub/inst/BSCANID.u_xsdbm_id/SWITCH_N_EXT_BSCAN.bscan_switch/m_bscan_sel[0]_INST_0/O
                         net (fo=11, routed)          0.595     8.607    dbg_hub/inst/BSCANID.u_xsdbm_id/CORE_XSDB.U_ICON/U_CMD/iTARGET_reg[6]_0
    SLICE_X49Y220        FDCE                                         f  dbg_hub/inst/BSCANID.u_xsdbm_id/CORE_XSDB.U_ICON/U_CMD/iTARGET_reg[15]/CLR  (IS_INVERTED)
  -------------------------------------------------------------------    -------------------

                         (clock dbg_hub/inst/BSCANID.u_xsdbm_id/SWITCH_N_EXT_BSCAN.bscan_inst/SERIES7_BSCAN.bscan_inst/INTERNAL_TCK rise edge)
                                                     50.000    50.000 r  
    CONFIG_SITE_X0Y0     BSCANE2                      0.000    50.000 r  dbg_hub/inst/BSCANID.u_xsdbm_id/SWITCH_N_EXT_BSCAN.bscan_inst/SERIES7_BSCAN.bscan_inst/INTERNAL_TCK
    CONFIG_SITE_X0Y0     BSCANE2 (Prop_BSCAN1_CONFIG_SITE_INTERNAL_TCK_TCK)
                                                      0.465    50.465 r  dbg_hub/inst/BSCANID.u_xsdbm_id/SWITCH_N_EXT_BSCAN.bscan_inst/SERIES7_BSCAN.bscan_inst/TCK
                         net (fo=1, routed)           0.808    51.273    dbg_hub/inst/BSCANID.u_xsdbm_id/tck_bs
    BUFGCE_X0Y50         BUFGCE (Prop_BUFCE_BUFGCE_I_O)
                                                      0.024    51.297 r  dbg_hub/inst/BSCANID.u_xsdbm_id/SWITCH_N_EXT_BSCAN.u_bufg_icon_tck/O
    X2Y3 (CLOCK_ROOT)    net (fo=494, routed)         1.375    52.672    dbg_hub/inst/BSCANID.u_xsdbm_id/CORE_XSDB.U_ICON/U_CMD/m_bscan_tck[0]
    SLICE_X49Y220        FDCE                                         r  dbg_hub/inst/BSCANID.u_xsdbm_id/CORE_XSDB.U_ICON/U_CMD/iTARGET_reg[15]/C
                         clock pessimism              4.270    56.942    
                         clock uncertainty           -0.035    56.907    
    SLICE_X49Y220        FDCE (Recov_EFF2_SLICEL_C_CLR)
                                                     -0.066    56.841    dbg_hub/inst/BSCANID.u_xsdbm_id/CORE_XSDB.U_ICON/U_CMD/iTARGET_reg[15]
  -------------------------------------------------------------------
                         required time                         56.841    
                         arrival time                          -8.607    
  -------------------------------------------------------------------
                         slack                                 48.234    





Min Delay Paths
--------------------------------------------------------------------------------------
Slack (MET) :             0.108ns  (arrival time - required time)
  Source:                 dbg_hub/inst/BSCANID.u_xsdbm_id/CORE_XSDB.UUT_MASTER/U_ICON_INTERFACE/U_CMD6_RD/U_RD_FIFO/SUBCORE_FIFO.xsdbm_v3_0_0_rdfifo_inst/inst_fifo_gen/gconvfifo.rf/grf.rf/rstblk/ngwrdrst.grst.g7serrst.rd_rst_reg_reg[2]/C
                            (rising edge-triggered cell FDPE clocked by dbg_hub/inst/BSCANID.u_xsdbm_id/SWITCH_N_EXT_BSCAN.bscan_inst/SERIES7_BSCAN.bscan_inst/INTERNAL_TCK  {rise@0.000ns fall@25.000ns period=50.000ns})
  Destination:            dbg_hub/inst/BSCANID.u_xsdbm_id/CORE_XSDB.UUT_MASTER/U_ICON_INTERFACE/U_CMD6_RD/U_RD_FIFO/SUBCORE_FIFO.xsdbm_v3_0_0_rdfifo_inst/inst_fifo_gen/gconvfifo.rf/grf.rf/gntv_or_sync_fifo.gl0.rd/gr1.gr1_int.rfwft/empty_fwft_fb_i_reg/PRE
                            (removal check against rising-edge clock dbg_hub/inst/BSCANID.u_xsdbm_id/SWITCH_N_EXT_BSCAN.bscan_inst/SERIES7_BSCAN.bscan_inst/INTERNAL_TCK  {rise@0.000ns fall@25.000ns period=50.000ns})
  Path Group:             **async_default**
  Path Type:              Removal (Min at Fast Process Corner)
  Requirement:            0.000ns  (dbg_hub/inst/BSCANID.u_xsdbm_id/SWITCH_N_EXT_BSCAN.bscan_inst/SERIES7_BSCAN.bscan_inst/INTERNAL_TCK rise@0.000ns - dbg_hub/inst/BSCANID.u_xsdbm_id/SWITCH_N_EXT_BSCAN.bscan_inst/SERIES7_BSCAN.bscan_inst/INTERNAL_TCK rise@0.000ns)
  Data Path Delay:        0.135ns  (logic 0.039ns (28.889%)  route 0.096ns (71.111%))
  Logic Levels:           0  
  Clock Path Skew:        0.047ns (DCD - SCD - CPR)
    Destination Clock Delay (DCD):    6.084ns
    Source Clock Delay      (SCD):    1.937ns
    Clock Pessimism Removal (CPR):    4.100ns
  Clock Net Delay (Source):      0.852ns (routing 0.393ns, distribution 0.459ns)
  Clock Net Delay (Destination): 0.965ns (routing 0.437ns, distribution 0.528ns)

    Location             Delay type                Incr(ns)  Path(ns)    Netlist Resource(s)
  -------------------------------------------------------------------    -------------------
                         (clock dbg_hub/inst/BSCANID.u_xsdbm_id/SWITCH_N_EXT_BSCAN.bscan_inst/SERIES7_BSCAN.bscan_inst/INTERNAL_TCK rise edge)
                                                      0.000     0.000 r  
    CONFIG_SITE_X0Y0     BSCANE2                      0.000     0.000 r  dbg_hub/inst/BSCANID.u_xsdbm_id/SWITCH_N_EXT_BSCAN.bscan_inst/SERIES7_BSCAN.bscan_inst/INTERNAL_TCK
    CONFIG_SITE_X0Y0     BSCANE2 (Prop_BSCAN1_CONFIG_SITE_INTERNAL_TCK_TCK)
                                                      0.465     0.465 r  dbg_hub/inst/BSCANID.u_xsdbm_id/SWITCH_N_EXT_BSCAN.bscan_inst/SERIES7_BSCAN.bscan_inst/TCK
                         net (fo=1, routed)           0.603     1.068    dbg_hub/inst/BSCANID.u_xsdbm_id/tck_bs
    BUFGCE_X0Y50         BUFGCE (Prop_BUFCE_BUFGCE_I_O)
                                                      0.017     1.085 r  dbg_hub/inst/BSCANID.u_xsdbm_id/SWITCH_N_EXT_BSCAN.u_bufg_icon_tck/O
    X2Y3 (CLOCK_ROOT)    net (fo=494, routed)         0.852     1.937    dbg_hub/inst/BSCANID.u_xsdbm_id/CORE_XSDB.UUT_MASTER/U_ICON_INTERFACE/U_CMD6_RD/U_RD_FIFO/SUBCORE_FIFO.xsdbm_v3_0_0_rdfifo_inst/inst_fifo_gen/gconvfifo.rf/grf.rf/rstblk/rd_clk
    SLICE_X48Y229        FDPE                                         r  dbg_hub/inst/BSCANID.u_xsdbm_id/CORE_XSDB.UUT_MASTER/U_ICON_INTERFACE/U_CMD6_RD/U_RD_FIFO/SUBCORE_FIFO.xsdbm_v3_0_0_rdfifo_inst/inst_fifo_gen/gconvfifo.rf/grf.rf/rstblk/ngwrdrst.grst.g7serrst.rd_rst_reg_reg[2]/C
  -------------------------------------------------------------------    -------------------
    SLICE_X48Y229        FDPE (Prop_FFF_SLICEL_C_Q)
                                                      0.039     1.976 f  dbg_hub/inst/BSCANID.u_xsdbm_id/CORE_XSDB.UUT_MASTER/U_ICON_INTERFACE/U_CMD6_RD/U_RD_FIFO/SUBCORE_FIFO.xsdbm_v3_0_0_rdfifo_inst/inst_fifo_gen/gconvfifo.rf/grf.rf/rstblk/ngwrdrst.grst.g7serrst.rd_rst_reg_reg[2]/Q
                         net (fo=18, routed)          0.096     2.072    dbg_hub/inst/BSCANID.u_xsdbm_id/CORE_XSDB.UUT_MASTER/U_ICON_INTERFACE/U_CMD6_RD/U_RD_FIFO/SUBCORE_FIFO.xsdbm_v3_0_0_rdfifo_inst/inst_fifo_gen/gconvfifo.rf/grf.rf/gntv_or_sync_fifo.gl0.rd/gr1.gr1_int.rfwft/out[1]
    SLICE_X47Y229        FDPE                                         f  dbg_hub/inst/BSCANID.u_xsdbm_id/CORE_XSDB.UUT_MASTER/U_ICON_INTERFACE/U_CMD6_RD/U_RD_FIFO/SUBCORE_FIFO.xsdbm_v3_0_0_rdfifo_inst/inst_fifo_gen/gconvfifo.rf/grf.rf/gntv_or_sync_fifo.gl0.rd/gr1.gr1_int.rfwft/empty_fwft_fb_i_reg/PRE
  -------------------------------------------------------------------    -------------------

                         (clock dbg_hub/inst/BSCANID.u_xsdbm_id/SWITCH_N_EXT_BSCAN.bscan_inst/SERIES7_BSCAN.bscan_inst/INTERNAL_TCK rise edge)
                                                      0.000     0.000 r  
    CONFIG_SITE_X0Y0     BSCANE2                      0.000     0.000 r  dbg_hub/inst/BSCANID.u_xsdbm_id/SWITCH_N_EXT_BSCAN.bscan_inst/SERIES7_BSCAN.bscan_inst/INTERNAL_TCK
    CONFIG_SITE_X0Y0     BSCANE2 (Prop_BSCAN1_CONFIG_SITE_INTERNAL_TCK_TCK)
                                                      4.300     4.300 r  dbg_hub/inst/BSCANID.u_xsdbm_id/SWITCH_N_EXT_BSCAN.bscan_inst/SERIES7_BSCAN.bscan_inst/TCK
                         net (fo=1, routed)           0.800     5.100    dbg_hub/inst/BSCANID.u_xsdbm_id/tck_bs
    BUFGCE_X0Y50         BUFGCE (Prop_BUFCE_BUFGCE_I_O)
                                                      0.019     5.119 r  dbg_hub/inst/BSCANID.u_xsdbm_id/SWITCH_N_EXT_BSCAN.u_bufg_icon_tck/O
    X2Y3 (CLOCK_ROOT)    net (fo=494, routed)         0.965     6.084    dbg_hub/inst/BSCANID.u_xsdbm_id/CORE_XSDB.UUT_MASTER/U_ICON_INTERFACE/U_CMD6_RD/U_RD_FIFO/SUBCORE_FIFO.xsdbm_v3_0_0_rdfifo_inst/inst_fifo_gen/gconvfifo.rf/grf.rf/gntv_or_sync_fifo.gl0.rd/gr1.gr1_int.rfwft/rd_clk
    SLICE_X47Y229        FDPE                                         r  dbg_hub/inst/BSCANID.u_xsdbm_id/CORE_XSDB.UUT_MASTER/U_ICON_INTERFACE/U_CMD6_RD/U_RD_FIFO/SUBCORE_FIFO.xsdbm_v3_0_0_rdfifo_inst/inst_fifo_gen/gconvfifo.rf/grf.rf/gntv_or_sync_fifo.gl0.rd/gr1.gr1_int.rfwft/empty_fwft_fb_i_reg/C
                         clock pessimism             -4.100     1.984    
    SLICE_X47Y229        FDPE (Remov_EFF_SLICEL_C_PRE)
                                                     -0.020     1.964    dbg_hub/inst/BSCANID.u_xsdbm_id/CORE_XSDB.UUT_MASTER/U_ICON_INTERFACE/U_CMD6_RD/U_RD_FIFO/SUBCORE_FIFO.xsdbm_v3_0_0_rdfifo_inst/inst_fifo_gen/gconvfifo.rf/grf.rf/gntv_or_sync_fifo.gl0.rd/gr1.gr1_int.rfwft/empty_fwft_fb_i_reg
  -------------------------------------------------------------------
                         required time                         -1.964    
                         arrival time                           2.072    
  -------------------------------------------------------------------
                         slack                                  0.108    

Slack (MET) :             0.108ns  (arrival time - required time)
  Source:                 dbg_hub/inst/BSCANID.u_xsdbm_id/CORE_XSDB.UUT_MASTER/U_ICON_INTERFACE/U_CMD6_RD/U_RD_FIFO/SUBCORE_FIFO.xsdbm_v3_0_0_rdfifo_inst/inst_fifo_gen/gconvfifo.rf/grf.rf/rstblk/ngwrdrst.grst.g7serrst.rd_rst_reg_reg[2]/C
                            (rising edge-triggered cell FDPE clocked by dbg_hub/inst/BSCANID.u_xsdbm_id/SWITCH_N_EXT_BSCAN.bscan_inst/SERIES7_BSCAN.bscan_inst/INTERNAL_TCK  {rise@0.000ns fall@25.000ns period=50.000ns})
  Destination:            dbg_hub/inst/BSCANID.u_xsdbm_id/CORE_XSDB.UUT_MASTER/U_ICON_INTERFACE/U_CMD6_RD/U_RD_FIFO/SUBCORE_FIFO.xsdbm_v3_0_0_rdfifo_inst/inst_fifo_gen/gconvfifo.rf/grf.rf/gntv_or_sync_fifo.gl0.rd/gr1.gr1_int.rfwft/empty_fwft_i_reg/PRE
                            (removal check against rising-edge clock dbg_hub/inst/BSCANID.u_xsdbm_id/SWITCH_N_EXT_BSCAN.bscan_inst/SERIES7_BSCAN.bscan_inst/INTERNAL_TCK  {rise@0.000ns fall@25.000ns period=50.000ns})
  Path Group:             **async_default**
  Path Type:              Removal (Min at Fast Process Corner)
  Requirement:            0.000ns  (dbg_hub/inst/BSCANID.u_xsdbm_id/SWITCH_N_EXT_BSCAN.bscan_inst/SERIES7_BSCAN.bscan_inst/INTERNAL_TCK rise@0.000ns - dbg_hub/inst/BSCANID.u_xsdbm_id/SWITCH_N_EXT_BSCAN.bscan_inst/SERIES7_BSCAN.bscan_inst/INTERNAL_TCK rise@0.000ns)
  Data Path Delay:        0.135ns  (logic 0.039ns (28.889%)  route 0.096ns (71.111%))
  Logic Levels:           0  
  Clock Path Skew:        0.047ns (DCD - SCD - CPR)
    Destination Clock Delay (DCD):    6.084ns
    Source Clock Delay      (SCD):    1.937ns
    Clock Pessimism Removal (CPR):    4.100ns
  Clock Net Delay (Source):      0.852ns (routing 0.393ns, distribution 0.459ns)
  Clock Net Delay (Destination): 0.965ns (routing 0.437ns, distribution 0.528ns)

    Location             Delay type                Incr(ns)  Path(ns)    Netlist Resource(s)
  -------------------------------------------------------------------    -------------------
                         (clock dbg_hub/inst/BSCANID.u_xsdbm_id/SWITCH_N_EXT_BSCAN.bscan_inst/SERIES7_BSCAN.bscan_inst/INTERNAL_TCK rise edge)
                                                      0.000     0.000 r  
    CONFIG_SITE_X0Y0     BSCANE2                      0.000     0.000 r  dbg_hub/inst/BSCANID.u_xsdbm_id/SWITCH_N_EXT_BSCAN.bscan_inst/SERIES7_BSCAN.bscan_inst/INTERNAL_TCK
    CONFIG_SITE_X0Y0     BSCANE2 (Prop_BSCAN1_CONFIG_SITE_INTERNAL_TCK_TCK)
                                                      0.465     0.465 r  dbg_hub/inst/BSCANID.u_xsdbm_id/SWITCH_N_EXT_BSCAN.bscan_inst/SERIES7_BSCAN.bscan_inst/TCK
                         net (fo=1, routed)           0.603     1.068    dbg_hub/inst/BSCANID.u_xsdbm_id/tck_bs
    BUFGCE_X0Y50         BUFGCE (Prop_BUFCE_BUFGCE_I_O)
                                                      0.017     1.085 r  dbg_hub/inst/BSCANID.u_xsdbm_id/SWITCH_N_EXT_BSCAN.u_bufg_icon_tck/O
    X2Y3 (CLOCK_ROOT)    net (fo=494, routed)         0.852     1.937    dbg_hub/inst/BSCANID.u_xsdbm_id/CORE_XSDB.UUT_MASTER/U_ICON_INTERFACE/U_CMD6_RD/U_RD_FIFO/SUBCORE_FIFO.xsdbm_v3_0_0_rdfifo_inst/inst_fifo_gen/gconvfifo.rf/grf.rf/rstblk/rd_clk
    SLICE_X48Y229        FDPE                                         r  dbg_hub/inst/BSCANID.u_xsdbm_id/CORE_XSDB.UUT_MASTER/U_ICON_INTERFACE/U_CMD6_RD/U_RD_FIFO/SUBCORE_FIFO.xsdbm_v3_0_0_rdfifo_inst/inst_fifo_gen/gconvfifo.rf/grf.rf/rstblk/ngwrdrst.grst.g7serrst.rd_rst_reg_reg[2]/C
  -------------------------------------------------------------------    -------------------
    SLICE_X48Y229        FDPE (Prop_FFF_SLICEL_C_Q)
                                                      0.039     1.976 f  dbg_hub/inst/BSCANID.u_xsdbm_id/CORE_XSDB.UUT_MASTER/U_ICON_INTERFACE/U_CMD6_RD/U_RD_FIFO/SUBCORE_FIFO.xsdbm_v3_0_0_rdfifo_inst/inst_fifo_gen/gconvfifo.rf/grf.rf/rstblk/ngwrdrst.grst.g7serrst.rd_rst_reg_reg[2]/Q
                         net (fo=18, routed)          0.096     2.072    dbg_hub/inst/BSCANID.u_xsdbm_id/CORE_XSDB.UUT_MASTER/U_ICON_INTERFACE/U_CMD6_RD/U_RD_FIFO/SUBCORE_FIFO.xsdbm_v3_0_0_rdfifo_inst/inst_fifo_gen/gconvfifo.rf/grf.rf/gntv_or_sync_fifo.gl0.rd/gr1.gr1_int.rfwft/out[1]
    SLICE_X47Y229        FDPE                                         f  dbg_hub/inst/BSCANID.u_xsdbm_id/CORE_XSDB.UUT_MASTER/U_ICON_INTERFACE/U_CMD6_RD/U_RD_FIFO/SUBCORE_FIFO.xsdbm_v3_0_0_rdfifo_inst/inst_fifo_gen/gconvfifo.rf/grf.rf/gntv_or_sync_fifo.gl0.rd/gr1.gr1_int.rfwft/empty_fwft_i_reg/PRE
  -------------------------------------------------------------------    -------------------

                         (clock dbg_hub/inst/BSCANID.u_xsdbm_id/SWITCH_N_EXT_BSCAN.bscan_inst/SERIES7_BSCAN.bscan_inst/INTERNAL_TCK rise edge)
                                                      0.000     0.000 r  
    CONFIG_SITE_X0Y0     BSCANE2                      0.000     0.000 r  dbg_hub/inst/BSCANID.u_xsdbm_id/SWITCH_N_EXT_BSCAN.bscan_inst/SERIES7_BSCAN.bscan_inst/INTERNAL_TCK
    CONFIG_SITE_X0Y0     BSCANE2 (Prop_BSCAN1_CONFIG_SITE_INTERNAL_TCK_TCK)
                                                      4.300     4.300 r  dbg_hub/inst/BSCANID.u_xsdbm_id/SWITCH_N_EXT_BSCAN.bscan_inst/SERIES7_BSCAN.bscan_inst/TCK
                         net (fo=1, routed)           0.800     5.100    dbg_hub/inst/BSCANID.u_xsdbm_id/tck_bs
    BUFGCE_X0Y50         BUFGCE (Prop_BUFCE_BUFGCE_I_O)
                                                      0.019     5.119 r  dbg_hub/inst/BSCANID.u_xsdbm_id/SWITCH_N_EXT_BSCAN.u_bufg_icon_tck/O
    X2Y3 (CLOCK_ROOT)    net (fo=494, routed)         0.965     6.084    dbg_hub/inst/BSCANID.u_xsdbm_id/CORE_XSDB.UUT_MASTER/U_ICON_INTERFACE/U_CMD6_RD/U_RD_FIFO/SUBCORE_FIFO.xsdbm_v3_0_0_rdfifo_inst/inst_fifo_gen/gconvfifo.rf/grf.rf/gntv_or_sync_fifo.gl0.rd/gr1.gr1_int.rfwft/rd_clk
    SLICE_X47Y229        FDPE                                         r  dbg_hub/inst/BSCANID.u_xsdbm_id/CORE_XSDB.UUT_MASTER/U_ICON_INTERFACE/U_CMD6_RD/U_RD_FIFO/SUBCORE_FIFO.xsdbm_v3_0_0_rdfifo_inst/inst_fifo_gen/gconvfifo.rf/grf.rf/gntv_or_sync_fifo.gl0.rd/gr1.gr1_int.rfwft/empty_fwft_i_reg/C
                         clock pessimism             -4.100     1.984    
    SLICE_X47Y229        FDPE (Remov_EFF2_SLICEL_C_PRE)
                                                     -0.020     1.964    dbg_hub/inst/BSCANID.u_xsdbm_id/CORE_XSDB.UUT_MASTER/U_ICON_INTERFACE/U_CMD6_RD/U_RD_FIFO/SUBCORE_FIFO.xsdbm_v3_0_0_rdfifo_inst/inst_fifo_gen/gconvfifo.rf/grf.rf/gntv_or_sync_fifo.gl0.rd/gr1.gr1_int.rfwft/empty_fwft_i_reg
  -------------------------------------------------------------------
                         required time                         -1.964    
                         arrival time                           2.072    
  -------------------------------------------------------------------
                         slack                                  0.108    

Slack (MET) :             0.108ns  (arrival time - required time)
  Source:                 dbg_hub/inst/BSCANID.u_xsdbm_id/CORE_XSDB.UUT_MASTER/U_ICON_INTERFACE/U_CMD6_RD/U_RD_FIFO/SUBCORE_FIFO.xsdbm_v3_0_0_rdfifo_inst/inst_fifo_gen/gconvfifo.rf/grf.rf/rstblk/ngwrdrst.grst.g7serrst.rd_rst_reg_reg[2]/C
                            (rising edge-triggered cell FDPE clocked by dbg_hub/inst/BSCANID.u_xsdbm_id/SWITCH_N_EXT_BSCAN.bscan_inst/SERIES7_BSCAN.bscan_inst/INTERNAL_TCK  {rise@0.000ns fall@25.000ns period=50.000ns})
  Destination:            dbg_hub/inst/BSCANID.u_xsdbm_id/CORE_XSDB.UUT_MASTER/U_ICON_INTERFACE/U_CMD6_RD/U_RD_FIFO/SUBCORE_FIFO.xsdbm_v3_0_0_rdfifo_inst/inst_fifo_gen/gconvfifo.rf/grf.rf/gntv_or_sync_fifo.gl0.rd/gr1.gr1_int.rfwft/gpregsm1.curr_fwft_state_reg[1]/CLR
                            (removal check against rising-edge clock dbg_hub/inst/BSCANID.u_xsdbm_id/SWITCH_N_EXT_BSCAN.bscan_inst/SERIES7_BSCAN.bscan_inst/INTERNAL_TCK  {rise@0.000ns fall@25.000ns period=50.000ns})
  Path Group:             **async_default**
  Path Type:              Removal (Min at Fast Process Corner)
  Requirement:            0.000ns  (dbg_hub/inst/BSCANID.u_xsdbm_id/SWITCH_N_EXT_BSCAN.bscan_inst/SERIES7_BSCAN.bscan_inst/INTERNAL_TCK rise@0.000ns - dbg_hub/inst/BSCANID.u_xsdbm_id/SWITCH_N_EXT_BSCAN.bscan_inst/SERIES7_BSCAN.bscan_inst/INTERNAL_TCK rise@0.000ns)
  Data Path Delay:        0.135ns  (logic 0.039ns (28.889%)  route 0.096ns (71.111%))
  Logic Levels:           0  
  Clock Path Skew:        0.047ns (DCD - SCD - CPR)
    Destination Clock Delay (DCD):    6.084ns
    Source Clock Delay      (SCD):    1.937ns
    Clock Pessimism Removal (CPR):    4.100ns
  Clock Net Delay (Source):      0.852ns (routing 0.393ns, distribution 0.459ns)
  Clock Net Delay (Destination): 0.965ns (routing 0.437ns, distribution 0.528ns)

    Location             Delay type                Incr(ns)  Path(ns)    Netlist Resource(s)
  -------------------------------------------------------------------    -------------------
                         (clock dbg_hub/inst/BSCANID.u_xsdbm_id/SWITCH_N_EXT_BSCAN.bscan_inst/SERIES7_BSCAN.bscan_inst/INTERNAL_TCK rise edge)
                                                      0.000     0.000 r  
    CONFIG_SITE_X0Y0     BSCANE2                      0.000     0.000 r  dbg_hub/inst/BSCANID.u_xsdbm_id/SWITCH_N_EXT_BSCAN.bscan_inst/SERIES7_BSCAN.bscan_inst/INTERNAL_TCK
    CONFIG_SITE_X0Y0     BSCANE2 (Prop_BSCAN1_CONFIG_SITE_INTERNAL_TCK_TCK)
                                                      0.465     0.465 r  dbg_hub/inst/BSCANID.u_xsdbm_id/SWITCH_N_EXT_BSCAN.bscan_inst/SERIES7_BSCAN.bscan_inst/TCK
                         net (fo=1, routed)           0.603     1.068    dbg_hub/inst/BSCANID.u_xsdbm_id/tck_bs
    BUFGCE_X0Y50         BUFGCE (Prop_BUFCE_BUFGCE_I_O)
                                                      0.017     1.085 r  dbg_hub/inst/BSCANID.u_xsdbm_id/SWITCH_N_EXT_BSCAN.u_bufg_icon_tck/O
    X2Y3 (CLOCK_ROOT)    net (fo=494, routed)         0.852     1.937    dbg_hub/inst/BSCANID.u_xsdbm_id/CORE_XSDB.UUT_MASTER/U_ICON_INTERFACE/U_CMD6_RD/U_RD_FIFO/SUBCORE_FIFO.xsdbm_v3_0_0_rdfifo_inst/inst_fifo_gen/gconvfifo.rf/grf.rf/rstblk/rd_clk
    SLICE_X48Y229        FDPE                                         r  dbg_hub/inst/BSCANID.u_xsdbm_id/CORE_XSDB.UUT_MASTER/U_ICON_INTERFACE/U_CMD6_RD/U_RD_FIFO/SUBCORE_FIFO.xsdbm_v3_0_0_rdfifo_inst/inst_fifo_gen/gconvfifo.rf/grf.rf/rstblk/ngwrdrst.grst.g7serrst.rd_rst_reg_reg[2]/C
  -------------------------------------------------------------------    -------------------
    SLICE_X48Y229        FDPE (Prop_FFF_SLICEL_C_Q)
                                                      0.039     1.976 f  dbg_hub/inst/BSCANID.u_xsdbm_id/CORE_XSDB.UUT_MASTER/U_ICON_INTERFACE/U_CMD6_RD/U_RD_FIFO/SUBCORE_FIFO.xsdbm_v3_0_0_rdfifo_inst/inst_fifo_gen/gconvfifo.rf/grf.rf/rstblk/ngwrdrst.grst.g7serrst.rd_rst_reg_reg[2]/Q
                         net (fo=18, routed)          0.096     2.072    dbg_hub/inst/BSCANID.u_xsdbm_id/CORE_XSDB.UUT_MASTER/U_ICON_INTERFACE/U_CMD6_RD/U_RD_FIFO/SUBCORE_FIFO.xsdbm_v3_0_0_rdfifo_inst/inst_fifo_gen/gconvfifo.rf/grf.rf/gntv_or_sync_fifo.gl0.rd/gr1.gr1_int.rfwft/out[1]
    SLICE_X47Y229        FDCE                                         f  dbg_hub/inst/BSCANID.u_xsdbm_id/CORE_XSDB.UUT_MASTER/U_ICON_INTERFACE/U_CMD6_RD/U_RD_FIFO/SUBCORE_FIFO.xsdbm_v3_0_0_rdfifo_inst/inst_fifo_gen/gconvfifo.rf/grf.rf/gntv_or_sync_fifo.gl0.rd/gr1.gr1_int.rfwft/gpregsm1.curr_fwft_state_reg[1]/CLR
  -------------------------------------------------------------------    -------------------

                         (clock dbg_hub/inst/BSCANID.u_xsdbm_id/SWITCH_N_EXT_BSCAN.bscan_inst/SERIES7_BSCAN.bscan_inst/INTERNAL_TCK rise edge)
                                                      0.000     0.000 r  
    CONFIG_SITE_X0Y0     BSCANE2                      0.000     0.000 r  dbg_hub/inst/BSCANID.u_xsdbm_id/SWITCH_N_EXT_BSCAN.bscan_inst/SERIES7_BSCAN.bscan_inst/INTERNAL_TCK
    CONFIG_SITE_X0Y0     BSCANE2 (Prop_BSCAN1_CONFIG_SITE_INTERNAL_TCK_TCK)
                                                      4.300     4.300 r  dbg_hub/inst/BSCANID.u_xsdbm_id/SWITCH_N_EXT_BSCAN.bscan_inst/SERIES7_BSCAN.bscan_inst/TCK
                         net (fo=1, routed)           0.800     5.100    dbg_hub/inst/BSCANID.u_xsdbm_id/tck_bs
    BUFGCE_X0Y50         BUFGCE (Prop_BUFCE_BUFGCE_I_O)
                                                      0.019     5.119 r  dbg_hub/inst/BSCANID.u_xsdbm_id/SWITCH_N_EXT_BSCAN.u_bufg_icon_tck/O
    X2Y3 (CLOCK_ROOT)    net (fo=494, routed)         0.965     6.084    dbg_hub/inst/BSCANID.u_xsdbm_id/CORE_XSDB.UUT_MASTER/U_ICON_INTERFACE/U_CMD6_RD/U_RD_FIFO/SUBCORE_FIFO.xsdbm_v3_0_0_rdfifo_inst/inst_fifo_gen/gconvfifo.rf/grf.rf/gntv_or_sync_fifo.gl0.rd/gr1.gr1_int.rfwft/rd_clk
    SLICE_X47Y229        FDCE                                         r  dbg_hub/inst/BSCANID.u_xsdbm_id/CORE_XSDB.UUT_MASTER/U_ICON_INTERFACE/U_CMD6_RD/U_RD_FIFO/SUBCORE_FIFO.xsdbm_v3_0_0_rdfifo_inst/inst_fifo_gen/gconvfifo.rf/grf.rf/gntv_or_sync_fifo.gl0.rd/gr1.gr1_int.rfwft/gpregsm1.curr_fwft_state_reg[1]/C
                         clock pessimism             -4.100     1.984    
    SLICE_X47Y229        FDCE (Remov_HFF2_SLICEL_C_CLR)
                                                     -0.020     1.964    dbg_hub/inst/BSCANID.u_xsdbm_id/CORE_XSDB.UUT_MASTER/U_ICON_INTERFACE/U_CMD6_RD/U_RD_FIFO/SUBCORE_FIFO.xsdbm_v3_0_0_rdfifo_inst/inst_fifo_gen/gconvfifo.rf/grf.rf/gntv_or_sync_fifo.gl0.rd/gr1.gr1_int.rfwft/gpregsm1.curr_fwft_state_reg[1]
  -------------------------------------------------------------------
                         required time                         -1.964    
                         arrival time                           2.072    
  -------------------------------------------------------------------
                         slack                                  0.108    

Slack (MET) :             0.108ns  (arrival time - required time)
  Source:                 dbg_hub/inst/BSCANID.u_xsdbm_id/CORE_XSDB.UUT_MASTER/U_ICON_INTERFACE/U_CMD6_RD/U_RD_FIFO/SUBCORE_FIFO.xsdbm_v3_0_0_rdfifo_inst/inst_fifo_gen/gconvfifo.rf/grf.rf/rstblk/ngwrdrst.grst.g7serrst.rd_rst_reg_reg[2]/C
                            (rising edge-triggered cell FDPE clocked by dbg_hub/inst/BSCANID.u_xsdbm_id/SWITCH_N_EXT_BSCAN.bscan_inst/SERIES7_BSCAN.bscan_inst/INTERNAL_TCK  {rise@0.000ns fall@25.000ns period=50.000ns})
  Destination:            dbg_hub/inst/BSCANID.u_xsdbm_id/CORE_XSDB.UUT_MASTER/U_ICON_INTERFACE/U_CMD6_RD/U_RD_FIFO/SUBCORE_FIFO.xsdbm_v3_0_0_rdfifo_inst/inst_fifo_gen/gconvfifo.rf/grf.rf/gntv_or_sync_fifo.gl0.rd/gras.rsts/ram_empty_fb_i_reg/PRE
                            (removal check against rising-edge clock dbg_hub/inst/BSCANID.u_xsdbm_id/SWITCH_N_EXT_BSCAN.bscan_inst/SERIES7_BSCAN.bscan_inst/INTERNAL_TCK  {rise@0.000ns fall@25.000ns period=50.000ns})
  Path Group:             **async_default**
  Path Type:              Removal (Min at Fast Process Corner)
  Requirement:            0.000ns  (dbg_hub/inst/BSCANID.u_xsdbm_id/SWITCH_N_EXT_BSCAN.bscan_inst/SERIES7_BSCAN.bscan_inst/INTERNAL_TCK rise@0.000ns - dbg_hub/inst/BSCANID.u_xsdbm_id/SWITCH_N_EXT_BSCAN.bscan_inst/SERIES7_BSCAN.bscan_inst/INTERNAL_TCK rise@0.000ns)
  Data Path Delay:        0.135ns  (logic 0.039ns (28.889%)  route 0.096ns (71.111%))
  Logic Levels:           0  
  Clock Path Skew:        0.047ns (DCD - SCD - CPR)
    Destination Clock Delay (DCD):    6.084ns
    Source Clock Delay      (SCD):    1.937ns
    Clock Pessimism Removal (CPR):    4.100ns
  Clock Net Delay (Source):      0.852ns (routing 0.393ns, distribution 0.459ns)
  Clock Net Delay (Destination): 0.965ns (routing 0.437ns, distribution 0.528ns)

    Location             Delay type                Incr(ns)  Path(ns)    Netlist Resource(s)
  -------------------------------------------------------------------    -------------------
                         (clock dbg_hub/inst/BSCANID.u_xsdbm_id/SWITCH_N_EXT_BSCAN.bscan_inst/SERIES7_BSCAN.bscan_inst/INTERNAL_TCK rise edge)
                                                      0.000     0.000 r  
    CONFIG_SITE_X0Y0     BSCANE2                      0.000     0.000 r  dbg_hub/inst/BSCANID.u_xsdbm_id/SWITCH_N_EXT_BSCAN.bscan_inst/SERIES7_BSCAN.bscan_inst/INTERNAL_TCK
    CONFIG_SITE_X0Y0     BSCANE2 (Prop_BSCAN1_CONFIG_SITE_INTERNAL_TCK_TCK)
                                                      0.465     0.465 r  dbg_hub/inst/BSCANID.u_xsdbm_id/SWITCH_N_EXT_BSCAN.bscan_inst/SERIES7_BSCAN.bscan_inst/TCK
                         net (fo=1, routed)           0.603     1.068    dbg_hub/inst/BSCANID.u_xsdbm_id/tck_bs
    BUFGCE_X0Y50         BUFGCE (Prop_BUFCE_BUFGCE_I_O)
                                                      0.017     1.085 r  dbg_hub/inst/BSCANID.u_xsdbm_id/SWITCH_N_EXT_BSCAN.u_bufg_icon_tck/O
    X2Y3 (CLOCK_ROOT)    net (fo=494, routed)         0.852     1.937    dbg_hub/inst/BSCANID.u_xsdbm_id/CORE_XSDB.UUT_MASTER/U_ICON_INTERFACE/U_CMD6_RD/U_RD_FIFO/SUBCORE_FIFO.xsdbm_v3_0_0_rdfifo_inst/inst_fifo_gen/gconvfifo.rf/grf.rf/rstblk/rd_clk
    SLICE_X48Y229        FDPE                                         r  dbg_hub/inst/BSCANID.u_xsdbm_id/CORE_XSDB.UUT_MASTER/U_ICON_INTERFACE/U_CMD6_RD/U_RD_FIFO/SUBCORE_FIFO.xsdbm_v3_0_0_rdfifo_inst/inst_fifo_gen/gconvfifo.rf/grf.rf/rstblk/ngwrdrst.grst.g7serrst.rd_rst_reg_reg[2]/C
  -------------------------------------------------------------------    -------------------
    SLICE_X48Y229        FDPE (Prop_FFF_SLICEL_C_Q)
                                                      0.039     1.976 f  dbg_hub/inst/BSCANID.u_xsdbm_id/CORE_XSDB.UUT_MASTER/U_ICON_INTERFACE/U_CMD6_RD/U_RD_FIFO/SUBCORE_FIFO.xsdbm_v3_0_0_rdfifo_inst/inst_fifo_gen/gconvfifo.rf/grf.rf/rstblk/ngwrdrst.grst.g7serrst.rd_rst_reg_reg[2]/Q
                         net (fo=18, routed)          0.096     2.072    dbg_hub/inst/BSCANID.u_xsdbm_id/CORE_XSDB.UUT_MASTER/U_ICON_INTERFACE/U_CMD6_RD/U_RD_FIFO/SUBCORE_FIFO.xsdbm_v3_0_0_rdfifo_inst/inst_fifo_gen/gconvfifo.rf/grf.rf/gntv_or_sync_fifo.gl0.rd/gras.rsts/ram_empty_fb_i_reg_0[0]
    SLICE_X47Y229        FDPE                                         f  dbg_hub/inst/BSCANID.u_xsdbm_id/CORE_XSDB.UUT_MASTER/U_ICON_INTERFACE/U_CMD6_RD/U_RD_FIFO/SUBCORE_FIFO.xsdbm_v3_0_0_rdfifo_inst/inst_fifo_gen/gconvfifo.rf/grf.rf/gntv_or_sync_fifo.gl0.rd/gras.rsts/ram_empty_fb_i_reg/PRE
  -------------------------------------------------------------------    -------------------

                         (clock dbg_hub/inst/BSCANID.u_xsdbm_id/SWITCH_N_EXT_BSCAN.bscan_inst/SERIES7_BSCAN.bscan_inst/INTERNAL_TCK rise edge)
                                                      0.000     0.000 r  
    CONFIG_SITE_X0Y0     BSCANE2                      0.000     0.000 r  dbg_hub/inst/BSCANID.u_xsdbm_id/SWITCH_N_EXT_BSCAN.bscan_inst/SERIES7_BSCAN.bscan_inst/INTERNAL_TCK
    CONFIG_SITE_X0Y0     BSCANE2 (Prop_BSCAN1_CONFIG_SITE_INTERNAL_TCK_TCK)
                                                      4.300     4.300 r  dbg_hub/inst/BSCANID.u_xsdbm_id/SWITCH_N_EXT_BSCAN.bscan_inst/SERIES7_BSCAN.bscan_inst/TCK
                         net (fo=1, routed)           0.800     5.100    dbg_hub/inst/BSCANID.u_xsdbm_id/tck_bs
    BUFGCE_X0Y50         BUFGCE (Prop_BUFCE_BUFGCE_I_O)
                                                      0.019     5.119 r  dbg_hub/inst/BSCANID.u_xsdbm_id/SWITCH_N_EXT_BSCAN.u_bufg_icon_tck/O
    X2Y3 (CLOCK_ROOT)    net (fo=494, routed)         0.965     6.084    dbg_hub/inst/BSCANID.u_xsdbm_id/CORE_XSDB.UUT_MASTER/U_ICON_INTERFACE/U_CMD6_RD/U_RD_FIFO/SUBCORE_FIFO.xsdbm_v3_0_0_rdfifo_inst/inst_fifo_gen/gconvfifo.rf/grf.rf/gntv_or_sync_fifo.gl0.rd/gras.rsts/rd_clk
    SLICE_X47Y229        FDPE                                         r  dbg_hub/inst/BSCANID.u_xsdbm_id/CORE_XSDB.UUT_MASTER/U_ICON_INTERFACE/U_CMD6_RD/U_RD_FIFO/SUBCORE_FIFO.xsdbm_v3_0_0_rdfifo_inst/inst_fifo_gen/gconvfifo.rf/grf.rf/gntv_or_sync_fifo.gl0.rd/gras.rsts/ram_empty_fb_i_reg/C
                         clock pessimism             -4.100     1.984    
    SLICE_X47Y229        FDPE (Remov_FFF_SLICEL_C_PRE)
                                                     -0.020     1.964    dbg_hub/inst/BSCANID.u_xsdbm_id/CORE_XSDB.UUT_MASTER/U_ICON_INTERFACE/U_CMD6_RD/U_RD_FIFO/SUBCORE_FIFO.xsdbm_v3_0_0_rdfifo_inst/inst_fifo_gen/gconvfifo.rf/grf.rf/gntv_or_sync_fifo.gl0.rd/gras.rsts/ram_empty_fb_i_reg
  -------------------------------------------------------------------
                         required time                         -1.964    
                         arrival time                           2.072    
  -------------------------------------------------------------------
                         slack                                  0.108    

Slack (MET) :             0.108ns  (arrival time - required time)
  Source:                 dbg_hub/inst/BSCANID.u_xsdbm_id/CORE_XSDB.UUT_MASTER/U_ICON_INTERFACE/U_CMD6_RD/U_RD_FIFO/SUBCORE_FIFO.xsdbm_v3_0_0_rdfifo_inst/inst_fifo_gen/gconvfifo.rf/grf.rf/rstblk/ngwrdrst.grst.g7serrst.rd_rst_reg_reg[2]/C
                            (rising edge-triggered cell FDPE clocked by dbg_hub/inst/BSCANID.u_xsdbm_id/SWITCH_N_EXT_BSCAN.bscan_inst/SERIES7_BSCAN.bscan_inst/INTERNAL_TCK  {rise@0.000ns fall@25.000ns period=50.000ns})
  Destination:            dbg_hub/inst/BSCANID.u_xsdbm_id/CORE_XSDB.UUT_MASTER/U_ICON_INTERFACE/U_CMD6_RD/U_RD_FIFO/SUBCORE_FIFO.xsdbm_v3_0_0_rdfifo_inst/inst_fifo_gen/gconvfifo.rf/grf.rf/gntv_or_sync_fifo.gl0.rd/gras.rsts/ram_empty_i_reg/PRE
                            (removal check against rising-edge clock dbg_hub/inst/BSCANID.u_xsdbm_id/SWITCH_N_EXT_BSCAN.bscan_inst/SERIES7_BSCAN.bscan_inst/INTERNAL_TCK  {rise@0.000ns fall@25.000ns period=50.000ns})
  Path Group:             **async_default**
  Path Type:              Removal (Min at Fast Process Corner)
  Requirement:            0.000ns  (dbg_hub/inst/BSCANID.u_xsdbm_id/SWITCH_N_EXT_BSCAN.bscan_inst/SERIES7_BSCAN.bscan_inst/INTERNAL_TCK rise@0.000ns - dbg_hub/inst/BSCANID.u_xsdbm_id/SWITCH_N_EXT_BSCAN.bscan_inst/SERIES7_BSCAN.bscan_inst/INTERNAL_TCK rise@0.000ns)
  Data Path Delay:        0.135ns  (logic 0.039ns (28.889%)  route 0.096ns (71.111%))
  Logic Levels:           0  
  Clock Path Skew:        0.047ns (DCD - SCD - CPR)
    Destination Clock Delay (DCD):    6.084ns
    Source Clock Delay      (SCD):    1.937ns
    Clock Pessimism Removal (CPR):    4.100ns
  Clock Net Delay (Source):      0.852ns (routing 0.393ns, distribution 0.459ns)
  Clock Net Delay (Destination): 0.965ns (routing 0.437ns, distribution 0.528ns)

    Location             Delay type                Incr(ns)  Path(ns)    Netlist Resource(s)
  -------------------------------------------------------------------    -------------------
                         (clock dbg_hub/inst/BSCANID.u_xsdbm_id/SWITCH_N_EXT_BSCAN.bscan_inst/SERIES7_BSCAN.bscan_inst/INTERNAL_TCK rise edge)
                                                      0.000     0.000 r  
    CONFIG_SITE_X0Y0     BSCANE2                      0.000     0.000 r  dbg_hub/inst/BSCANID.u_xsdbm_id/SWITCH_N_EXT_BSCAN.bscan_inst/SERIES7_BSCAN.bscan_inst/INTERNAL_TCK
    CONFIG_SITE_X0Y0     BSCANE2 (Prop_BSCAN1_CONFIG_SITE_INTERNAL_TCK_TCK)
                                                      0.465     0.465 r  dbg_hub/inst/BSCANID.u_xsdbm_id/SWITCH_N_EXT_BSCAN.bscan_inst/SERIES7_BSCAN.bscan_inst/TCK
                         net (fo=1, routed)           0.603     1.068    dbg_hub/inst/BSCANID.u_xsdbm_id/tck_bs
    BUFGCE_X0Y50         BUFGCE (Prop_BUFCE_BUFGCE_I_O)
                                                      0.017     1.085 r  dbg_hub/inst/BSCANID.u_xsdbm_id/SWITCH_N_EXT_BSCAN.u_bufg_icon_tck/O
    X2Y3 (CLOCK_ROOT)    net (fo=494, routed)         0.852     1.937    dbg_hub/inst/BSCANID.u_xsdbm_id/CORE_XSDB.UUT_MASTER/U_ICON_INTERFACE/U_CMD6_RD/U_RD_FIFO/SUBCORE_FIFO.xsdbm_v3_0_0_rdfifo_inst/inst_fifo_gen/gconvfifo.rf/grf.rf/rstblk/rd_clk
    SLICE_X48Y229        FDPE                                         r  dbg_hub/inst/BSCANID.u_xsdbm_id/CORE_XSDB.UUT_MASTER/U_ICON_INTERFACE/U_CMD6_RD/U_RD_FIFO/SUBCORE_FIFO.xsdbm_v3_0_0_rdfifo_inst/inst_fifo_gen/gconvfifo.rf/grf.rf/rstblk/ngwrdrst.grst.g7serrst.rd_rst_reg_reg[2]/C
  -------------------------------------------------------------------    -------------------
    SLICE_X48Y229        FDPE (Prop_FFF_SLICEL_C_Q)
                                                      0.039     1.976 f  dbg_hub/inst/BSCANID.u_xsdbm_id/CORE_XSDB.UUT_MASTER/U_ICON_INTERFACE/U_CMD6_RD/U_RD_FIFO/SUBCORE_FIFO.xsdbm_v3_0_0_rdfifo_inst/inst_fifo_gen/gconvfifo.rf/grf.rf/rstblk/ngwrdrst.grst.g7serrst.rd_rst_reg_reg[2]/Q
                         net (fo=18, routed)          0.096     2.072    dbg_hub/inst/BSCANID.u_xsdbm_id/CORE_XSDB.UUT_MASTER/U_ICON_INTERFACE/U_CMD6_RD/U_RD_FIFO/SUBCORE_FIFO.xsdbm_v3_0_0_rdfifo_inst/inst_fifo_gen/gconvfifo.rf/grf.rf/gntv_or_sync_fifo.gl0.rd/gras.rsts/ram_empty_fb_i_reg_0[0]
    SLICE_X47Y229        FDPE                                         f  dbg_hub/inst/BSCANID.u_xsdbm_id/CORE_XSDB.UUT_MASTER/U_ICON_INTERFACE/U_CMD6_RD/U_RD_FIFO/SUBCORE_FIFO.xsdbm_v3_0_0_rdfifo_inst/inst_fifo_gen/gconvfifo.rf/grf.rf/gntv_or_sync_fifo.gl0.rd/gras.rsts/ram_empty_i_reg/PRE
  -------------------------------------------------------------------    -------------------

                         (clock dbg_hub/inst/BSCANID.u_xsdbm_id/SWITCH_N_EXT_BSCAN.bscan_inst/SERIES7_BSCAN.bscan_inst/INTERNAL_TCK rise edge)
                                                      0.000     0.000 r  
    CONFIG_SITE_X0Y0     BSCANE2                      0.000     0.000 r  dbg_hub/inst/BSCANID.u_xsdbm_id/SWITCH_N_EXT_BSCAN.bscan_inst/SERIES7_BSCAN.bscan_inst/INTERNAL_TCK
    CONFIG_SITE_X0Y0     BSCANE2 (Prop_BSCAN1_CONFIG_SITE_INTERNAL_TCK_TCK)
                                                      4.300     4.300 r  dbg_hub/inst/BSCANID.u_xsdbm_id/SWITCH_N_EXT_BSCAN.bscan_inst/SERIES7_BSCAN.bscan_inst/TCK
                         net (fo=1, routed)           0.800     5.100    dbg_hub/inst/BSCANID.u_xsdbm_id/tck_bs
    BUFGCE_X0Y50         BUFGCE (Prop_BUFCE_BUFGCE_I_O)
                                                      0.019     5.119 r  dbg_hub/inst/BSCANID.u_xsdbm_id/SWITCH_N_EXT_BSCAN.u_bufg_icon_tck/O
    X2Y3 (CLOCK_ROOT)    net (fo=494, routed)         0.965     6.084    dbg_hub/inst/BSCANID.u_xsdbm_id/CORE_XSDB.UUT_MASTER/U_ICON_INTERFACE/U_CMD6_RD/U_RD_FIFO/SUBCORE_FIFO.xsdbm_v3_0_0_rdfifo_inst/inst_fifo_gen/gconvfifo.rf/grf.rf/gntv_or_sync_fifo.gl0.rd/gras.rsts/rd_clk
    SLICE_X47Y229        FDPE                                         r  dbg_hub/inst/BSCANID.u_xsdbm_id/CORE_XSDB.UUT_MASTER/U_ICON_INTERFACE/U_CMD6_RD/U_RD_FIFO/SUBCORE_FIFO.xsdbm_v3_0_0_rdfifo_inst/inst_fifo_gen/gconvfifo.rf/grf.rf/gntv_or_sync_fifo.gl0.rd/gras.rsts/ram_empty_i_reg/C
                         clock pessimism             -4.100     1.984    
    SLICE_X47Y229        FDPE (Remov_FFF2_SLICEL_C_PRE)
                                                     -0.020     1.964    dbg_hub/inst/BSCANID.u_xsdbm_id/CORE_XSDB.UUT_MASTER/U_ICON_INTERFACE/U_CMD6_RD/U_RD_FIFO/SUBCORE_FIFO.xsdbm_v3_0_0_rdfifo_inst/inst_fifo_gen/gconvfifo.rf/grf.rf/gntv_or_sync_fifo.gl0.rd/gras.rsts/ram_empty_i_reg
  -------------------------------------------------------------------
                         required time                         -1.964    
                         arrival time                           2.072    
  -------------------------------------------------------------------
                         slack                                  0.108    

Slack (MET) :             0.117ns  (arrival time - required time)
  Source:                 dbg_hub/inst/BSCANID.u_xsdbm_id/CORE_XSDB.UUT_MASTER/U_ICON_INTERFACE/U_CMD6_WR/U_WR_FIFO/SUBCORE_FIFO.xsdbm_v3_0_0_wrfifo_inst/inst_fifo_gen/gconvfifo.rf/grf.rf/rstblk/ngwrdrst.grst.g7serrst.wr_rst_reg_reg[1]/C
                            (rising edge-triggered cell FDPE clocked by dbg_hub/inst/BSCANID.u_xsdbm_id/SWITCH_N_EXT_BSCAN.bscan_inst/SERIES7_BSCAN.bscan_inst/INTERNAL_TCK  {rise@0.000ns fall@25.000ns period=50.000ns})
  Destination:            dbg_hub/inst/BSCANID.u_xsdbm_id/CORE_XSDB.UUT_MASTER/U_ICON_INTERFACE/U_CMD6_WR/U_WR_FIFO/SUBCORE_FIFO.xsdbm_v3_0_0_wrfifo_inst/inst_fifo_gen/gconvfifo.rf/grf.rf/gntv_or_sync_fifo.gl0.wr/wpntr/gic0.gc0.count_reg[0]/CLR
                            (removal check against rising-edge clock dbg_hub/inst/BSCANID.u_xsdbm_id/SWITCH_N_EXT_BSCAN.bscan_inst/SERIES7_BSCAN.bscan_inst/INTERNAL_TCK  {rise@0.000ns fall@25.000ns period=50.000ns})
  Path Group:             **async_default**
  Path Type:              Removal (Min at Fast Process Corner)
  Requirement:            0.000ns  (dbg_hub/inst/BSCANID.u_xsdbm_id/SWITCH_N_EXT_BSCAN.bscan_inst/SERIES7_BSCAN.bscan_inst/INTERNAL_TCK rise@0.000ns - dbg_hub/inst/BSCANID.u_xsdbm_id/SWITCH_N_EXT_BSCAN.bscan_inst/SERIES7_BSCAN.bscan_inst/INTERNAL_TCK rise@0.000ns)
  Data Path Delay:        0.111ns  (logic 0.039ns (35.135%)  route 0.072ns (64.865%))
  Logic Levels:           0  
  Clock Path Skew:        0.014ns (DCD - SCD - CPR)
    Destination Clock Delay (DCD):    6.075ns
    Source Clock Delay      (SCD):    1.926ns
    Clock Pessimism Removal (CPR):    4.135ns
  Clock Net Delay (Source):      0.841ns (routing 0.393ns, distribution 0.448ns)
  Clock Net Delay (Destination): 0.956ns (routing 0.437ns, distribution 0.519ns)

    Location             Delay type                Incr(ns)  Path(ns)    Netlist Resource(s)
  -------------------------------------------------------------------    -------------------
                         (clock dbg_hub/inst/BSCANID.u_xsdbm_id/SWITCH_N_EXT_BSCAN.bscan_inst/SERIES7_BSCAN.bscan_inst/INTERNAL_TCK rise edge)
                                                      0.000     0.000 r  
    CONFIG_SITE_X0Y0     BSCANE2                      0.000     0.000 r  dbg_hub/inst/BSCANID.u_xsdbm_id/SWITCH_N_EXT_BSCAN.bscan_inst/SERIES7_BSCAN.bscan_inst/INTERNAL_TCK
    CONFIG_SITE_X0Y0     BSCANE2 (Prop_BSCAN1_CONFIG_SITE_INTERNAL_TCK_TCK)
                                                      0.465     0.465 r  dbg_hub/inst/BSCANID.u_xsdbm_id/SWITCH_N_EXT_BSCAN.bscan_inst/SERIES7_BSCAN.bscan_inst/TCK
                         net (fo=1, routed)           0.603     1.068    dbg_hub/inst/BSCANID.u_xsdbm_id/tck_bs
    BUFGCE_X0Y50         BUFGCE (Prop_BUFCE_BUFGCE_I_O)
                                                      0.017     1.085 r  dbg_hub/inst/BSCANID.u_xsdbm_id/SWITCH_N_EXT_BSCAN.u_bufg_icon_tck/O
    X2Y3 (CLOCK_ROOT)    net (fo=494, routed)         0.841     1.926    dbg_hub/inst/BSCANID.u_xsdbm_id/CORE_XSDB.UUT_MASTER/U_ICON_INTERFACE/U_CMD6_WR/U_WR_FIFO/SUBCORE_FIFO.xsdbm_v3_0_0_wrfifo_inst/inst_fifo_gen/gconvfifo.rf/grf.rf/rstblk/wr_clk
    SLICE_X41Y234        FDPE                                         r  dbg_hub/inst/BSCANID.u_xsdbm_id/CORE_XSDB.UUT_MASTER/U_ICON_INTERFACE/U_CMD6_WR/U_WR_FIFO/SUBCORE_FIFO.xsdbm_v3_0_0_wrfifo_inst/inst_fifo_gen/gconvfifo.rf/grf.rf/rstblk/ngwrdrst.grst.g7serrst.wr_rst_reg_reg[1]/C
  -------------------------------------------------------------------    -------------------
    SLICE_X41Y234        FDPE (Prop_EFF2_SLICEM_C_Q)
                                                      0.039     1.965 f  dbg_hub/inst/BSCANID.u_xsdbm_id/CORE_XSDB.UUT_MASTER/U_ICON_INTERFACE/U_CMD6_WR/U_WR_FIFO/SUBCORE_FIFO.xsdbm_v3_0_0_wrfifo_inst/inst_fifo_gen/gconvfifo.rf/grf.rf/rstblk/ngwrdrst.grst.g7serrst.wr_rst_reg_reg[1]/Q
                         net (fo=12, routed)          0.072     2.037    dbg_hub/inst/BSCANID.u_xsdbm_id/CORE_XSDB.UUT_MASTER/U_ICON_INTERFACE/U_CMD6_WR/U_WR_FIFO/SUBCORE_FIFO.xsdbm_v3_0_0_wrfifo_inst/inst_fifo_gen/gconvfifo.rf/grf.rf/gntv_or_sync_fifo.gl0.wr/wpntr/gic0.gc0.count_reg[0]_0[0]
    SLICE_X42Y234        FDCE                                         f  dbg_hub/inst/BSCANID.u_xsdbm_id/CORE_XSDB.UUT_MASTER/U_ICON_INTERFACE/U_CMD6_WR/U_WR_FIFO/SUBCORE_FIFO.xsdbm_v3_0_0_wrfifo_inst/inst_fifo_gen/gconvfifo.rf/grf.rf/gntv_or_sync_fifo.gl0.wr/wpntr/gic0.gc0.count_reg[0]/CLR
  -------------------------------------------------------------------    -------------------

                         (clock dbg_hub/inst/BSCANID.u_xsdbm_id/SWITCH_N_EXT_BSCAN.bscan_inst/SERIES7_BSCAN.bscan_inst/INTERNAL_TCK rise edge)
                                                      0.000     0.000 r  
    CONFIG_SITE_X0Y0     BSCANE2                      0.000     0.000 r  dbg_hub/inst/BSCANID.u_xsdbm_id/SWITCH_N_EXT_BSCAN.bscan_inst/SERIES7_BSCAN.bscan_inst/INTERNAL_TCK
    CONFIG_SITE_X0Y0     BSCANE2 (Prop_BSCAN1_CONFIG_SITE_INTERNAL_TCK_TCK)
                                                      4.300     4.300 r  dbg_hub/inst/BSCANID.u_xsdbm_id/SWITCH_N_EXT_BSCAN.bscan_inst/SERIES7_BSCAN.bscan_inst/TCK
                         net (fo=1, routed)           0.800     5.100    dbg_hub/inst/BSCANID.u_xsdbm_id/tck_bs
    BUFGCE_X0Y50         BUFGCE (Prop_BUFCE_BUFGCE_I_O)
                                                      0.019     5.119 r  dbg_hub/inst/BSCANID.u_xsdbm_id/SWITCH_N_EXT_BSCAN.u_bufg_icon_tck/O
    X2Y3 (CLOCK_ROOT)    net (fo=494, routed)         0.956     6.075    dbg_hub/inst/BSCANID.u_xsdbm_id/CORE_XSDB.UUT_MASTER/U_ICON_INTERFACE/U_CMD6_WR/U_WR_FIFO/SUBCORE_FIFO.xsdbm_v3_0_0_wrfifo_inst/inst_fifo_gen/gconvfifo.rf/grf.rf/gntv_or_sync_fifo.gl0.wr/wpntr/wr_clk
    SLICE_X42Y234        FDCE                                         r  dbg_hub/inst/BSCANID.u_xsdbm_id/CORE_XSDB.UUT_MASTER/U_ICON_INTERFACE/U_CMD6_WR/U_WR_FIFO/SUBCORE_FIFO.xsdbm_v3_0_0_wrfifo_inst/inst_fifo_gen/gconvfifo.rf/grf.rf/gntv_or_sync_fifo.gl0.wr/wpntr/gic0.gc0.count_reg[0]/C
                         clock pessimism             -4.135     1.940    
    SLICE_X42Y234        FDCE (Remov_GFF2_SLICEL_C_CLR)
                                                     -0.020     1.920    dbg_hub/inst/BSCANID.u_xsdbm_id/CORE_XSDB.UUT_MASTER/U_ICON_INTERFACE/U_CMD6_WR/U_WR_FIFO/SUBCORE_FIFO.xsdbm_v3_0_0_wrfifo_inst/inst_fifo_gen/gconvfifo.rf/grf.rf/gntv_or_sync_fifo.gl0.wr/wpntr/gic0.gc0.count_reg[0]
  -------------------------------------------------------------------
                         required time                         -1.920    
                         arrival time                           2.037    
  -------------------------------------------------------------------
                         slack                                  0.117    

Slack (MET) :             0.117ns  (arrival time - required time)
  Source:                 dbg_hub/inst/BSCANID.u_xsdbm_id/CORE_XSDB.UUT_MASTER/U_ICON_INTERFACE/U_CMD6_WR/U_WR_FIFO/SUBCORE_FIFO.xsdbm_v3_0_0_wrfifo_inst/inst_fifo_gen/gconvfifo.rf/grf.rf/rstblk/ngwrdrst.grst.g7serrst.wr_rst_reg_reg[1]/C
                            (rising edge-triggered cell FDPE clocked by dbg_hub/inst/BSCANID.u_xsdbm_id/SWITCH_N_EXT_BSCAN.bscan_inst/SERIES7_BSCAN.bscan_inst/INTERNAL_TCK  {rise@0.000ns fall@25.000ns period=50.000ns})
  Destination:            dbg_hub/inst/BSCANID.u_xsdbm_id/CORE_XSDB.UUT_MASTER/U_ICON_INTERFACE/U_CMD6_WR/U_WR_FIFO/SUBCORE_FIFO.xsdbm_v3_0_0_wrfifo_inst/inst_fifo_gen/gconvfifo.rf/grf.rf/gntv_or_sync_fifo.gl0.wr/wpntr/gic0.gc0.count_reg[1]/PRE
                            (removal check against rising-edge clock dbg_hub/inst/BSCANID.u_xsdbm_id/SWITCH_N_EXT_BSCAN.bscan_inst/SERIES7_BSCAN.bscan_inst/INTERNAL_TCK  {rise@0.000ns fall@25.000ns period=50.000ns})
  Path Group:             **async_default**
  Path Type:              Removal (Min at Fast Process Corner)
  Requirement:            0.000ns  (dbg_hub/inst/BSCANID.u_xsdbm_id/SWITCH_N_EXT_BSCAN.bscan_inst/SERIES7_BSCAN.bscan_inst/INTERNAL_TCK rise@0.000ns - dbg_hub/inst/BSCANID.u_xsdbm_id/SWITCH_N_EXT_BSCAN.bscan_inst/SERIES7_BSCAN.bscan_inst/INTERNAL_TCK rise@0.000ns)
  Data Path Delay:        0.111ns  (logic 0.039ns (35.135%)  route 0.072ns (64.865%))
  Logic Levels:           0  
  Clock Path Skew:        0.014ns (DCD - SCD - CPR)
    Destination Clock Delay (DCD):    6.075ns
    Source Clock Delay      (SCD):    1.926ns
    Clock Pessimism Removal (CPR):    4.135ns
  Clock Net Delay (Source):      0.841ns (routing 0.393ns, distribution 0.448ns)
  Clock Net Delay (Destination): 0.956ns (routing 0.437ns, distribution 0.519ns)

    Location             Delay type                Incr(ns)  Path(ns)    Netlist Resource(s)
  -------------------------------------------------------------------    -------------------
                         (clock dbg_hub/inst/BSCANID.u_xsdbm_id/SWITCH_N_EXT_BSCAN.bscan_inst/SERIES7_BSCAN.bscan_inst/INTERNAL_TCK rise edge)
                                                      0.000     0.000 r  
    CONFIG_SITE_X0Y0     BSCANE2                      0.000     0.000 r  dbg_hub/inst/BSCANID.u_xsdbm_id/SWITCH_N_EXT_BSCAN.bscan_inst/SERIES7_BSCAN.bscan_inst/INTERNAL_TCK
    CONFIG_SITE_X0Y0     BSCANE2 (Prop_BSCAN1_CONFIG_SITE_INTERNAL_TCK_TCK)
                                                      0.465     0.465 r  dbg_hub/inst/BSCANID.u_xsdbm_id/SWITCH_N_EXT_BSCAN.bscan_inst/SERIES7_BSCAN.bscan_inst/TCK
                         net (fo=1, routed)           0.603     1.068    dbg_hub/inst/BSCANID.u_xsdbm_id/tck_bs
    BUFGCE_X0Y50         BUFGCE (Prop_BUFCE_BUFGCE_I_O)
                                                      0.017     1.085 r  dbg_hub/inst/BSCANID.u_xsdbm_id/SWITCH_N_EXT_BSCAN.u_bufg_icon_tck/O
    X2Y3 (CLOCK_ROOT)    net (fo=494, routed)         0.841     1.926    dbg_hub/inst/BSCANID.u_xsdbm_id/CORE_XSDB.UUT_MASTER/U_ICON_INTERFACE/U_CMD6_WR/U_WR_FIFO/SUBCORE_FIFO.xsdbm_v3_0_0_wrfifo_inst/inst_fifo_gen/gconvfifo.rf/grf.rf/rstblk/wr_clk
    SLICE_X41Y234        FDPE                                         r  dbg_hub/inst/BSCANID.u_xsdbm_id/CORE_XSDB.UUT_MASTER/U_ICON_INTERFACE/U_CMD6_WR/U_WR_FIFO/SUBCORE_FIFO.xsdbm_v3_0_0_wrfifo_inst/inst_fifo_gen/gconvfifo.rf/grf.rf/rstblk/ngwrdrst.grst.g7serrst.wr_rst_reg_reg[1]/C
  -------------------------------------------------------------------    -------------------
    SLICE_X41Y234        FDPE (Prop_EFF2_SLICEM_C_Q)
                                                      0.039     1.965 f  dbg_hub/inst/BSCANID.u_xsdbm_id/CORE_XSDB.UUT_MASTER/U_ICON_INTERFACE/U_CMD6_WR/U_WR_FIFO/SUBCORE_FIFO.xsdbm_v3_0_0_wrfifo_inst/inst_fifo_gen/gconvfifo.rf/grf.rf/rstblk/ngwrdrst.grst.g7serrst.wr_rst_reg_reg[1]/Q
                         net (fo=12, routed)          0.072     2.037    dbg_hub/inst/BSCANID.u_xsdbm_id/CORE_XSDB.UUT_MASTER/U_ICON_INTERFACE/U_CMD6_WR/U_WR_FIFO/SUBCORE_FIFO.xsdbm_v3_0_0_wrfifo_inst/inst_fifo_gen/gconvfifo.rf/grf.rf/gntv_or_sync_fifo.gl0.wr/wpntr/gic0.gc0.count_reg[0]_0[0]
    SLICE_X42Y234        FDPE                                         f  dbg_hub/inst/BSCANID.u_xsdbm_id/CORE_XSDB.UUT_MASTER/U_ICON_INTERFACE/U_CMD6_WR/U_WR_FIFO/SUBCORE_FIFO.xsdbm_v3_0_0_wrfifo_inst/inst_fifo_gen/gconvfifo.rf/grf.rf/gntv_or_sync_fifo.gl0.wr/wpntr/gic0.gc0.count_reg[1]/PRE
  -------------------------------------------------------------------    -------------------

                         (clock dbg_hub/inst/BSCANID.u_xsdbm_id/SWITCH_N_EXT_BSCAN.bscan_inst/SERIES7_BSCAN.bscan_inst/INTERNAL_TCK rise edge)
                                                      0.000     0.000 r  
    CONFIG_SITE_X0Y0     BSCANE2                      0.000     0.000 r  dbg_hub/inst/BSCANID.u_xsdbm_id/SWITCH_N_EXT_BSCAN.bscan_inst/SERIES7_BSCAN.bscan_inst/INTERNAL_TCK
    CONFIG_SITE_X0Y0     BSCANE2 (Prop_BSCAN1_CONFIG_SITE_INTERNAL_TCK_TCK)
                                                      4.300     4.300 r  dbg_hub/inst/BSCANID.u_xsdbm_id/SWITCH_N_EXT_BSCAN.bscan_inst/SERIES7_BSCAN.bscan_inst/TCK
                         net (fo=1, routed)           0.800     5.100    dbg_hub/inst/BSCANID.u_xsdbm_id/tck_bs
    BUFGCE_X0Y50         BUFGCE (Prop_BUFCE_BUFGCE_I_O)
                                                      0.019     5.119 r  dbg_hub/inst/BSCANID.u_xsdbm_id/SWITCH_N_EXT_BSCAN.u_bufg_icon_tck/O
    X2Y3 (CLOCK_ROOT)    net (fo=494, routed)         0.956     6.075    dbg_hub/inst/BSCANID.u_xsdbm_id/CORE_XSDB.UUT_MASTER/U_ICON_INTERFACE/U_CMD6_WR/U_WR_FIFO/SUBCORE_FIFO.xsdbm_v3_0_0_wrfifo_inst/inst_fifo_gen/gconvfifo.rf/grf.rf/gntv_or_sync_fifo.gl0.wr/wpntr/wr_clk
    SLICE_X42Y234        FDPE                                         r  dbg_hub/inst/BSCANID.u_xsdbm_id/CORE_XSDB.UUT_MASTER/U_ICON_INTERFACE/U_CMD6_WR/U_WR_FIFO/SUBCORE_FIFO.xsdbm_v3_0_0_wrfifo_inst/inst_fifo_gen/gconvfifo.rf/grf.rf/gntv_or_sync_fifo.gl0.wr/wpntr/gic0.gc0.count_reg[1]/C
                         clock pessimism             -4.135     1.940    
    SLICE_X42Y234        FDPE (Remov_FFF2_SLICEL_C_PRE)
                                                     -0.020     1.920    dbg_hub/inst/BSCANID.u_xsdbm_id/CORE_XSDB.UUT_MASTER/U_ICON_INTERFACE/U_CMD6_WR/U_WR_FIFO/SUBCORE_FIFO.xsdbm_v3_0_0_wrfifo_inst/inst_fifo_gen/gconvfifo.rf/grf.rf/gntv_or_sync_fifo.gl0.wr/wpntr/gic0.gc0.count_reg[1]
  -------------------------------------------------------------------
                         required time                         -1.920    
                         arrival time                           2.037    
  -------------------------------------------------------------------
                         slack                                  0.117    

Slack (MET) :             0.117ns  (arrival time - required time)
  Source:                 dbg_hub/inst/BSCANID.u_xsdbm_id/CORE_XSDB.UUT_MASTER/U_ICON_INTERFACE/U_CMD6_WR/U_WR_FIFO/SUBCORE_FIFO.xsdbm_v3_0_0_wrfifo_inst/inst_fifo_gen/gconvfifo.rf/grf.rf/rstblk/ngwrdrst.grst.g7serrst.wr_rst_reg_reg[1]/C
                            (rising edge-triggered cell FDPE clocked by dbg_hub/inst/BSCANID.u_xsdbm_id/SWITCH_N_EXT_BSCAN.bscan_inst/SERIES7_BSCAN.bscan_inst/INTERNAL_TCK  {rise@0.000ns fall@25.000ns period=50.000ns})
  Destination:            dbg_hub/inst/BSCANID.u_xsdbm_id/CORE_XSDB.UUT_MASTER/U_ICON_INTERFACE/U_CMD6_WR/U_WR_FIFO/SUBCORE_FIFO.xsdbm_v3_0_0_wrfifo_inst/inst_fifo_gen/gconvfifo.rf/grf.rf/gntv_or_sync_fifo.gl0.wr/wpntr/gic0.gc0.count_reg[2]/CLR
                            (removal check against rising-edge clock dbg_hub/inst/BSCANID.u_xsdbm_id/SWITCH_N_EXT_BSCAN.bscan_inst/SERIES7_BSCAN.bscan_inst/INTERNAL_TCK  {rise@0.000ns fall@25.000ns period=50.000ns})
  Path Group:             **async_default**
  Path Type:              Removal (Min at Fast Process Corner)
  Requirement:            0.000ns  (dbg_hub/inst/BSCANID.u_xsdbm_id/SWITCH_N_EXT_BSCAN.bscan_inst/SERIES7_BSCAN.bscan_inst/INTERNAL_TCK rise@0.000ns - dbg_hub/inst/BSCANID.u_xsdbm_id/SWITCH_N_EXT_BSCAN.bscan_inst/SERIES7_BSCAN.bscan_inst/INTERNAL_TCK rise@0.000ns)
  Data Path Delay:        0.111ns  (logic 0.039ns (35.135%)  route 0.072ns (64.865%))
  Logic Levels:           0  
  Clock Path Skew:        0.014ns (DCD - SCD - CPR)
    Destination Clock Delay (DCD):    6.075ns
    Source Clock Delay      (SCD):    1.926ns
    Clock Pessimism Removal (CPR):    4.135ns
  Clock Net Delay (Source):      0.841ns (routing 0.393ns, distribution 0.448ns)
  Clock Net Delay (Destination): 0.956ns (routing 0.437ns, distribution 0.519ns)

    Location             Delay type                Incr(ns)  Path(ns)    Netlist Resource(s)
  -------------------------------------------------------------------    -------------------
                         (clock dbg_hub/inst/BSCANID.u_xsdbm_id/SWITCH_N_EXT_BSCAN.bscan_inst/SERIES7_BSCAN.bscan_inst/INTERNAL_TCK rise edge)
                                                      0.000     0.000 r  
    CONFIG_SITE_X0Y0     BSCANE2                      0.000     0.000 r  dbg_hub/inst/BSCANID.u_xsdbm_id/SWITCH_N_EXT_BSCAN.bscan_inst/SERIES7_BSCAN.bscan_inst/INTERNAL_TCK
    CONFIG_SITE_X0Y0     BSCANE2 (Prop_BSCAN1_CONFIG_SITE_INTERNAL_TCK_TCK)
                                                      0.465     0.465 r  dbg_hub/inst/BSCANID.u_xsdbm_id/SWITCH_N_EXT_BSCAN.bscan_inst/SERIES7_BSCAN.bscan_inst/TCK
                         net (fo=1, routed)           0.603     1.068    dbg_hub/inst/BSCANID.u_xsdbm_id/tck_bs
    BUFGCE_X0Y50         BUFGCE (Prop_BUFCE_BUFGCE_I_O)
                                                      0.017     1.085 r  dbg_hub/inst/BSCANID.u_xsdbm_id/SWITCH_N_EXT_BSCAN.u_bufg_icon_tck/O
    X2Y3 (CLOCK_ROOT)    net (fo=494, routed)         0.841     1.926    dbg_hub/inst/BSCANID.u_xsdbm_id/CORE_XSDB.UUT_MASTER/U_ICON_INTERFACE/U_CMD6_WR/U_WR_FIFO/SUBCORE_FIFO.xsdbm_v3_0_0_wrfifo_inst/inst_fifo_gen/gconvfifo.rf/grf.rf/rstblk/wr_clk
    SLICE_X41Y234        FDPE                                         r  dbg_hub/inst/BSCANID.u_xsdbm_id/CORE_XSDB.UUT_MASTER/U_ICON_INTERFACE/U_CMD6_WR/U_WR_FIFO/SUBCORE_FIFO.xsdbm_v3_0_0_wrfifo_inst/inst_fifo_gen/gconvfifo.rf/grf.rf/rstblk/ngwrdrst.grst.g7serrst.wr_rst_reg_reg[1]/C
  -------------------------------------------------------------------    -------------------
    SLICE_X41Y234        FDPE (Prop_EFF2_SLICEM_C_Q)
                                                      0.039     1.965 f  dbg_hub/inst/BSCANID.u_xsdbm_id/CORE_XSDB.UUT_MASTER/U_ICON_INTERFACE/U_CMD6_WR/U_WR_FIFO/SUBCORE_FIFO.xsdbm_v3_0_0_wrfifo_inst/inst_fifo_gen/gconvfifo.rf/grf.rf/rstblk/ngwrdrst.grst.g7serrst.wr_rst_reg_reg[1]/Q
                         net (fo=12, routed)          0.072     2.037    dbg_hub/inst/BSCANID.u_xsdbm_id/CORE_XSDB.UUT_MASTER/U_ICON_INTERFACE/U_CMD6_WR/U_WR_FIFO/SUBCORE_FIFO.xsdbm_v3_0_0_wrfifo_inst/inst_fifo_gen/gconvfifo.rf/grf.rf/gntv_or_sync_fifo.gl0.wr/wpntr/gic0.gc0.count_reg[0]_0[0]
    SLICE_X42Y234        FDCE                                         f  dbg_hub/inst/BSCANID.u_xsdbm_id/CORE_XSDB.UUT_MASTER/U_ICON_INTERFACE/U_CMD6_WR/U_WR_FIFO/SUBCORE_FIFO.xsdbm_v3_0_0_wrfifo_inst/inst_fifo_gen/gconvfifo.rf/grf.rf/gntv_or_sync_fifo.gl0.wr/wpntr/gic0.gc0.count_reg[2]/CLR
  -------------------------------------------------------------------    -------------------

                         (clock dbg_hub/inst/BSCANID.u_xsdbm_id/SWITCH_N_EXT_BSCAN.bscan_inst/SERIES7_BSCAN.bscan_inst/INTERNAL_TCK rise edge)
                                                      0.000     0.000 r  
    CONFIG_SITE_X0Y0     BSCANE2                      0.000     0.000 r  dbg_hub/inst/BSCANID.u_xsdbm_id/SWITCH_N_EXT_BSCAN.bscan_inst/SERIES7_BSCAN.bscan_inst/INTERNAL_TCK
    CONFIG_SITE_X0Y0     BSCANE2 (Prop_BSCAN1_CONFIG_SITE_INTERNAL_TCK_TCK)
                                                      4.300     4.300 r  dbg_hub/inst/BSCANID.u_xsdbm_id/SWITCH_N_EXT_BSCAN.bscan_inst/SERIES7_BSCAN.bscan_inst/TCK
                         net (fo=1, routed)           0.800     5.100    dbg_hub/inst/BSCANID.u_xsdbm_id/tck_bs
    BUFGCE_X0Y50         BUFGCE (Prop_BUFCE_BUFGCE_I_O)
                                                      0.019     5.119 r  dbg_hub/inst/BSCANID.u_xsdbm_id/SWITCH_N_EXT_BSCAN.u_bufg_icon_tck/O
    X2Y3 (CLOCK_ROOT)    net (fo=494, routed)         0.956     6.075    dbg_hub/inst/BSCANID.u_xsdbm_id/CORE_XSDB.UUT_MASTER/U_ICON_INTERFACE/U_CMD6_WR/U_WR_FIFO/SUBCORE_FIFO.xsdbm_v3_0_0_wrfifo_inst/inst_fifo_gen/gconvfifo.rf/grf.rf/gntv_or_sync_fifo.gl0.wr/wpntr/wr_clk
    SLICE_X42Y234        FDCE                                         r  dbg_hub/inst/BSCANID.u_xsdbm_id/CORE_XSDB.UUT_MASTER/U_ICON_INTERFACE/U_CMD6_WR/U_WR_FIFO/SUBCORE_FIFO.xsdbm_v3_0_0_wrfifo_inst/inst_fifo_gen/gconvfifo.rf/grf.rf/gntv_or_sync_fifo.gl0.wr/wpntr/gic0.gc0.count_reg[2]/C
                         clock pessimism             -4.135     1.940    
    SLICE_X42Y234        FDCE (Remov_HFF_SLICEL_C_CLR)
                                                     -0.020     1.920    dbg_hub/inst/BSCANID.u_xsdbm_id/CORE_XSDB.UUT_MASTER/U_ICON_INTERFACE/U_CMD6_WR/U_WR_FIFO/SUBCORE_FIFO.xsdbm_v3_0_0_wrfifo_inst/inst_fifo_gen/gconvfifo.rf/grf.rf/gntv_or_sync_fifo.gl0.wr/wpntr/gic0.gc0.count_reg[2]
  -------------------------------------------------------------------
                         required time                         -1.920    
                         arrival time                           2.037    
  -------------------------------------------------------------------
                         slack                                  0.117    

Slack (MET) :             0.117ns  (arrival time - required time)
  Source:                 dbg_hub/inst/BSCANID.u_xsdbm_id/CORE_XSDB.UUT_MASTER/U_ICON_INTERFACE/U_CMD6_WR/U_WR_FIFO/SUBCORE_FIFO.xsdbm_v3_0_0_wrfifo_inst/inst_fifo_gen/gconvfifo.rf/grf.rf/rstblk/ngwrdrst.grst.g7serrst.wr_rst_reg_reg[1]/C
                            (rising edge-triggered cell FDPE clocked by dbg_hub/inst/BSCANID.u_xsdbm_id/SWITCH_N_EXT_BSCAN.bscan_inst/SERIES7_BSCAN.bscan_inst/INTERNAL_TCK  {rise@0.000ns fall@25.000ns period=50.000ns})
  Destination:            dbg_hub/inst/BSCANID.u_xsdbm_id/CORE_XSDB.UUT_MASTER/U_ICON_INTERFACE/U_CMD6_WR/U_WR_FIFO/SUBCORE_FIFO.xsdbm_v3_0_0_wrfifo_inst/inst_fifo_gen/gconvfifo.rf/grf.rf/gntv_or_sync_fifo.gl0.wr/wpntr/gic0.gc0.count_reg[3]/CLR
                            (removal check against rising-edge clock dbg_hub/inst/BSCANID.u_xsdbm_id/SWITCH_N_EXT_BSCAN.bscan_inst/SERIES7_BSCAN.bscan_inst/INTERNAL_TCK  {rise@0.000ns fall@25.000ns period=50.000ns})
  Path Group:             **async_default**
  Path Type:              Removal (Min at Fast Process Corner)
  Requirement:            0.000ns  (dbg_hub/inst/BSCANID.u_xsdbm_id/SWITCH_N_EXT_BSCAN.bscan_inst/SERIES7_BSCAN.bscan_inst/INTERNAL_TCK rise@0.000ns - dbg_hub/inst/BSCANID.u_xsdbm_id/SWITCH_N_EXT_BSCAN.bscan_inst/SERIES7_BSCAN.bscan_inst/INTERNAL_TCK rise@0.000ns)
  Data Path Delay:        0.111ns  (logic 0.039ns (35.135%)  route 0.072ns (64.865%))
  Logic Levels:           0  
  Clock Path Skew:        0.014ns (DCD - SCD - CPR)
    Destination Clock Delay (DCD):    6.075ns
    Source Clock Delay      (SCD):    1.926ns
    Clock Pessimism Removal (CPR):    4.135ns
  Clock Net Delay (Source):      0.841ns (routing 0.393ns, distribution 0.448ns)
  Clock Net Delay (Destination): 0.956ns (routing 0.437ns, distribution 0.519ns)

    Location             Delay type                Incr(ns)  Path(ns)    Netlist Resource(s)
  -------------------------------------------------------------------    -------------------
                         (clock dbg_hub/inst/BSCANID.u_xsdbm_id/SWITCH_N_EXT_BSCAN.bscan_inst/SERIES7_BSCAN.bscan_inst/INTERNAL_TCK rise edge)
                                                      0.000     0.000 r  
    CONFIG_SITE_X0Y0     BSCANE2                      0.000     0.000 r  dbg_hub/inst/BSCANID.u_xsdbm_id/SWITCH_N_EXT_BSCAN.bscan_inst/SERIES7_BSCAN.bscan_inst/INTERNAL_TCK
    CONFIG_SITE_X0Y0     BSCANE2 (Prop_BSCAN1_CONFIG_SITE_INTERNAL_TCK_TCK)
                                                      0.465     0.465 r  dbg_hub/inst/BSCANID.u_xsdbm_id/SWITCH_N_EXT_BSCAN.bscan_inst/SERIES7_BSCAN.bscan_inst/TCK
                         net (fo=1, routed)           0.603     1.068    dbg_hub/inst/BSCANID.u_xsdbm_id/tck_bs
    BUFGCE_X0Y50         BUFGCE (Prop_BUFCE_BUFGCE_I_O)
                                                      0.017     1.085 r  dbg_hub/inst/BSCANID.u_xsdbm_id/SWITCH_N_EXT_BSCAN.u_bufg_icon_tck/O
    X2Y3 (CLOCK_ROOT)    net (fo=494, routed)         0.841     1.926    dbg_hub/inst/BSCANID.u_xsdbm_id/CORE_XSDB.UUT_MASTER/U_ICON_INTERFACE/U_CMD6_WR/U_WR_FIFO/SUBCORE_FIFO.xsdbm_v3_0_0_wrfifo_inst/inst_fifo_gen/gconvfifo.rf/grf.rf/rstblk/wr_clk
    SLICE_X41Y234        FDPE                                         r  dbg_hub/inst/BSCANID.u_xsdbm_id/CORE_XSDB.UUT_MASTER/U_ICON_INTERFACE/U_CMD6_WR/U_WR_FIFO/SUBCORE_FIFO.xsdbm_v3_0_0_wrfifo_inst/inst_fifo_gen/gconvfifo.rf/grf.rf/rstblk/ngwrdrst.grst.g7serrst.wr_rst_reg_reg[1]/C
  -------------------------------------------------------------------    -------------------
    SLICE_X41Y234        FDPE (Prop_EFF2_SLICEM_C_Q)
                                                      0.039     1.965 f  dbg_hub/inst/BSCANID.u_xsdbm_id/CORE_XSDB.UUT_MASTER/U_ICON_INTERFACE/U_CMD6_WR/U_WR_FIFO/SUBCORE_FIFO.xsdbm_v3_0_0_wrfifo_inst/inst_fifo_gen/gconvfifo.rf/grf.rf/rstblk/ngwrdrst.grst.g7serrst.wr_rst_reg_reg[1]/Q
                         net (fo=12, routed)          0.072     2.037    dbg_hub/inst/BSCANID.u_xsdbm_id/CORE_XSDB.UUT_MASTER/U_ICON_INTERFACE/U_CMD6_WR/U_WR_FIFO/SUBCORE_FIFO.xsdbm_v3_0_0_wrfifo_inst/inst_fifo_gen/gconvfifo.rf/grf.rf/gntv_or_sync_fifo.gl0.wr/wpntr/gic0.gc0.count_reg[0]_0[0]
    SLICE_X42Y234        FDCE                                         f  dbg_hub/inst/BSCANID.u_xsdbm_id/CORE_XSDB.UUT_MASTER/U_ICON_INTERFACE/U_CMD6_WR/U_WR_FIFO/SUBCORE_FIFO.xsdbm_v3_0_0_wrfifo_inst/inst_fifo_gen/gconvfifo.rf/grf.rf/gntv_or_sync_fifo.gl0.wr/wpntr/gic0.gc0.count_reg[3]/CLR
  -------------------------------------------------------------------    -------------------

                         (clock dbg_hub/inst/BSCANID.u_xsdbm_id/SWITCH_N_EXT_BSCAN.bscan_inst/SERIES7_BSCAN.bscan_inst/INTERNAL_TCK rise edge)
                                                      0.000     0.000 r  
    CONFIG_SITE_X0Y0     BSCANE2                      0.000     0.000 r  dbg_hub/inst/BSCANID.u_xsdbm_id/SWITCH_N_EXT_BSCAN.bscan_inst/SERIES7_BSCAN.bscan_inst/INTERNAL_TCK
    CONFIG_SITE_X0Y0     BSCANE2 (Prop_BSCAN1_CONFIG_SITE_INTERNAL_TCK_TCK)
                                                      4.300     4.300 r  dbg_hub/inst/BSCANID.u_xsdbm_id/SWITCH_N_EXT_BSCAN.bscan_inst/SERIES7_BSCAN.bscan_inst/TCK
                         net (fo=1, routed)           0.800     5.100    dbg_hub/inst/BSCANID.u_xsdbm_id/tck_bs
    BUFGCE_X0Y50         BUFGCE (Prop_BUFCE_BUFGCE_I_O)
                                                      0.019     5.119 r  dbg_hub/inst/BSCANID.u_xsdbm_id/SWITCH_N_EXT_BSCAN.u_bufg_icon_tck/O
    X2Y3 (CLOCK_ROOT)    net (fo=494, routed)         0.956     6.075    dbg_hub/inst/BSCANID.u_xsdbm_id/CORE_XSDB.UUT_MASTER/U_ICON_INTERFACE/U_CMD6_WR/U_WR_FIFO/SUBCORE_FIFO.xsdbm_v3_0_0_wrfifo_inst/inst_fifo_gen/gconvfifo.rf/grf.rf/gntv_or_sync_fifo.gl0.wr/wpntr/wr_clk
    SLICE_X42Y234        FDCE                                         r  dbg_hub/inst/BSCANID.u_xsdbm_id/CORE_XSDB.UUT_MASTER/U_ICON_INTERFACE/U_CMD6_WR/U_WR_FIFO/SUBCORE_FIFO.xsdbm_v3_0_0_wrfifo_inst/inst_fifo_gen/gconvfifo.rf/grf.rf/gntv_or_sync_fifo.gl0.wr/wpntr/gic0.gc0.count_reg[3]/C
                         clock pessimism             -4.135     1.940    
    SLICE_X42Y234        FDCE (Remov_HFF2_SLICEL_C_CLR)
                                                     -0.020     1.920    dbg_hub/inst/BSCANID.u_xsdbm_id/CORE_XSDB.UUT_MASTER/U_ICON_INTERFACE/U_CMD6_WR/U_WR_FIFO/SUBCORE_FIFO.xsdbm_v3_0_0_wrfifo_inst/inst_fifo_gen/gconvfifo.rf/grf.rf/gntv_or_sync_fifo.gl0.wr/wpntr/gic0.gc0.count_reg[3]
  -------------------------------------------------------------------
                         required time                         -1.920    
                         arrival time                           2.037    
  -------------------------------------------------------------------
                         slack                                  0.117    

Slack (MET) :             0.135ns  (arrival time - required time)
  Source:                 dbg_hub/inst/BSCANID.u_xsdbm_id/CORE_XSDB.UUT_MASTER/U_ICON_INTERFACE/U_CMD6_RD/U_RD_FIFO/SUBCORE_FIFO.xsdbm_v3_0_0_rdfifo_inst/inst_fifo_gen/gconvfifo.rf/grf.rf/rstblk/ngwrdrst.grst.g7serrst.rd_rst_reg_reg[2]/C
                            (rising edge-triggered cell FDPE clocked by dbg_hub/inst/BSCANID.u_xsdbm_id/SWITCH_N_EXT_BSCAN.bscan_inst/SERIES7_BSCAN.bscan_inst/INTERNAL_TCK  {rise@0.000ns fall@25.000ns period=50.000ns})
  Destination:            dbg_hub/inst/BSCANID.u_xsdbm_id/CORE_XSDB.UUT_MASTER/U_ICON_INTERFACE/U_CMD6_RD/U_RD_FIFO/SUBCORE_FIFO.xsdbm_v3_0_0_rdfifo_inst/inst_fifo_gen/gconvfifo.rf/grf.rf/gntv_or_sync_fifo.gl0.rd/gr1.gr1_int.rfwft/aempty_fwft_fb_i_reg/PRE
                            (removal check against rising-edge clock dbg_hub/inst/BSCANID.u_xsdbm_id/SWITCH_N_EXT_BSCAN.bscan_inst/SERIES7_BSCAN.bscan_inst/INTERNAL_TCK  {rise@0.000ns fall@25.000ns period=50.000ns})
  Path Group:             **async_default**
  Path Type:              Removal (Min at Fast Process Corner)
  Requirement:            0.000ns  (dbg_hub/inst/BSCANID.u_xsdbm_id/SWITCH_N_EXT_BSCAN.bscan_inst/SERIES7_BSCAN.bscan_inst/INTERNAL_TCK rise@0.000ns - dbg_hub/inst/BSCANID.u_xsdbm_id/SWITCH_N_EXT_BSCAN.bscan_inst/SERIES7_BSCAN.bscan_inst/INTERNAL_TCK rise@0.000ns)
  Data Path Delay:        0.162ns  (logic 0.039ns (24.074%)  route 0.123ns (75.926%))
  Logic Levels:           0  
  Clock Path Skew:        0.047ns (DCD - SCD - CPR)
    Destination Clock Delay (DCD):    6.084ns
    Source Clock Delay      (SCD):    1.937ns
    Clock Pessimism Removal (CPR):    4.100ns
  Clock Net Delay (Source):      0.852ns (routing 0.393ns, distribution 0.459ns)
  Clock Net Delay (Destination): 0.965ns (routing 0.437ns, distribution 0.528ns)

    Location             Delay type                Incr(ns)  Path(ns)    Netlist Resource(s)
  -------------------------------------------------------------------    -------------------
                         (clock dbg_hub/inst/BSCANID.u_xsdbm_id/SWITCH_N_EXT_BSCAN.bscan_inst/SERIES7_BSCAN.bscan_inst/INTERNAL_TCK rise edge)
                                                      0.000     0.000 r  
    CONFIG_SITE_X0Y0     BSCANE2                      0.000     0.000 r  dbg_hub/inst/BSCANID.u_xsdbm_id/SWITCH_N_EXT_BSCAN.bscan_inst/SERIES7_BSCAN.bscan_inst/INTERNAL_TCK
    CONFIG_SITE_X0Y0     BSCANE2 (Prop_BSCAN1_CONFIG_SITE_INTERNAL_TCK_TCK)
                                                      0.465     0.465 r  dbg_hub/inst/BSCANID.u_xsdbm_id/SWITCH_N_EXT_BSCAN.bscan_inst/SERIES7_BSCAN.bscan_inst/TCK
                         net (fo=1, routed)           0.603     1.068    dbg_hub/inst/BSCANID.u_xsdbm_id/tck_bs
    BUFGCE_X0Y50         BUFGCE (Prop_BUFCE_BUFGCE_I_O)
                                                      0.017     1.085 r  dbg_hub/inst/BSCANID.u_xsdbm_id/SWITCH_N_EXT_BSCAN.u_bufg_icon_tck/O
    X2Y3 (CLOCK_ROOT)    net (fo=494, routed)         0.852     1.937    dbg_hub/inst/BSCANID.u_xsdbm_id/CORE_XSDB.UUT_MASTER/U_ICON_INTERFACE/U_CMD6_RD/U_RD_FIFO/SUBCORE_FIFO.xsdbm_v3_0_0_rdfifo_inst/inst_fifo_gen/gconvfifo.rf/grf.rf/rstblk/rd_clk
    SLICE_X48Y229        FDPE                                         r  dbg_hub/inst/BSCANID.u_xsdbm_id/CORE_XSDB.UUT_MASTER/U_ICON_INTERFACE/U_CMD6_RD/U_RD_FIFO/SUBCORE_FIFO.xsdbm_v3_0_0_rdfifo_inst/inst_fifo_gen/gconvfifo.rf/grf.rf/rstblk/ngwrdrst.grst.g7serrst.rd_rst_reg_reg[2]/C
  -------------------------------------------------------------------    -------------------
    SLICE_X48Y229        FDPE (Prop_FFF_SLICEL_C_Q)
                                                      0.039     1.976 f  dbg_hub/inst/BSCANID.u_xsdbm_id/CORE_XSDB.UUT_MASTER/U_ICON_INTERFACE/U_CMD6_RD/U_RD_FIFO/SUBCORE_FIFO.xsdbm_v3_0_0_rdfifo_inst/inst_fifo_gen/gconvfifo.rf/grf.rf/rstblk/ngwrdrst.grst.g7serrst.rd_rst_reg_reg[2]/Q
                         net (fo=18, routed)          0.123     2.099    dbg_hub/inst/BSCANID.u_xsdbm_id/CORE_XSDB.UUT_MASTER/U_ICON_INTERFACE/U_CMD6_RD/U_RD_FIFO/SUBCORE_FIFO.xsdbm_v3_0_0_rdfifo_inst/inst_fifo_gen/gconvfifo.rf/grf.rf/gntv_or_sync_fifo.gl0.rd/gr1.gr1_int.rfwft/out[1]
    SLICE_X47Y230        FDPE                                         f  dbg_hub/inst/BSCANID.u_xsdbm_id/CORE_XSDB.UUT_MASTER/U_ICON_INTERFACE/U_CMD6_RD/U_RD_FIFO/SUBCORE_FIFO.xsdbm_v3_0_0_rdfifo_inst/inst_fifo_gen/gconvfifo.rf/grf.rf/gntv_or_sync_fifo.gl0.rd/gr1.gr1_int.rfwft/aempty_fwft_fb_i_reg/PRE
  -------------------------------------------------------------------    -------------------

                         (clock dbg_hub/inst/BSCANID.u_xsdbm_id/SWITCH_N_EXT_BSCAN.bscan_inst/SERIES7_BSCAN.bscan_inst/INTERNAL_TCK rise edge)
                                                      0.000     0.000 r  
    CONFIG_SITE_X0Y0     BSCANE2                      0.000     0.000 r  dbg_hub/inst/BSCANID.u_xsdbm_id/SWITCH_N_EXT_BSCAN.bscan_inst/SERIES7_BSCAN.bscan_inst/INTERNAL_TCK
    CONFIG_SITE_X0Y0     BSCANE2 (Prop_BSCAN1_CONFIG_SITE_INTERNAL_TCK_TCK)
                                                      4.300     4.300 r  dbg_hub/inst/BSCANID.u_xsdbm_id/SWITCH_N_EXT_BSCAN.bscan_inst/SERIES7_BSCAN.bscan_inst/TCK
                         net (fo=1, routed)           0.800     5.100    dbg_hub/inst/BSCANID.u_xsdbm_id/tck_bs
    BUFGCE_X0Y50         BUFGCE (Prop_BUFCE_BUFGCE_I_O)
                                                      0.019     5.119 r  dbg_hub/inst/BSCANID.u_xsdbm_id/SWITCH_N_EXT_BSCAN.u_bufg_icon_tck/O
    X2Y3 (CLOCK_ROOT)    net (fo=494, routed)         0.965     6.084    dbg_hub/inst/BSCANID.u_xsdbm_id/CORE_XSDB.UUT_MASTER/U_ICON_INTERFACE/U_CMD6_RD/U_RD_FIFO/SUBCORE_FIFO.xsdbm_v3_0_0_rdfifo_inst/inst_fifo_gen/gconvfifo.rf/grf.rf/gntv_or_sync_fifo.gl0.rd/gr1.gr1_int.rfwft/rd_clk
    SLICE_X47Y230        FDPE                                         r  dbg_hub/inst/BSCANID.u_xsdbm_id/CORE_XSDB.UUT_MASTER/U_ICON_INTERFACE/U_CMD6_RD/U_RD_FIFO/SUBCORE_FIFO.xsdbm_v3_0_0_rdfifo_inst/inst_fifo_gen/gconvfifo.rf/grf.rf/gntv_or_sync_fifo.gl0.rd/gr1.gr1_int.rfwft/aempty_fwft_fb_i_reg/C
                         clock pessimism             -4.100     1.984    
    SLICE_X47Y230        FDPE (Remov_EFF_SLICEL_C_PRE)
                                                     -0.020     1.964    dbg_hub/inst/BSCANID.u_xsdbm_id/CORE_XSDB.UUT_MASTER/U_ICON_INTERFACE/U_CMD6_RD/U_RD_FIFO/SUBCORE_FIFO.xsdbm_v3_0_0_rdfifo_inst/inst_fifo_gen/gconvfifo.rf/grf.rf/gntv_or_sync_fifo.gl0.rd/gr1.gr1_int.rfwft/aempty_fwft_fb_i_reg
  -------------------------------------------------------------------
                         required time                         -1.964    
                         arrival time                           2.099    
  -------------------------------------------------------------------
                         slack                                  0.135    





